title_id,show_title,qid,market,lang,article,date,views
T01,Agent Kim Reactivated,Q139553270,DE,de,Agent Kim Reactivated,2026-06-01,0
T01,Agent Kim Reactivated,Q139553270,DE,de,Agent Kim Reactivated,2026-06-02,0
T01,Agent Kim Reactivated,Q139553270,DE,de,Agent Kim Reactivated,2026-06-03,0
T01,Agent Kim Reactivated,Q139553270,DE,de,Agent Kim Reactivated,2026-06-04,0
T01,Agent Kim Reactivated,Q139553270,DE,de,Agent Kim Reactivated,2026-06-05,0
T01,Agent Kim Reactivated,Q139553270,DE,de,Agent Kim Reactivated,2026-06-06,0
T01,Agent Kim Reactivated,Q139553270,DE,de,Agent Kim Reactivated,2026-06-07,0
T01,Agent Kim Reactivated,Q139553270,DE,de,Agent Kim Reactivated,2026-06-08,0
T01,Agent Kim Reactivated,Q139553270,DE,de,Agent Kim Reactivated,2026-06-09,0
T01,Agent Kim Reactivated,Q139553270,DE,de,Agent Kim Reactivated,2026-06-10,0
T01,Agent Kim Reactivated,Q139553270,DE,de,Agent Kim Reactivated,2026-06-11,0
T01,Agent Kim Reactivated,Q139553270,DE,de,Agent Kim Reactivated,2026-06-12,0
T01,Agent Kim Reactivated,Q139553270,DE,de,Agent Kim Reactivated,2026-06-13,0
T01,Agent Kim Reactivated,Q139553270,DE,de,Agent Kim Reactivated,2026-06-14,0
T01,Agent Kim Reactivated,Q139553270,DE,de,Agent Kim Reactivated,2026-06-15,10
T01,Agent Kim Reactivated,Q139553270,DE,de,Agent Kim Reactivated,2026-06-16,27
T01,Agent Kim Reactivated,Q139553270,DE,de,Agent Kim Reactivated,2026-06-17,10
T01,Agent Kim Reactivated,Q139553270,DE,de,Agent Kim Reactivated,2026-06-18,7
T01,Agent Kim Reactivated,Q139553270,DE,de,Agent Kim Reactivated,2026-06-19,3
T01,Agent Kim Reactivated,Q139553270,DE,de,Agent Kim Reactivated,2026-06-20,10
T01,Agent Kim Reactivated,Q139553270,DE,de,Agent Kim Reactivated,2026-06-21,9
T01,Agent Kim Reactivated,Q139553270,DE,de,Agent Kim Reactivated,2026-06-22,7
T01,Agent Kim Reactivated,Q139553270,DE,de,Agent Kim Reactivated,2026-06-23,13
T01,Agent Kim Reactivated,Q139553270,DE,de,Agent Kim Reactivated,2026-06-24,9
T01,Agent Kim Reactivated,Q139553270,DE,de,Agent Kim Reactivated,2026-06-25,11
T01,Agent Kim Reactivated,Q139553270,DE,de,Agent Kim Reactivated,2026-06-26,389
T01,Agent Kim Reactivated,Q139553270,DE,de,Agent Kim Reactivated,2026-06-27,1162
T01,Agent Kim Reactivated,Q139553270,DE,de,Agent Kim Reactivated,2026-06-28,1756
T01,Agent Kim Reactivated,Q139553270,DE,de,Agent Kim Reactivated,2026-06-29,931
T01,Agent Kim Reactivated,Q139553270,DE,de,Agent Kim Reactivated,2026-06-30,739
T01,Agent Kim Reactivated,Q139553270,DE,de,Agent Kim Reactivated,2026-07-01,633
T01,Agent Kim Reactivated,Q139553270,DE,de,Agent Kim Reactivated,2026-07-02,626
T01,Agent Kim Reactivated,Q139553270,DE,de,Agent Kim Reactivated,2026-07-03,799
T01,Agent Kim Reactivated,Q139553270,DE,de,Agent Kim Reactivated,2026-07-04,1051
T01,Agent Kim Reactivated,Q139553270,DE,de,Agent Kim Reactivated,2026-07-05,1249
T01,Agent Kim Reactivated,Q139553270,DE,de,Agent Kim Reactivated,2026-07-06,899
T01,Agent Kim Reactivated,Q139553270,DE,de,Agent Kim Reactivated,2026-07-07,835
T01,Agent Kim Reactivated,Q139553270,DE,de,Agent Kim Reactivated,2026-07-08,724
T01,Agent Kim Reactivated,Q139553270,DE,de,Agent Kim Reactivated,2026-07-09,699
T01,Agent Kim Reactivated,Q139553270,DE,de,Agent Kim Reactivated,2026-07-10,753
T01,Agent Kim Reactivated,Q139553270,DE,de,Agent Kim Reactivated,2026-07-11,1090
T01,Agent Kim Reactivated,Q139553270,DE,de,Agent Kim Reactivated,2026-07-12,1216
T01,Agent Kim Reactivated,Q139553270,DE,de,Agent Kim Reactivated,2026-07-13,1042
T01,Agent Kim Reactivated,Q139553270,DE,de,Agent Kim Reactivated,2026-07-14,858
T01,Agent Kim Reactivated,Q139553270,DE,de,Agent Kim Reactivated,2026-07-15,751
T01,Agent Kim Reactivated,Q139553270,DE,de,Agent Kim Reactivated,2026-07-16,761
T01,Agent Kim Reactivated,Q139553270,DE,de,Agent Kim Reactivated,2026-07-17,1113
T01,Agent Kim Reactivated,Q139553270,DE,de,Agent Kim Reactivated,2026-07-18,1414
T01,Agent Kim Reactivated,Q139553270,DE,de,Agent Kim Reactivated,2026-07-19,1239
T01,Agent Kim Reactivated,Q139553270,DE,de,Agent Kim Reactivated,2026-07-20,1025
T01,Agent Kim Reactivated,Q139553270,DE,de,Agent Kim Reactivated,2026-07-21,929
T01,Agent Kim Reactivated,Q139553270,DE,de,Agent Kim Reactivated,2026-07-22,795
T01,Agent Kim Reactivated,Q139553270,DE,de,Agent Kim Reactivated,2026-07-23,757
T01,Agent Kim Reactivated,Q139553270,DE,de,Agent Kim Reactivated,2026-07-24,920
T01,Agent Kim Reactivated,Q139553270,DE,de,Agent Kim Reactivated,2026-07-25,1374
T01,Agent Kim Reactivated,Q139553270,DE,de,Agent Kim Reactivated,2026-07-26,1685
T01,Agent Kim Reactivated,Q139553270,DE,de,Agent Kim Reactivated,2026-07-27,1247
T01,Agent Kim Reactivated,Q139553270,DE,de,Agent Kim Reactivated,2026-07-28,942
T01,Agent Kim Reactivated,Q139553270,DE,de,Agent Kim Reactivated,2026-07-29,823
T01,Agent Kim Reactivated,Q139553270,DE,de,Agent Kim Reactivated,2026-07-30,807
T01,Agent Kim Reactivated,Q139553270,DE,de,Agent Kim Reactivated,2026-07-31,699
T01,Agent Kim Reactivated,Q139553270,DE,de,Agent Kim Reactivated,2026-08-01,765
T01,Agent Kim Reactivated,Q139553270,DE,de,Agent Kim Reactivated,2026-08-02,816
T01,Agent Kim Reactivated,Q139553270,DE,de,Agent Kim Reactivated,2026-08-03,598
T01,Agent Kim Reactivated,Q139553270,DE,de,Agent Kim Reactivated,2026-08-04,508
T01,Agent Kim Reactivated,Q139553270,DE,de,Agent Kim Reactivated,2026-08-05,430
T01,Agent Kim Reactivated,Q139553270,DE,de,Agent Kim Reactivated,2026-08-06,423
T01,Agent Kim Reactivated,Q139553270,DE,de,Agent Kim Reactivated,2026-08-07,360
T01,Agent Kim Reactivated,Q139553270,DE,de,Agent Kim Reactivated,2026-08-08,399
T01,Agent Kim Reactivated,Q139553270,DE,de,Agent Kim Reactivated,2026-08-09,487
T01,Agent Kim Reactivated,Q139553270,DE,de,Agent Kim Reactivated,2026-08-10,382
T01,Agent Kim Reactivated,Q139553270,DE,de,Agent Kim Reactivated,2026-08-11,344
T01,Agent Kim Reactivated,Q139553270,DE,de,Agent Kim Reactivated,2026-08-12,264
T01,Agent Kim Reactivated,Q139553270,DE,de,Agent Kim Reactivated,2026-08-13,301
T01,Agent Kim Reactivated,Q139553270,DE,de,Agent Kim Reactivated,2026-08-14,221
T01,Agent Kim Reactivated,Q139553270,DE,de,Agent Kim Reactivated,2026-08-15,243
T01,Agent Kim Reactivated,Q139553270,DE,de,Agent Kim Reactivated,2026-08-16,347
T01,Agent Kim Reactivated,Q139553270,DE,de,Agent Kim Reactivated,2026-08-17,283
T01,Agent Kim Reactivated,Q139553270,DE,de,Agent Kim Reactivated,2026-08-18,281
T01,Agent Kim Reactivated,Q139553270,DE,de,Agent Kim Reactivated,2026-08-19,248
T01,Agent Kim Reactivated,Q139553270,DE,de,Agent Kim Reactivated,2026-08-20,253
T01,Agent Kim Reactivated,Q139553270,DE,de,Agent Kim Reactivated,2026-08-21,243
T01,Agent Kim Reactivated,Q139553270,DE,de,Agent Kim Reactivated,2026-08-22,225
T01,Agent Kim Reactivated,Q139553270,DE,de,Agent Kim Reactivated,2026-08-23,287
T01,Agent Kim Reactivated,Q139553270,DE,de,Agent Kim Reactivated,2026-08-24,197
T01,Agent Kim Reactivated,Q139553270,DE,de,Agent Kim Reactivated,2026-08-25,212
T01,Agent Kim Reactivated,Q139553270,DE,de,Agent Kim Reactivated,2026-08-26,216
T01,Agent Kim Reactivated,Q139553270,DE,de,Agent Kim Reactivated,2026-08-27,187
T01,Agent Kim Reactivated,Q139553270,DE,de,Agent Kim Reactivated,2026-08-28,180
T01,Agent Kim Reactivated,Q139553270,DE,de,Agent Kim Reactivated,2026-08-29,176
T01,Agent Kim Reactivated,Q139553270,DE,de,Agent Kim Reactivated,2026-08-30,242
T01,Agent Kim Reactivated,Q139553270,DE,de,Agent Kim Reactivated,2026-08-31,202
T01,Agent Kim Reactivated,Q139553270,DE,de,Agent Kim Reactivated,2026-09-01,188
T01,Agent Kim Reactivated,Q139553270,DE,de,Agent Kim Reactivated,2026-09-02,147
T01,Agent Kim Reactivated,Q139553270,DE,de,Agent Kim Reactivated,2026-09-03,153
T01,Agent Kim Reactivated,Q139553270,DE,de,Agent Kim Reactivated,2026-09-04,150
T01,Agent Kim Reactivated,Q139553270,DE,de,Agent Kim Reactivated,2026-09-05,150
T01,Agent Kim Reactivated,Q139553270,DE,de,Agent Kim Reactivated,2026-09-06,163
T01,Agent Kim Reactivated,Q139553270,DE,de,Agent Kim Reactivated,2026-09-07,134
T01,Agent Kim Reactivated,Q139553270,DE,de,Agent Kim Reactivated,2026-09-08,136
T01,Agent Kim Reactivated,Q139553270,DE,de,Agent Kim Reactivated,2026-09-09,123
T01,Agent Kim Reactivated,Q139553270,DE,de,Agent Kim Reactivated,2026-09-10,141
T01,Agent Kim Reactivated,Q139553270,DE,de,Agent Kim Reactivated,2026-09-11,131
T01,Agent Kim Reactivated,Q139553270,DE,de,Agent Kim Reactivated,2026-09-12,131
T01,Agent Kim Reactivated,Q139553270,DE,de,Agent Kim Reactivated,2026-09-13,174
T01,Agent Kim Reactivated,Q139553270,DE,de,Agent Kim Reactivated,2026-09-14,142
T01,Agent Kim Reactivated,Q139553270,DE,de,Agent Kim Reactivated,2026-09-15,134
T01,Agent Kim Reactivated,Q139553270,DE,de,Agent Kim Reactivated,2026-09-16,131
T01,Agent Kim Reactivated,Q139553270,DE,de,Agent Kim Reactivated,2026-09-17,149
T01,Agent Kim Reactivated,Q139553270,DE,de,Agent Kim Reactivated,2026-09-18,164
T01,Agent Kim Reactivated,Q139553270,DE,de,Agent Kim Reactivated,2026-09-19,176
T01,Agent Kim Reactivated,Q139553270,DE,de,Agent Kim Reactivated,2026-09-20,204
T01,Agent Kim Reactivated,Q139553270,FR,fr,Agent Kim Reactivated,2026-06-01,0
T01,Agent Kim Reactivated,Q139553270,FR,fr,Agent Kim Reactivated,2026-06-02,0
T01,Agent Kim Reactivated,Q139553270,FR,fr,Agent Kim Reactivated,2026-06-03,0
T01,Agent Kim Reactivated,Q139553270,FR,fr,Agent Kim Reactivated,2026-06-04,0
T01,Agent Kim Reactivated,Q139553270,FR,fr,Agent Kim Reactivated,2026-06-05,0
T01,Agent Kim Reactivated,Q139553270,FR,fr,Agent Kim Reactivated,2026-06-06,0
T01,Agent Kim Reactivated,Q139553270,FR,fr,Agent Kim Reactivated,2026-06-07,0
T01,Agent Kim Reactivated,Q139553270,FR,fr,Agent Kim Reactivated,2026-06-08,0
T01,Agent Kim Reactivated,Q139553270,FR,fr,Agent Kim Reactivated,2026-06-09,0
T01,Agent Kim Reactivated,Q139553270,FR,fr,Agent Kim Reactivated,2026-06-10,0
T01,Agent Kim Reactivated,Q139553270,FR,fr,Agent Kim Reactivated,2026-06-11,0
T01,Agent Kim Reactivated,Q139553270,FR,fr,Agent Kim Reactivated,2026-06-12,0
T01,Agent Kim Reactivated,Q139553270,FR,fr,Agent Kim Reactivated,2026-06-13,0
T01,Agent Kim Reactivated,Q139553270,FR,fr,Agent Kim Reactivated,2026-06-14,0
T01,Agent Kim Reactivated,Q139553270,FR,fr,Agent Kim Reactivated,2026-06-15,0
T01,Agent Kim Reactivated,Q139553270,FR,fr,Agent Kim Reactivated,2026-06-16,0
T01,Agent Kim Reactivated,Q139553270,FR,fr,Agent Kim Reactivated,2026-06-17,0
T01,Agent Kim Reactivated,Q139553270,FR,fr,Agent Kim Reactivated,2026-06-18,0
T01,Agent Kim Reactivated,Q139553270,FR,fr,Agent Kim Reactivated,2026-06-19,0
T01,Agent Kim Reactivated,Q139553270,FR,fr,Agent Kim Reactivated,2026-06-20,0
T01,Agent Kim Reactivated,Q139553270,FR,fr,Agent Kim Reactivated,2026-06-21,0
T01,Agent Kim Reactivated,Q139553270,FR,fr,Agent Kim Reactivated,2026-06-22,0
T01,Agent Kim Reactivated,Q139553270,FR,fr,Agent Kim Reactivated,2026-06-23,0
T01,Agent Kim Reactivated,Q139553270,FR,fr,Agent Kim Reactivated,2026-06-24,0
T01,Agent Kim Reactivated,Q139553270,FR,fr,Agent Kim Reactivated,2026-06-25,0
T01,Agent Kim Reactivated,Q139553270,FR,fr,Agent Kim Reactivated,2026-06-26,0
T01,Agent Kim Reactivated,Q139553270,FR,fr,Agent Kim Reactivated,2026-06-27,0
T01,Agent Kim Reactivated,Q139553270,FR,fr,Agent Kim Reactivated,2026-06-28,0
T01,Agent Kim Reactivated,Q139553270,FR,fr,Agent Kim Reactivated,2026-06-29,0
T01,Agent Kim Reactivated,Q139553270,FR,fr,Agent Kim Reactivated,2026-06-30,0
T01,Agent Kim Reactivated,Q139553270,FR,fr,Agent Kim Reactivated,2026-07-01,0
T01,Agent Kim Reactivated,Q139553270,FR,fr,Agent Kim Reactivated,2026-07-02,0
T01,Agent Kim Reactivated,Q139553270,FR,fr,Agent Kim Reactivated,2026-07-03,0
T01,Agent Kim Reactivated,Q139553270,FR,fr,Agent Kim Reactivated,2026-07-04,0
T01,Agent Kim Reactivated,Q139553270,FR,fr,Agent Kim Reactivated,2026-07-05,0
T01,Agent Kim Reactivated,Q139553270,FR,fr,Agent Kim Reactivated,2026-07-06,0
T01,Agent Kim Reactivated,Q139553270,FR,fr,Agent Kim Reactivated,2026-07-07,0
T01,Agent Kim Reactivated,Q139553270,FR,fr,Agent Kim Reactivated,2026-07-08,0
T01,Agent Kim Reactivated,Q139553270,FR,fr,Agent Kim Reactivated,2026-07-09,0
T01,Agent Kim Reactivated,Q139553270,FR,fr,Agent Kim Reactivated,2026-07-10,0
T01,Agent Kim Reactivated,Q139553270,FR,fr,Agent Kim Reactivated,2026-07-11,0
T01,Agent Kim Reactivated,Q139553270,FR,fr,Agent Kim Reactivated,2026-07-12,166
T01,Agent Kim Reactivated,Q139553270,FR,fr,Agent Kim Reactivated,2026-07-13,440
T01,Agent Kim Reactivated,Q139553270,FR,fr,Agent Kim Reactivated,2026-07-14,367
T01,Agent Kim Reactivated,Q139553270,FR,fr,Agent Kim Reactivated,2026-07-15,347
T01,Agent Kim Reactivated,Q139553270,FR,fr,Agent Kim Reactivated,2026-07-16,308
T01,Agent Kim Reactivated,Q139553270,FR,fr,Agent Kim Reactivated,2026-07-17,535
T01,Agent Kim Reactivated,Q139553270,FR,fr,Agent Kim Reactivated,2026-07-18,668
T01,Agent Kim Reactivated,Q139553270,FR,fr,Agent Kim Reactivated,2026-07-19,1598
T01,Agent Kim Reactivated,Q139553270,FR,fr,Agent Kim Reactivated,2026-07-20,1498
T01,Agent Kim Reactivated,Q139553270,FR,fr,Agent Kim Reactivated,2026-07-21,1228
T01,Agent Kim Reactivated,Q139553270,FR,fr,Agent Kim Reactivated,2026-07-22,1207
T01,Agent Kim Reactivated,Q139553270,FR,fr,Agent Kim Reactivated,2026-07-23,1111
T01,Agent Kim Reactivated,Q139553270,FR,fr,Agent Kim Reactivated,2026-07-24,1404
T01,Agent Kim Reactivated,Q139553270,FR,fr,Agent Kim Reactivated,2026-07-25,2308
T01,Agent Kim Reactivated,Q139553270,FR,fr,Agent Kim Reactivated,2026-07-26,2473
T01,Agent Kim Reactivated,Q139553270,FR,fr,Agent Kim Reactivated,2026-07-27,1892
T01,Agent Kim Reactivated,Q139553270,FR,fr,Agent Kim Reactivated,2026-07-28,1519
T01,Agent Kim Reactivated,Q139553270,FR,fr,Agent Kim Reactivated,2026-07-29,1467
T01,Agent Kim Reactivated,Q139553270,FR,fr,Agent Kim Reactivated,2026-07-30,1418
T01,Agent Kim Reactivated,Q139553270,FR,fr,Agent Kim Reactivated,2026-07-31,1201
T01,Agent Kim Reactivated,Q139553270,FR,fr,Agent Kim Reactivated,2026-08-01,1267
T01,Agent Kim Reactivated,Q139553270,FR,fr,Agent Kim Reactivated,2026-08-02,1332
T01,Agent Kim Reactivated,Q139553270,FR,fr,Agent Kim Reactivated,2026-08-03,1190
T01,Agent Kim Reactivated,Q139553270,FR,fr,Agent Kim Reactivated,2026-08-04,952
T01,Agent Kim Reactivated,Q139553270,FR,fr,Agent Kim Reactivated,2026-08-05,849
T01,Agent Kim Reactivated,Q139553270,FR,fr,Agent Kim Reactivated,2026-08-06,845
T01,Agent Kim Reactivated,Q139553270,FR,fr,Agent Kim Reactivated,2026-08-07,780
T01,Agent Kim Reactivated,Q139553270,FR,fr,Agent Kim Reactivated,2026-08-08,703
T01,Agent Kim Reactivated,Q139553270,FR,fr,Agent Kim Reactivated,2026-08-09,747
T01,Agent Kim Reactivated,Q139553270,FR,fr,Agent Kim Reactivated,2026-08-10,613
T01,Agent Kim Reactivated,Q139553270,FR,fr,Agent Kim Reactivated,2026-08-11,651
T01,Agent Kim Reactivated,Q139553270,FR,fr,Agent Kim Reactivated,2026-08-12,504
T01,Agent Kim Reactivated,Q139553270,FR,fr,Agent Kim Reactivated,2026-08-13,505
T01,Agent Kim Reactivated,Q139553270,FR,fr,Agent Kim Reactivated,2026-08-14,513
T01,Agent Kim Reactivated,Q139553270,FR,fr,Agent Kim Reactivated,2026-08-15,515
T01,Agent Kim Reactivated,Q139553270,FR,fr,Agent Kim Reactivated,2026-08-16,565
T01,Agent Kim Reactivated,Q139553270,FR,fr,Agent Kim Reactivated,2026-08-17,522
T01,Agent Kim Reactivated,Q139553270,FR,fr,Agent Kim Reactivated,2026-08-18,425
T01,Agent Kim Reactivated,Q139553270,FR,fr,Agent Kim Reactivated,2026-08-19,505
T01,Agent Kim Reactivated,Q139553270,FR,fr,Agent Kim Reactivated,2026-08-20,417
T01,Agent Kim Reactivated,Q139553270,FR,fr,Agent Kim Reactivated,2026-08-21,394
T01,Agent Kim Reactivated,Q139553270,FR,fr,Agent Kim Reactivated,2026-08-22,425
T01,Agent Kim Reactivated,Q139553270,FR,fr,Agent Kim Reactivated,2026-08-23,522
T01,Agent Kim Reactivated,Q139553270,FR,fr,Agent Kim Reactivated,2026-08-24,387
T01,Agent Kim Reactivated,Q139553270,FR,fr,Agent Kim Reactivated,2026-08-25,388
T01,Agent Kim Reactivated,Q139553270,FR,fr,Agent Kim Reactivated,2026-08-26,371
T01,Agent Kim Reactivated,Q139553270,FR,fr,Agent Kim Reactivated,2026-08-27,336
T01,Agent Kim Reactivated,Q139553270,FR,fr,Agent Kim Reactivated,2026-08-28,289
T01,Agent Kim Reactivated,Q139553270,FR,fr,Agent Kim Reactivated,2026-08-29,333
T01,Agent Kim Reactivated,Q139553270,FR,fr,Agent Kim Reactivated,2026-08-30,463
T01,Agent Kim Reactivated,Q139553270,FR,fr,Agent Kim Reactivated,2026-08-31,326
T01,Agent Kim Reactivated,Q139553270,FR,fr,Agent Kim Reactivated,2026-09-01,308
T01,Agent Kim Reactivated,Q139553270,FR,fr,Agent Kim Reactivated,2026-09-02,267
T01,Agent Kim Reactivated,Q139553270,FR,fr,Agent Kim Reactivated,2026-09-03,284
T01,Agent Kim Reactivated,Q139553270,FR,fr,Agent Kim Reactivated,2026-09-04,278
T01,Agent Kim Reactivated,Q139553270,FR,fr,Agent Kim Reactivated,2026-09-05,299
T01,Agent Kim Reactivated,Q139553270,FR,fr,Agent Kim Reactivated,2026-09-06,354
T01,Agent Kim Reactivated,Q139553270,FR,fr,Agent Kim Reactivated,2026-09-07,247
T01,Agent Kim Reactivated,Q139553270,FR,fr,Agent Kim Reactivated,2026-09-08,257
T01,Agent Kim Reactivated,Q139553270,FR,fr,Agent Kim Reactivated,2026-09-09,228
T01,Agent Kim Reactivated,Q139553270,FR,fr,Agent Kim Reactivated,2026-09-10,250
T01,Agent Kim Reactivated,Q139553270,FR,fr,Agent Kim Reactivated,2026-09-11,210
T01,Agent Kim Reactivated,Q139553270,FR,fr,Agent Kim Reactivated,2026-09-12,187
T01,Agent Kim Reactivated,Q139553270,FR,fr,Agent Kim Reactivated,2026-09-13,261
T01,Agent Kim Reactivated,Q139553270,FR,fr,Agent Kim Reactivated,2026-09-14,255
T01,Agent Kim Reactivated,Q139553270,FR,fr,Agent Kim Reactivated,2026-09-15,199
T01,Agent Kim Reactivated,Q139553270,FR,fr,Agent Kim Reactivated,2026-09-16,200
T01,Agent Kim Reactivated,Q139553270,FR,fr,Agent Kim Reactivated,2026-09-17,207
T01,Agent Kim Reactivated,Q139553270,FR,fr,Agent Kim Reactivated,2026-09-18,205
T01,Agent Kim Reactivated,Q139553270,FR,fr,Agent Kim Reactivated,2026-09-19,194
T01,Agent Kim Reactivated,Q139553270,FR,fr,Agent Kim Reactivated,2026-09-20,218
T01,Agent Kim Reactivated,Q139553270,IT,it,Agent Kim Reactivated,2026-06-01,0
T01,Agent Kim Reactivated,Q139553270,IT,it,Agent Kim Reactivated,2026-06-02,0
T01,Agent Kim Reactivated,Q139553270,IT,it,Agent Kim Reactivated,2026-06-03,0
T01,Agent Kim Reactivated,Q139553270,IT,it,Agent Kim Reactivated,2026-06-04,0
T01,Agent Kim Reactivated,Q139553270,IT,it,Agent Kim Reactivated,2026-06-05,0
T01,Agent Kim Reactivated,Q139553270,IT,it,Agent Kim Reactivated,2026-06-06,0
T01,Agent Kim Reactivated,Q139553270,IT,it,Agent Kim Reactivated,2026-06-07,0
T01,Agent Kim Reactivated,Q139553270,IT,it,Agent Kim Reactivated,2026-06-08,0
T01,Agent Kim Reactivated,Q139553270,IT,it,Agent Kim Reactivated,2026-06-09,0
T01,Agent Kim Reactivated,Q139553270,IT,it,Agent Kim Reactivated,2026-06-10,0
T01,Agent Kim Reactivated,Q139553270,IT,it,Agent Kim Reactivated,2026-06-11,0
T01,Agent Kim Reactivated,Q139553270,IT,it,Agent Kim Reactivated,2026-06-12,0
T01,Agent Kim Reactivated,Q139553270,IT,it,Agent Kim Reactivated,2026-06-13,0
T01,Agent Kim Reactivated,Q139553270,IT,it,Agent Kim Reactivated,2026-06-14,0
T01,Agent Kim Reactivated,Q139553270,IT,it,Agent Kim Reactivated,2026-06-15,0
T01,Agent Kim Reactivated,Q139553270,IT,it,Agent Kim Reactivated,2026-06-16,0
T01,Agent Kim Reactivated,Q139553270,IT,it,Agent Kim Reactivated,2026-06-17,0
T01,Agent Kim Reactivated,Q139553270,IT,it,Agent Kim Reactivated,2026-06-18,0
T01,Agent Kim Reactivated,Q139553270,IT,it,Agent Kim Reactivated,2026-06-19,0
T01,Agent Kim Reactivated,Q139553270,IT,it,Agent Kim Reactivated,2026-06-20,0
T01,Agent Kim Reactivated,Q139553270,IT,it,Agent Kim Reactivated,2026-06-21,0
T01,Agent Kim Reactivated,Q139553270,IT,it,Agent Kim Reactivated,2026-06-22,0
T01,Agent Kim Reactivated,Q139553270,IT,it,Agent Kim Reactivated,2026-06-23,0
T01,Agent Kim Reactivated,Q139553270,IT,it,Agent Kim Reactivated,2026-06-24,0
T01,Agent Kim Reactivated,Q139553270,IT,it,Agent Kim Reactivated,2026-06-25,0
T01,Agent Kim Reactivated,Q139553270,IT,it,Agent Kim Reactivated,2026-06-26,0
T01,Agent Kim Reactivated,Q139553270,IT,it,Agent Kim Reactivated,2026-06-27,0
T01,Agent Kim Reactivated,Q139553270,IT,it,Agent Kim Reactivated,2026-06-28,0
T01,Agent Kim Reactivated,Q139553270,IT,it,Agent Kim Reactivated,2026-06-29,0
T01,Agent Kim Reactivated,Q139553270,IT,it,Agent Kim Reactivated,2026-06-30,0
T01,Agent Kim Reactivated,Q139553270,IT,it,Agent Kim Reactivated,2026-07-01,0
T01,Agent Kim Reactivated,Q139553270,IT,it,Agent Kim Reactivated,2026-07-02,0
T01,Agent Kim Reactivated,Q139553270,IT,it,Agent Kim Reactivated,2026-07-03,0
T01,Agent Kim Reactivated,Q139553270,IT,it,Agent Kim Reactivated,2026-07-04,0
T01,Agent Kim Reactivated,Q139553270,IT,it,Agent Kim Reactivated,2026-07-05,0
T01,Agent Kim Reactivated,Q139553270,IT,it,Agent Kim Reactivated,2026-07-06,0
T01,Agent Kim Reactivated,Q139553270,IT,it,Agent Kim Reactivated,2026-07-07,0
T01,Agent Kim Reactivated,Q139553270,IT,it,Agent Kim Reactivated,2026-07-08,0
T01,Agent Kim Reactivated,Q139553270,IT,it,Agent Kim Reactivated,2026-07-09,0
T01,Agent Kim Reactivated,Q139553270,IT,it,Agent Kim Reactivated,2026-07-10,0
T01,Agent Kim Reactivated,Q139553270,IT,it,Agent Kim Reactivated,2026-07-11,0
T01,Agent Kim Reactivated,Q139553270,IT,it,Agent Kim Reactivated,2026-07-12,0
T01,Agent Kim Reactivated,Q139553270,IT,it,Agent Kim Reactivated,2026-07-13,0
T01,Agent Kim Reactivated,Q139553270,IT,it,Agent Kim Reactivated,2026-07-14,0
T01,Agent Kim Reactivated,Q139553270,IT,it,Agent Kim Reactivated,2026-07-15,0
T01,Agent Kim Reactivated,Q139553270,IT,it,Agent Kim Reactivated,2026-07-16,0
T01,Agent Kim Reactivated,Q139553270,IT,it,Agent Kim Reactivated,2026-07-17,0
T01,Agent Kim Reactivated,Q139553270,IT,it,Agent Kim Reactivated,2026-07-18,0
T01,Agent Kim Reactivated,Q139553270,IT,it,Agent Kim Reactivated,2026-07-19,0
T01,Agent Kim Reactivated,Q139553270,IT,it,Agent Kim Reactivated,2026-07-20,0
T01,Agent Kim Reactivated,Q139553270,IT,it,Agent Kim Reactivated,2026-07-21,0
T01,Agent Kim Reactivated,Q139553270,IT,it,Agent Kim Reactivated,2026-07-22,0
T01,Agent Kim Reactivated,Q139553270,IT,it,Agent Kim Reactivated,2026-07-23,0
T01,Agent Kim Reactivated,Q139553270,IT,it,Agent Kim Reactivated,2026-07-24,0
T01,Agent Kim Reactivated,Q139553270,IT,it,Agent Kim Reactivated,2026-07-25,0
T01,Agent Kim Reactivated,Q139553270,IT,it,Agent Kim Reactivated,2026-07-26,0
T01,Agent Kim Reactivated,Q139553270,IT,it,Agent Kim Reactivated,2026-07-27,0
T01,Agent Kim Reactivated,Q139553270,IT,it,Agent Kim Reactivated,2026-07-28,0
T01,Agent Kim Reactivated,Q139553270,IT,it,Agent Kim Reactivated,2026-07-29,0
T01,Agent Kim Reactivated,Q139553270,IT,it,Agent Kim Reactivated,2026-07-30,0
T01,Agent Kim Reactivated,Q139553270,IT,it,Agent Kim Reactivated,2026-07-31,0
T01,Agent Kim Reactivated,Q139553270,IT,it,Agent Kim Reactivated,2026-08-01,0
T01,Agent Kim Reactivated,Q139553270,IT,it,Agent Kim Reactivated,2026-08-02,0
T01,Agent Kim Reactivated,Q139553270,IT,it,Agent Kim Reactivated,2026-08-03,0
T01,Agent Kim Reactivated,Q139553270,IT,it,Agent Kim Reactivated,2026-08-04,0
T01,Agent Kim Reactivated,Q139553270,IT,it,Agent Kim Reactivated,2026-08-05,0
T01,Agent Kim Reactivated,Q139553270,IT,it,Agent Kim Reactivated,2026-08-06,0
T01,Agent Kim Reactivated,Q139553270,IT,it,Agent Kim Reactivated,2026-08-07,0
T01,Agent Kim Reactivated,Q139553270,IT,it,Agent Kim Reactivated,2026-08-08,43
T01,Agent Kim Reactivated,Q139553270,IT,it,Agent Kim Reactivated,2026-08-09,70
T01,Agent Kim Reactivated,Q139553270,IT,it,Agent Kim Reactivated,2026-08-10,62
T01,Agent Kim Reactivated,Q139553270,IT,it,Agent Kim Reactivated,2026-08-11,55
T01,Agent Kim Reactivated,Q139553270,IT,it,Agent Kim Reactivated,2026-08-12,45
T01,Agent Kim Reactivated,Q139553270,IT,it,Agent Kim Reactivated,2026-08-13,50
T01,Agent Kim Reactivated,Q139553270,IT,it,Agent Kim Reactivated,2026-08-14,59
T01,Agent Kim Reactivated,Q139553270,IT,it,Agent Kim Reactivated,2026-08-15,38
T01,Agent Kim Reactivated,Q139553270,IT,it,Agent Kim Reactivated,2026-08-16,45
T01,Agent Kim Reactivated,Q139553270,IT,it,Agent Kim Reactivated,2026-08-17,47
T01,Agent Kim Reactivated,Q139553270,IT,it,Agent Kim Reactivated,2026-08-18,95
T01,Agent Kim Reactivated,Q139553270,IT,it,Agent Kim Reactivated,2026-08-19,70
T01,Agent Kim Reactivated,Q139553270,IT,it,Agent Kim Reactivated,2026-08-20,86
T01,Agent Kim Reactivated,Q139553270,IT,it,Agent Kim Reactivated,2026-08-21,127
T01,Agent Kim Reactivated,Q139553270,IT,it,Agent Kim Reactivated,2026-08-22,99
T01,Agent Kim Reactivated,Q139553270,IT,it,Agent Kim Reactivated,2026-08-23,93
T01,Agent Kim Reactivated,Q139553270,IT,it,Agent Kim Reactivated,2026-08-24,78
T01,Agent Kim Reactivated,Q139553270,IT,it,Agent Kim Reactivated,2026-08-25,83
T01,Agent Kim Reactivated,Q139553270,IT,it,Agent Kim Reactivated,2026-08-26,92
T01,Agent Kim Reactivated,Q139553270,IT,it,Agent Kim Reactivated,2026-08-27,94
T01,Agent Kim Reactivated,Q139553270,IT,it,Agent Kim Reactivated,2026-08-28,111
T01,Agent Kim Reactivated,Q139553270,IT,it,Agent Kim Reactivated,2026-08-29,111
T01,Agent Kim Reactivated,Q139553270,IT,it,Agent Kim Reactivated,2026-08-30,119
T01,Agent Kim Reactivated,Q139553270,IT,it,Agent Kim Reactivated,2026-08-31,94
T01,Agent Kim Reactivated,Q139553270,IT,it,Agent Kim Reactivated,2026-09-01,83
T01,Agent Kim Reactivated,Q139553270,IT,it,Agent Kim Reactivated,2026-09-02,73
T01,Agent Kim Reactivated,Q139553270,IT,it,Agent Kim Reactivated,2026-09-03,74
T01,Agent Kim Reactivated,Q139553270,IT,it,Agent Kim Reactivated,2026-09-04,67
T01,Agent Kim Reactivated,Q139553270,IT,it,Agent Kim Reactivated,2026-09-05,84
T01,Agent Kim Reactivated,Q139553270,IT,it,Agent Kim Reactivated,2026-09-06,102
T01,Agent Kim Reactivated,Q139553270,IT,it,Agent Kim Reactivated,2026-09-07,74
T01,Agent Kim Reactivated,Q139553270,IT,it,Agent Kim Reactivated,2026-09-08,66
T01,Agent Kim Reactivated,Q139553270,IT,it,Agent Kim Reactivated,2026-09-09,76
T01,Agent Kim Reactivated,Q139553270,IT,it,Agent Kim Reactivated,2026-09-10,45
T01,Agent Kim Reactivated,Q139553270,IT,it,Agent Kim Reactivated,2026-09-11,62
T01,Agent Kim Reactivated,Q139553270,IT,it,Agent Kim Reactivated,2026-09-12,71
T01,Agent Kim Reactivated,Q139553270,IT,it,Agent Kim Reactivated,2026-09-13,90
T01,Agent Kim Reactivated,Q139553270,IT,it,Agent Kim Reactivated,2026-09-14,47
T01,Agent Kim Reactivated,Q139553270,IT,it,Agent Kim Reactivated,2026-09-15,57
T01,Agent Kim Reactivated,Q139553270,IT,it,Agent Kim Reactivated,2026-09-16,54
T01,Agent Kim Reactivated,Q139553270,IT,it,Agent Kim Reactivated,2026-09-17,53
T01,Agent Kim Reactivated,Q139553270,IT,it,Agent Kim Reactivated,2026-09-18,51
T01,Agent Kim Reactivated,Q139553270,IT,it,Agent Kim Reactivated,2026-09-19,47
T01,Agent Kim Reactivated,Q139553270,IT,it,Agent Kim Reactivated,2026-09-20,77
T01,Agent Kim Reactivated,Q139553270,KR,ko,김부장,2026-06-01,168
T01,Agent Kim Reactivated,Q139553270,KR,ko,김부장,2026-06-02,124
T01,Agent Kim Reactivated,Q139553270,KR,ko,김부장,2026-06-03,107
T01,Agent Kim Reactivated,Q139553270,KR,ko,김부장,2026-06-04,126
T01,Agent Kim Reactivated,Q139553270,KR,ko,김부장,2026-06-05,213
T01,Agent Kim Reactivated,Q139553270,KR,ko,김부장,2026-06-06,171
T01,Agent Kim Reactivated,Q139553270,KR,ko,김부장,2026-06-07,120
T01,Agent Kim Reactivated,Q139553270,KR,ko,김부장,2026-06-08,117
T01,Agent Kim Reactivated,Q139553270,KR,ko,김부장,2026-06-09,70
T01,Agent Kim Reactivated,Q139553270,KR,ko,김부장,2026-06-10,84
T01,Agent Kim Reactivated,Q139553270,KR,ko,김부장,2026-06-11,68
T01,Agent Kim Reactivated,Q139553270,KR,ko,김부장,2026-06-12,91
T01,Agent Kim Reactivated,Q139553270,KR,ko,김부장,2026-06-13,169
T01,Agent Kim Reactivated,Q139553270,KR,ko,김부장,2026-06-14,155
T01,Agent Kim Reactivated,Q139553270,KR,ko,김부장,2026-06-15,197
T01,Agent Kim Reactivated,Q139553270,KR,ko,김부장,2026-06-16,143
T01,Agent Kim Reactivated,Q139553270,KR,ko,김부장,2026-06-17,170
T01,Agent Kim Reactivated,Q139553270,KR,ko,김부장,2026-06-18,133
T01,Agent Kim Reactivated,Q139553270,KR,ko,김부장,2026-06-19,168
T01,Agent Kim Reactivated,Q139553270,KR,ko,김부장,2026-06-20,250
T01,Agent Kim Reactivated,Q139553270,KR,ko,김부장,2026-06-21,306
T01,Agent Kim Reactivated,Q139553270,KR,ko,김부장,2026-06-22,211
T01,Agent Kim Reactivated,Q139553270,KR,ko,김부장,2026-06-23,223
T01,Agent Kim Reactivated,Q139553270,KR,ko,김부장,2026-06-24,213
T01,Agent Kim Reactivated,Q139553270,KR,ko,김부장,2026-06-25,267
T01,Agent Kim Reactivated,Q139553270,KR,ko,김부장,2026-06-26,2525
T01,Agent Kim Reactivated,Q139553270,KR,ko,김부장,2026-06-27,4747
T01,Agent Kim Reactivated,Q139553270,KR,ko,김부장,2026-06-28,3229
T01,Agent Kim Reactivated,Q139553270,KR,ko,김부장,2026-06-29,1685
T01,Agent Kim Reactivated,Q139553270,KR,ko,김부장,2026-06-30,1067
T01,Agent Kim Reactivated,Q139553270,KR,ko,김부장,2026-07-01,1118
T01,Agent Kim Reactivated,Q139553270,KR,ko,김부장,2026-07-02,1085
T01,Agent Kim Reactivated,Q139553270,KR,ko,김부장,2026-07-03,5659
T01,Agent Kim Reactivated,Q139553270,KR,ko,김부장,2026-07-04,6461
T01,Agent Kim Reactivated,Q139553270,KR,ko,김부장,2026-07-05,3559
T01,Agent Kim Reactivated,Q139553270,KR,ko,김부장,2026-07-06,1909
T01,Agent Kim Reactivated,Q139553270,KR,ko,김부장,2026-07-07,1425
T01,Agent Kim Reactivated,Q139553270,KR,ko,김부장,2026-07-08,1004
T01,Agent Kim Reactivated,Q139553270,KR,ko,김부장,2026-07-09,933
T01,Agent Kim Reactivated,Q139553270,KR,ko,김부장,2026-07-10,5306
T01,Agent Kim Reactivated,Q139553270,KR,ko,김부장,2026-07-11,4790
T01,Agent Kim Reactivated,Q139553270,KR,ko,김부장,2026-07-12,2382
T01,Agent Kim Reactivated,Q139553270,KR,ko,김부장,2026-07-13,1498
T01,Agent Kim Reactivated,Q139553270,KR,ko,김부장,2026-07-14,962
T01,Agent Kim Reactivated,Q139553270,KR,ko,김부장,2026-07-15,848
T01,Agent Kim Reactivated,Q139553270,KR,ko,김부장,2026-07-16,904
T01,Agent Kim Reactivated,Q139553270,KR,ko,김부장,2026-07-17,7479
T01,Agent Kim Reactivated,Q139553270,KR,ko,김부장,2026-07-18,6586
T01,Agent Kim Reactivated,Q139553270,KR,ko,김부장,2026-07-19,3089
T01,Agent Kim Reactivated,Q139553270,KR,ko,김부장,2026-07-20,1490
T01,Agent Kim Reactivated,Q139553270,KR,ko,김부장,2026-07-21,1181
T01,Agent Kim Reactivated,Q139553270,KR,ko,김부장,2026-07-22,994
T01,Agent Kim Reactivated,Q139553270,KR,ko,김부장,2026-07-23,704
T01,Agent Kim Reactivated,Q139553270,KR,ko,김부장,2026-07-24,2888
T01,Agent Kim Reactivated,Q139553270,KR,ko,김부장,2026-07-25,3566
T01,Agent Kim Reactivated,Q139553270,KR,ko,김부장,2026-07-26,1976
T01,Agent Kim Reactivated,Q139553270,KR,ko,김부장,2026-07-27,999
T01,Agent Kim Reactivated,Q139553270,KR,ko,김부장,2026-07-28,954
T01,Agent Kim Reactivated,Q139553270,KR,ko,김부장,2026-07-29,753
T01,Agent Kim Reactivated,Q139553270,KR,ko,김부장,2026-07-30,661
T01,Agent Kim Reactivated,Q139553270,KR,ko,김부장,2026-07-31,887
T01,Agent Kim Reactivated,Q139553270,KR,ko,김부장,2026-08-01,880
T01,Agent Kim Reactivated,Q139553270,KR,ko,김부장,2026-08-02,732
T01,Agent Kim Reactivated,Q139553270,KR,ko,김부장,2026-08-03,464
T01,Agent Kim Reactivated,Q139553270,KR,ko,김부장,2026-08-04,334
T01,Agent Kim Reactivated,Q139553270,KR,ko,김부장,2026-08-05,318
T01,Agent Kim Reactivated,Q139553270,KR,ko,김부장,2026-08-06,273
T01,Agent Kim Reactivated,Q139553270,KR,ko,김부장,2026-08-07,269
T01,Agent Kim Reactivated,Q139553270,KR,ko,김부장,2026-08-08,371
T01,Agent Kim Reactivated,Q139553270,KR,ko,김부장,2026-08-09,297
T01,Agent Kim Reactivated,Q139553270,KR,ko,김부장,2026-08-10,186
T01,Agent Kim Reactivated,Q139553270,KR,ko,김부장,2026-08-11,147
T01,Agent Kim Reactivated,Q139553270,KR,ko,김부장,2026-08-12,123
T01,Agent Kim Reactivated,Q139553270,KR,ko,김부장,2026-08-13,117
T01,Agent Kim Reactivated,Q139553270,KR,ko,김부장,2026-08-14,148
T01,Agent Kim Reactivated,Q139553270,KR,ko,김부장,2026-08-15,126
T01,Agent Kim Reactivated,Q139553270,KR,ko,김부장,2026-08-16,176
T01,Agent Kim Reactivated,Q139553270,KR,ko,김부장,2026-08-17,125
T01,Agent Kim Reactivated,Q139553270,KR,ko,김부장,2026-08-18,113
T01,Agent Kim Reactivated,Q139553270,KR,ko,김부장,2026-08-19,104
T01,Agent Kim Reactivated,Q139553270,KR,ko,김부장,2026-08-20,113
T01,Agent Kim Reactivated,Q139553270,KR,ko,김부장,2026-08-21,86
T01,Agent Kim Reactivated,Q139553270,KR,ko,김부장,2026-08-22,102
T01,Agent Kim Reactivated,Q139553270,KR,ko,김부장,2026-08-23,94
T01,Agent Kim Reactivated,Q139553270,KR,ko,김부장,2026-08-24,78
T01,Agent Kim Reactivated,Q139553270,KR,ko,김부장,2026-08-25,63
T01,Agent Kim Reactivated,Q139553270,KR,ko,김부장,2026-08-26,50
T01,Agent Kim Reactivated,Q139553270,KR,ko,김부장,2026-08-27,64
T01,Agent Kim Reactivated,Q139553270,KR,ko,김부장,2026-08-28,96
T01,Agent Kim Reactivated,Q139553270,KR,ko,김부장,2026-08-29,114
T01,Agent Kim Reactivated,Q139553270,KR,ko,김부장,2026-08-30,86
T01,Agent Kim Reactivated,Q139553270,KR,ko,김부장,2026-08-31,77
T01,Agent Kim Reactivated,Q139553270,KR,ko,김부장,2026-09-01,70
T01,Agent Kim Reactivated,Q139553270,KR,ko,김부장,2026-09-02,75
T01,Agent Kim Reactivated,Q139553270,KR,ko,김부장,2026-09-03,87
T01,Agent Kim Reactivated,Q139553270,KR,ko,김부장,2026-09-04,80
T01,Agent Kim Reactivated,Q139553270,KR,ko,김부장,2026-09-05,100
T01,Agent Kim Reactivated,Q139553270,KR,ko,김부장,2026-09-06,95
T01,Agent Kim Reactivated,Q139553270,KR,ko,김부장,2026-09-07,55
T01,Agent Kim Reactivated,Q139553270,KR,ko,김부장,2026-09-08,70
T01,Agent Kim Reactivated,Q139553270,KR,ko,김부장,2026-09-09,67
T01,Agent Kim Reactivated,Q139553270,KR,ko,김부장,2026-09-10,72
T01,Agent Kim Reactivated,Q139553270,KR,ko,김부장,2026-09-11,106
T01,Agent Kim Reactivated,Q139553270,KR,ko,김부장,2026-09-12,63
T01,Agent Kim Reactivated,Q139553270,KR,ko,김부장,2026-09-13,77
T01,Agent Kim Reactivated,Q139553270,KR,ko,김부장,2026-09-14,63
T01,Agent Kim Reactivated,Q139553270,KR,ko,김부장,2026-09-15,66
T01,Agent Kim Reactivated,Q139553270,KR,ko,김부장,2026-09-16,55
T01,Agent Kim Reactivated,Q139553270,KR,ko,김부장,2026-09-17,59
T01,Agent Kim Reactivated,Q139553270,KR,ko,김부장,2026-09-18,74
T01,Agent Kim Reactivated,Q139553270,KR,ko,김부장,2026-09-19,98
T01,Agent Kim Reactivated,Q139553270,KR,ko,김부장,2026-09-20,43
T02,The Last House,Q129165193,DE,de,The Last House,2026-06-01,0
T02,The Last House,Q129165193,DE,de,The Last House,2026-06-02,0
T02,The Last House,Q129165193,DE,de,The Last House,2026-06-03,0
T02,The Last House,Q129165193,DE,de,The Last House,2026-06-04,0
T02,The Last House,Q129165193,DE,de,The Last House,2026-06-05,0
T02,The Last House,Q129165193,DE,de,The Last House,2026-06-06,0
T02,The Last House,Q129165193,DE,de,The Last House,2026-06-07,0
T02,The Last House,Q129165193,DE,de,The Last House,2026-06-08,0
T02,The Last House,Q129165193,DE,de,The Last House,2026-06-09,0
T02,The Last House,Q129165193,DE,de,The Last House,2026-06-10,0
T02,The Last House,Q129165193,DE,de,The Last House,2026-06-11,0
T02,The Last House,Q129165193,DE,de,The Last House,2026-06-12,0
T02,The Last House,Q129165193,DE,de,The Last House,2026-06-13,0
T02,The Last House,Q129165193,DE,de,The Last House,2026-06-14,0
T02,The Last House,Q129165193,DE,de,The Last House,2026-06-15,0
T02,The Last House,Q129165193,DE,de,The Last House,2026-06-16,0
T02,The Last House,Q129165193,DE,de,The Last House,2026-06-17,0
T02,The Last House,Q129165193,DE,de,The Last House,2026-06-18,0
T02,The Last House,Q129165193,DE,de,The Last House,2026-06-19,0
T02,The Last House,Q129165193,DE,de,The Last House,2026-06-20,0
T02,The Last House,Q129165193,DE,de,The Last House,2026-06-21,0
T02,The Last House,Q129165193,DE,de,The Last House,2026-06-22,0
T02,The Last House,Q129165193,DE,de,The Last House,2026-06-23,0
T02,The Last House,Q129165193,DE,de,The Last House,2026-06-24,0
T02,The Last House,Q129165193,DE,de,The Last House,2026-06-25,0
T02,The Last House,Q129165193,DE,de,The Last House,2026-06-26,0
T02,The Last House,Q129165193,DE,de,The Last House,2026-06-27,0
T02,The Last House,Q129165193,DE,de,The Last House,2026-06-28,0
T02,The Last House,Q129165193,DE,de,The Last House,2026-06-29,0
T02,The Last House,Q129165193,DE,de,The Last House,2026-06-30,9
T02,The Last House,Q129165193,DE,de,The Last House,2026-07-01,33
T02,The Last House,Q129165193,DE,de,The Last House,2026-07-02,45
T02,The Last House,Q129165193,DE,de,The Last House,2026-07-03,40
T02,The Last House,Q129165193,DE,de,The Last House,2026-07-04,64
T02,The Last House,Q129165193,DE,de,The Last House,2026-07-05,98
T02,The Last House,Q129165193,DE,de,The Last House,2026-07-06,52
T02,The Last House,Q129165193,DE,de,The Last House,2026-07-07,65
T02,The Last House,Q129165193,DE,de,The Last House,2026-07-08,78
T02,The Last House,Q129165193,DE,de,The Last House,2026-07-09,64
T02,The Last House,Q129165193,DE,de,The Last House,2026-07-10,142
T02,The Last House,Q129165193,DE,de,The Last House,2026-07-11,359
T02,The Last House,Q129165193,DE,de,The Last House,2026-07-12,1408
T02,The Last House,Q129165193,DE,de,The Last House,2026-07-13,405
T02,The Last House,Q129165193,DE,de,The Last House,2026-07-14,314
T02,The Last House,Q129165193,DE,de,The Last House,2026-07-15,246
T02,The Last House,Q129165193,DE,de,The Last House,2026-07-16,272
T02,The Last House,Q129165193,DE,de,The Last House,2026-07-17,263
T02,The Last House,Q129165193,DE,de,The Last House,2026-07-18,313
T02,The Last House,Q129165193,DE,de,The Last House,2026-07-19,345
T02,The Last House,Q129165193,DE,de,The Last House,2026-07-20,398
T02,The Last House,Q129165193,DE,de,The Last House,2026-07-21,265
T02,The Last House,Q129165193,DE,de,The Last House,2026-07-22,288
T02,The Last House,Q129165193,DE,de,The Last House,2026-07-23,253
T02,The Last House,Q129165193,DE,de,The Last House,2026-07-24,328
T02,The Last House,Q129165193,DE,de,The Last House,2026-07-25,323
T02,The Last House,Q129165193,DE,de,The Last House,2026-07-26,418
T02,The Last House,Q129165193,DE,de,The Last House,2026-07-27,322
T02,The Last House,Q129165193,DE,de,The Last House,2026-07-28,250
T02,The Last House,Q129165193,DE,de,The Last House,2026-07-29,222
T02,The Last House,Q129165193,DE,de,The Last House,2026-07-30,226
T02,The Last House,Q129165193,DE,de,The Last House,2026-07-31,274
T02,The Last House,Q129165193,DE,de,The Last House,2026-08-01,336
T02,The Last House,Q129165193,DE,de,The Last House,2026-08-02,295
T02,The Last House,Q129165193,DE,de,The Last House,2026-08-03,290
T02,The Last House,Q129165193,DE,de,The Last House,2026-08-04,262
T02,The Last House,Q129165193,DE,de,The Last House,2026-08-05,341
T02,The Last House,Q129165193,DE,de,The Last House,2026-08-06,549
T02,The Last House,Q129165193,DE,de,The Last House,2026-08-07,9097
T02,The Last House,Q129165193,DE,de,The Last House,2026-08-08,11622
T02,The Last House,Q129165193,DE,de,The Last House,2026-08-09,13116
T02,The Last House,Q129165193,DE,de,The Last House,2026-08-10,9312
T02,The Last House,Q129165193,DE,de,The Last House,2026-08-11,8179
T02,The Last House,Q129165193,DE,de,The Last House,2026-08-12,5512
T02,The Last House,Q129165193,DE,de,The Last House,2026-08-13,5252
T02,The Last House,Q129165193,DE,de,The Last House,2026-08-14,5408
T02,The Last House,Q129165193,DE,de,The Last House,2026-08-15,5924
T02,The Last House,Q129165193,DE,de,The Last House,2026-08-16,5936
T02,The Last House,Q129165193,DE,de,The Last House,2026-08-17,3972
T02,The Last House,Q129165193,DE,de,The Last House,2026-08-18,3185
T02,The Last House,Q129165193,DE,de,The Last House,2026-08-19,2631
T02,The Last House,Q129165193,DE,de,The Last House,2026-08-20,2260
T02,The Last House,Q129165193,DE,de,The Last House,2026-08-21,2689
T02,The Last House,Q129165193,DE,de,The Last House,2026-08-22,2810
T02,The Last House,Q129165193,DE,de,The Last House,2026-08-23,2876
T02,The Last House,Q129165193,DE,de,The Last House,2026-08-24,1591
T02,The Last House,Q129165193,DE,de,The Last House,2026-08-25,1602
T02,The Last House,Q129165193,DE,de,The Last House,2026-08-26,1349
T02,The Last House,Q129165193,DE,de,The Last House,2026-08-27,1119
T02,The Last House,Q129165193,DE,de,The Last House,2026-08-28,1487
T02,The Last House,Q129165193,DE,de,The Last House,2026-08-29,1614
T02,The Last House,Q129165193,DE,de,The Last House,2026-08-30,1570
T02,The Last House,Q129165193,DE,de,The Last House,2026-08-31,1038
T02,The Last House,Q129165193,DE,de,The Last House,2026-09-01,839
T02,The Last House,Q129165193,DE,de,The Last House,2026-09-02,603
T02,The Last House,Q129165193,DE,de,The Last House,2026-09-03,607
T02,The Last House,Q129165193,DE,de,The Last House,2026-09-04,699
T02,The Last House,Q129165193,DE,de,The Last House,2026-09-05,924
T02,The Last House,Q129165193,DE,de,The Last House,2026-09-06,901
T02,The Last House,Q129165193,DE,de,The Last House,2026-09-07,585
T02,The Last House,Q129165193,DE,de,The Last House,2026-09-08,619
T02,The Last House,Q129165193,DE,de,The Last House,2026-09-09,504
T02,The Last House,Q129165193,DE,de,The Last House,2026-09-10,546
T02,The Last House,Q129165193,DE,de,The Last House,2026-09-11,742
T02,The Last House,Q129165193,DE,de,The Last House,2026-09-12,778
T02,The Last House,Q129165193,DE,de,The Last House,2026-09-13,835
T02,The Last House,Q129165193,DE,de,The Last House,2026-09-14,464
T02,The Last House,Q129165193,DE,de,The Last House,2026-09-15,347
T02,The Last House,Q129165193,DE,de,The Last House,2026-09-16,344
T02,The Last House,Q129165193,DE,de,The Last House,2026-09-17,320
T02,The Last House,Q129165193,DE,de,The Last House,2026-09-18,464
T02,The Last House,Q129165193,DE,de,The Last House,2026-09-19,525
T02,The Last House,Q129165193,DE,de,The Last House,2026-09-20,641
T02,The Last House,Q129165193,FR,fr,"Le Dernier Refuge (film, 2026)",2026-06-01,0
T02,The Last House,Q129165193,FR,fr,"Le Dernier Refuge (film, 2026)",2026-06-02,0
T02,The Last House,Q129165193,FR,fr,"Le Dernier Refuge (film, 2026)",2026-06-03,0
T02,The Last House,Q129165193,FR,fr,"Le Dernier Refuge (film, 2026)",2026-06-04,0
T02,The Last House,Q129165193,FR,fr,"Le Dernier Refuge (film, 2026)",2026-06-05,0
T02,The Last House,Q129165193,FR,fr,"Le Dernier Refuge (film, 2026)",2026-06-06,0
T02,The Last House,Q129165193,FR,fr,"Le Dernier Refuge (film, 2026)",2026-06-07,0
T02,The Last House,Q129165193,FR,fr,"Le Dernier Refuge (film, 2026)",2026-06-08,0
T02,The Last House,Q129165193,FR,fr,"Le Dernier Refuge (film, 2026)",2026-06-09,0
T02,The Last House,Q129165193,FR,fr,"Le Dernier Refuge (film, 2026)",2026-06-10,0
T02,The Last House,Q129165193,FR,fr,"Le Dernier Refuge (film, 2026)",2026-06-11,0
T02,The Last House,Q129165193,FR,fr,"Le Dernier Refuge (film, 2026)",2026-06-12,0
T02,The Last House,Q129165193,FR,fr,"Le Dernier Refuge (film, 2026)",2026-06-13,0
T02,The Last House,Q129165193,FR,fr,"Le Dernier Refuge (film, 2026)",2026-06-14,0
T02,The Last House,Q129165193,FR,fr,"Le Dernier Refuge (film, 2026)",2026-06-15,0
T02,The Last House,Q129165193,FR,fr,"Le Dernier Refuge (film, 2026)",2026-06-16,0
T02,The Last House,Q129165193,FR,fr,"Le Dernier Refuge (film, 2026)",2026-06-17,0
T02,The Last House,Q129165193,FR,fr,"Le Dernier Refuge (film, 2026)",2026-06-18,0
T02,The Last House,Q129165193,FR,fr,"Le Dernier Refuge (film, 2026)",2026-06-19,0
T02,The Last House,Q129165193,FR,fr,"Le Dernier Refuge (film, 2026)",2026-06-20,0
T02,The Last House,Q129165193,FR,fr,"Le Dernier Refuge (film, 2026)",2026-06-21,0
T02,The Last House,Q129165193,FR,fr,"Le Dernier Refuge (film, 2026)",2026-06-22,0
T02,The Last House,Q129165193,FR,fr,"Le Dernier Refuge (film, 2026)",2026-06-23,0
T02,The Last House,Q129165193,FR,fr,"Le Dernier Refuge (film, 2026)",2026-06-24,0
T02,The Last House,Q129165193,FR,fr,"Le Dernier Refuge (film, 2026)",2026-06-25,0
T02,The Last House,Q129165193,FR,fr,"Le Dernier Refuge (film, 2026)",2026-06-26,0
T02,The Last House,Q129165193,FR,fr,"Le Dernier Refuge (film, 2026)",2026-06-27,0
T02,The Last House,Q129165193,FR,fr,"Le Dernier Refuge (film, 2026)",2026-06-28,0
T02,The Last House,Q129165193,FR,fr,"Le Dernier Refuge (film, 2026)",2026-06-29,0
T02,The Last House,Q129165193,FR,fr,"Le Dernier Refuge (film, 2026)",2026-06-30,0
T02,The Last House,Q129165193,FR,fr,"Le Dernier Refuge (film, 2026)",2026-07-01,0
T02,The Last House,Q129165193,FR,fr,"Le Dernier Refuge (film, 2026)",2026-07-02,0
T02,The Last House,Q129165193,FR,fr,"Le Dernier Refuge (film, 2026)",2026-07-03,0
T02,The Last House,Q129165193,FR,fr,"Le Dernier Refuge (film, 2026)",2026-07-04,0
T02,The Last House,Q129165193,FR,fr,"Le Dernier Refuge (film, 2026)",2026-07-05,0
T02,The Last House,Q129165193,FR,fr,"Le Dernier Refuge (film, 2026)",2026-07-06,0
T02,The Last House,Q129165193,FR,fr,"Le Dernier Refuge (film, 2026)",2026-07-07,0
T02,The Last House,Q129165193,FR,fr,"Le Dernier Refuge (film, 2026)",2026-07-08,0
T02,The Last House,Q129165193,FR,fr,"Le Dernier Refuge (film, 2026)",2026-07-09,0
T02,The Last House,Q129165193,FR,fr,"Le Dernier Refuge (film, 2026)",2026-07-10,0
T02,The Last House,Q129165193,FR,fr,"Le Dernier Refuge (film, 2026)",2026-07-11,0
T02,The Last House,Q129165193,FR,fr,"Le Dernier Refuge (film, 2026)",2026-07-12,0
T02,The Last House,Q129165193,FR,fr,"Le Dernier Refuge (film, 2026)",2026-07-13,0
T02,The Last House,Q129165193,FR,fr,"Le Dernier Refuge (film, 2026)",2026-07-14,0
T02,The Last House,Q129165193,FR,fr,"Le Dernier Refuge (film, 2026)",2026-07-15,0
T02,The Last House,Q129165193,FR,fr,"Le Dernier Refuge (film, 2026)",2026-07-16,0
T02,The Last House,Q129165193,FR,fr,"Le Dernier Refuge (film, 2026)",2026-07-17,0
T02,The Last House,Q129165193,FR,fr,"Le Dernier Refuge (film, 2026)",2026-07-18,27
T02,The Last House,Q129165193,FR,fr,"Le Dernier Refuge (film, 2026)",2026-07-19,66
T02,The Last House,Q129165193,FR,fr,"Le Dernier Refuge (film, 2026)",2026-07-20,103
T02,The Last House,Q129165193,FR,fr,"Le Dernier Refuge (film, 2026)",2026-07-21,198
T02,The Last House,Q129165193,FR,fr,"Le Dernier Refuge (film, 2026)",2026-07-22,175
T02,The Last House,Q129165193,FR,fr,"Le Dernier Refuge (film, 2026)",2026-07-23,163
T02,The Last House,Q129165193,FR,fr,"Le Dernier Refuge (film, 2026)",2026-07-24,241
T02,The Last House,Q129165193,FR,fr,"Le Dernier Refuge (film, 2026)",2026-07-25,250
T02,The Last House,Q129165193,FR,fr,"Le Dernier Refuge (film, 2026)",2026-07-26,293
T02,The Last House,Q129165193,FR,fr,"Le Dernier Refuge (film, 2026)",2026-07-27,228
T02,The Last House,Q129165193,FR,fr,"Le Dernier Refuge (film, 2026)",2026-07-28,261
T02,The Last House,Q129165193,FR,fr,"Le Dernier Refuge (film, 2026)",2026-07-29,196
T02,The Last House,Q129165193,FR,fr,"Le Dernier Refuge (film, 2026)",2026-07-30,193
T02,The Last House,Q129165193,FR,fr,"Le Dernier Refuge (film, 2026)",2026-07-31,138
T02,The Last House,Q129165193,FR,fr,"Le Dernier Refuge (film, 2026)",2026-08-01,191
T02,The Last House,Q129165193,FR,fr,"Le Dernier Refuge (film, 2026)",2026-08-02,167
T02,The Last House,Q129165193,FR,fr,"Le Dernier Refuge (film, 2026)",2026-08-03,264
T02,The Last House,Q129165193,FR,fr,"Le Dernier Refuge (film, 2026)",2026-08-04,288
T02,The Last House,Q129165193,FR,fr,"Le Dernier Refuge (film, 2026)",2026-08-05,281
T02,The Last House,Q129165193,FR,fr,"Le Dernier Refuge (film, 2026)",2026-08-06,263
T02,The Last House,Q129165193,FR,fr,"Le Dernier Refuge (film, 2026)",2026-08-07,5961
T02,The Last House,Q129165193,FR,fr,"Le Dernier Refuge (film, 2026)",2026-08-08,6992
T02,The Last House,Q129165193,FR,fr,"Le Dernier Refuge (film, 2026)",2026-08-09,6641
T02,The Last House,Q129165193,FR,fr,"Le Dernier Refuge (film, 2026)",2026-08-10,4611
T02,The Last House,Q129165193,FR,fr,"Le Dernier Refuge (film, 2026)",2026-08-11,3742
T02,The Last House,Q129165193,FR,fr,"Le Dernier Refuge (film, 2026)",2026-08-12,2785
T02,The Last House,Q129165193,FR,fr,"Le Dernier Refuge (film, 2026)",2026-08-13,2909
T02,The Last House,Q129165193,FR,fr,"Le Dernier Refuge (film, 2026)",2026-08-14,2412
T02,The Last House,Q129165193,FR,fr,"Le Dernier Refuge (film, 2026)",2026-08-15,2653
T02,The Last House,Q129165193,FR,fr,"Le Dernier Refuge (film, 2026)",2026-08-16,2542
T02,The Last House,Q129165193,FR,fr,"Le Dernier Refuge (film, 2026)",2026-08-17,2040
T02,The Last House,Q129165193,FR,fr,"Le Dernier Refuge (film, 2026)",2026-08-18,1631
T02,The Last House,Q129165193,FR,fr,"Le Dernier Refuge (film, 2026)",2026-08-19,1702
T02,The Last House,Q129165193,FR,fr,"Le Dernier Refuge (film, 2026)",2026-08-20,1439
T02,The Last House,Q129165193,FR,fr,"Le Dernier Refuge (film, 2026)",2026-08-21,1361
T02,The Last House,Q129165193,FR,fr,"Le Dernier Refuge (film, 2026)",2026-08-22,1235
T02,The Last House,Q129165193,FR,fr,"Le Dernier Refuge (film, 2026)",2026-08-23,1261
T02,The Last House,Q129165193,FR,fr,"Le Dernier Refuge (film, 2026)",2026-08-24,941
T02,The Last House,Q129165193,FR,fr,"Le Dernier Refuge (film, 2026)",2026-08-25,801
T02,The Last House,Q129165193,FR,fr,"Le Dernier Refuge (film, 2026)",2026-08-26,729
T02,The Last House,Q129165193,FR,fr,"Le Dernier Refuge (film, 2026)",2026-08-27,606
T02,The Last House,Q129165193,FR,fr,"Le Dernier Refuge (film, 2026)",2026-08-28,671
T02,The Last House,Q129165193,FR,fr,"Le Dernier Refuge (film, 2026)",2026-08-29,767
T02,The Last House,Q129165193,FR,fr,"Le Dernier Refuge (film, 2026)",2026-08-30,912
T02,The Last House,Q129165193,FR,fr,"Le Dernier Refuge (film, 2026)",2026-08-31,546
T02,The Last House,Q129165193,FR,fr,"Le Dernier Refuge (film, 2026)",2026-09-01,563
T02,The Last House,Q129165193,FR,fr,"Le Dernier Refuge (film, 2026)",2026-09-02,507
T02,The Last House,Q129165193,FR,fr,"Le Dernier Refuge (film, 2026)",2026-09-03,413
T02,The Last House,Q129165193,FR,fr,"Le Dernier Refuge (film, 2026)",2026-09-04,481
T02,The Last House,Q129165193,FR,fr,"Le Dernier Refuge (film, 2026)",2026-09-05,426
T02,The Last House,Q129165193,FR,fr,"Le Dernier Refuge (film, 2026)",2026-09-06,451
T02,The Last House,Q129165193,FR,fr,"Le Dernier Refuge (film, 2026)",2026-09-07,365
T02,The Last House,Q129165193,FR,fr,"Le Dernier Refuge (film, 2026)",2026-09-08,291
T02,The Last House,Q129165193,FR,fr,"Le Dernier Refuge (film, 2026)",2026-09-09,245
T02,The Last House,Q129165193,FR,fr,"Le Dernier Refuge (film, 2026)",2026-09-10,204
T02,The Last House,Q129165193,FR,fr,"Le Dernier Refuge (film, 2026)",2026-09-11,246
T02,The Last House,Q129165193,FR,fr,"Le Dernier Refuge (film, 2026)",2026-09-12,310
T02,The Last House,Q129165193,FR,fr,"Le Dernier Refuge (film, 2026)",2026-09-13,360
T02,The Last House,Q129165193,FR,fr,"Le Dernier Refuge (film, 2026)",2026-09-14,220
T02,The Last House,Q129165193,FR,fr,"Le Dernier Refuge (film, 2026)",2026-09-15,171
T02,The Last House,Q129165193,FR,fr,"Le Dernier Refuge (film, 2026)",2026-09-16,164
T02,The Last House,Q129165193,FR,fr,"Le Dernier Refuge (film, 2026)",2026-09-17,156
T02,The Last House,Q129165193,FR,fr,"Le Dernier Refuge (film, 2026)",2026-09-18,146
T02,The Last House,Q129165193,FR,fr,"Le Dernier Refuge (film, 2026)",2026-09-19,253
T02,The Last House,Q129165193,FR,fr,"Le Dernier Refuge (film, 2026)",2026-09-20,272
T02,The Last House,Q129165193,BR,pt,A Última Casa (2026),2026-06-01,0
T02,The Last House,Q129165193,BR,pt,A Última Casa (2026),2026-06-02,0
T02,The Last House,Q129165193,BR,pt,A Última Casa (2026),2026-06-03,0
T02,The Last House,Q129165193,BR,pt,A Última Casa (2026),2026-06-04,0
T02,The Last House,Q129165193,BR,pt,A Última Casa (2026),2026-06-05,0
T02,The Last House,Q129165193,BR,pt,A Última Casa (2026),2026-06-06,0
T02,The Last House,Q129165193,BR,pt,A Última Casa (2026),2026-06-07,0
T02,The Last House,Q129165193,BR,pt,A Última Casa (2026),2026-06-08,0
T02,The Last House,Q129165193,BR,pt,A Última Casa (2026),2026-06-09,0
T02,The Last House,Q129165193,BR,pt,A Última Casa (2026),2026-06-10,0
T02,The Last House,Q129165193,BR,pt,A Última Casa (2026),2026-06-11,0
T02,The Last House,Q129165193,BR,pt,A Última Casa (2026),2026-06-12,0
T02,The Last House,Q129165193,BR,pt,A Última Casa (2026),2026-06-13,0
T02,The Last House,Q129165193,BR,pt,A Última Casa (2026),2026-06-14,0
T02,The Last House,Q129165193,BR,pt,A Última Casa (2026),2026-06-15,0
T02,The Last House,Q129165193,BR,pt,A Última Casa (2026),2026-06-16,0
T02,The Last House,Q129165193,BR,pt,A Última Casa (2026),2026-06-17,0
T02,The Last House,Q129165193,BR,pt,A Última Casa (2026),2026-06-18,0
T02,The Last House,Q129165193,BR,pt,A Última Casa (2026),2026-06-19,0
T02,The Last House,Q129165193,BR,pt,A Última Casa (2026),2026-06-20,0
T02,The Last House,Q129165193,BR,pt,A Última Casa (2026),2026-06-21,0
T02,The Last House,Q129165193,BR,pt,A Última Casa (2026),2026-06-22,0
T02,The Last House,Q129165193,BR,pt,A Última Casa (2026),2026-06-23,0
T02,The Last House,Q129165193,BR,pt,A Última Casa (2026),2026-06-24,0
T02,The Last House,Q129165193,BR,pt,A Última Casa (2026),2026-06-25,0
T02,The Last House,Q129165193,BR,pt,A Última Casa (2026),2026-06-26,0
T02,The Last House,Q129165193,BR,pt,A Última Casa (2026),2026-06-27,0
T02,The Last House,Q129165193,BR,pt,A Última Casa (2026),2026-06-28,0
T02,The Last House,Q129165193,BR,pt,A Última Casa (2026),2026-06-29,0
T02,The Last House,Q129165193,BR,pt,A Última Casa (2026),2026-06-30,0
T02,The Last House,Q129165193,BR,pt,A Última Casa (2026),2026-07-01,0
T02,The Last House,Q129165193,BR,pt,A Última Casa (2026),2026-07-02,0
T02,The Last House,Q129165193,BR,pt,A Última Casa (2026),2026-07-03,0
T02,The Last House,Q129165193,BR,pt,A Última Casa (2026),2026-07-04,0
T02,The Last House,Q129165193,BR,pt,A Última Casa (2026),2026-07-05,0
T02,The Last House,Q129165193,BR,pt,A Última Casa (2026),2026-07-06,0
T02,The Last House,Q129165193,BR,pt,A Última Casa (2026),2026-07-07,0
T02,The Last House,Q129165193,BR,pt,A Última Casa (2026),2026-07-08,0
T02,The Last House,Q129165193,BR,pt,A Última Casa (2026),2026-07-09,0
T02,The Last House,Q129165193,BR,pt,A Última Casa (2026),2026-07-10,0
T02,The Last House,Q129165193,BR,pt,A Última Casa (2026),2026-07-11,0
T02,The Last House,Q129165193,BR,pt,A Última Casa (2026),2026-07-12,0
T02,The Last House,Q129165193,BR,pt,A Última Casa (2026),2026-07-13,48
T02,The Last House,Q129165193,BR,pt,A Última Casa (2026),2026-07-14,18
T02,The Last House,Q129165193,BR,pt,A Última Casa (2026),2026-07-15,4
T02,The Last House,Q129165193,BR,pt,A Última Casa (2026),2026-07-16,0
T02,The Last House,Q129165193,BR,pt,A Última Casa (2026),2026-07-17,1
T02,The Last House,Q129165193,BR,pt,A Última Casa (2026),2026-07-18,0
T02,The Last House,Q129165193,BR,pt,A Última Casa (2026),2026-07-19,0
T02,The Last House,Q129165193,BR,pt,A Última Casa (2026),2026-07-20,2
T02,The Last House,Q129165193,BR,pt,A Última Casa (2026),2026-07-21,0
T02,The Last House,Q129165193,BR,pt,A Última Casa (2026),2026-07-22,1
T02,The Last House,Q129165193,BR,pt,A Última Casa (2026),2026-07-23,0
T02,The Last House,Q129165193,BR,pt,A Última Casa (2026),2026-07-24,0
T02,The Last House,Q129165193,BR,pt,A Última Casa (2026),2026-07-25,0
T02,The Last House,Q129165193,BR,pt,A Última Casa (2026),2026-07-26,0
T02,The Last House,Q129165193,BR,pt,A Última Casa (2026),2026-07-27,0
T02,The Last House,Q129165193,BR,pt,A Última Casa (2026),2026-07-28,0
T02,The Last House,Q129165193,BR,pt,A Última Casa (2026),2026-07-29,0
T02,The Last House,Q129165193,BR,pt,A Última Casa (2026),2026-07-30,0
T02,The Last House,Q129165193,BR,pt,A Última Casa (2026),2026-07-31,0
T02,The Last House,Q129165193,BR,pt,A Última Casa (2026),2026-08-01,0
T02,The Last House,Q129165193,BR,pt,A Última Casa (2026),2026-08-02,0
T02,The Last House,Q129165193,BR,pt,A Última Casa (2026),2026-08-03,0
T02,The Last House,Q129165193,BR,pt,A Última Casa (2026),2026-08-04,0
T02,The Last House,Q129165193,BR,pt,A Última Casa (2026),2026-08-05,0
T02,The Last House,Q129165193,BR,pt,A Última Casa (2026),2026-08-06,0
T02,The Last House,Q129165193,BR,pt,A Última Casa (2026),2026-08-07,0
T02,The Last House,Q129165193,BR,pt,A Última Casa (2026),2026-08-08,0
T02,The Last House,Q129165193,BR,pt,A Última Casa (2026),2026-08-09,0
T02,The Last House,Q129165193,BR,pt,A Última Casa (2026),2026-08-10,0
T02,The Last House,Q129165193,BR,pt,A Última Casa (2026),2026-08-11,0
T02,The Last House,Q129165193,BR,pt,A Última Casa (2026),2026-08-12,0
T02,The Last House,Q129165193,BR,pt,A Última Casa (2026),2026-08-13,1
T02,The Last House,Q129165193,BR,pt,A Última Casa (2026),2026-08-14,23
T02,The Last House,Q129165193,BR,pt,A Última Casa (2026),2026-08-15,106
T02,The Last House,Q129165193,BR,pt,A Última Casa (2026),2026-08-16,243
T02,The Last House,Q129165193,BR,pt,A Última Casa (2026),2026-08-17,148
T02,The Last House,Q129165193,BR,pt,A Última Casa (2026),2026-08-18,132
T02,The Last House,Q129165193,BR,pt,A Última Casa (2026),2026-08-19,115
T02,The Last House,Q129165193,BR,pt,A Última Casa (2026),2026-08-20,75
T02,The Last House,Q129165193,BR,pt,A Última Casa (2026),2026-08-21,97
T02,The Last House,Q129165193,BR,pt,A Última Casa (2026),2026-08-22,144
T02,The Last House,Q129165193,BR,pt,A Última Casa (2026),2026-08-23,225
T02,The Last House,Q129165193,BR,pt,A Última Casa (2026),2026-08-24,99
T02,The Last House,Q129165193,BR,pt,A Última Casa (2026),2026-08-25,96
T02,The Last House,Q129165193,BR,pt,A Última Casa (2026),2026-08-26,78
T02,The Last House,Q129165193,BR,pt,A Última Casa (2026),2026-08-27,71
T02,The Last House,Q129165193,BR,pt,A Última Casa (2026),2026-08-28,101
T02,The Last House,Q129165193,BR,pt,A Última Casa (2026),2026-08-29,190
T02,The Last House,Q129165193,BR,pt,A Última Casa (2026),2026-08-30,275
T02,The Last House,Q129165193,BR,pt,A Última Casa (2026),2026-08-31,108
T02,The Last House,Q129165193,BR,pt,A Última Casa (2026),2026-09-01,105
T02,The Last House,Q129165193,BR,pt,A Última Casa (2026),2026-09-02,95
T02,The Last House,Q129165193,BR,pt,A Última Casa (2026),2026-09-03,76
T02,The Last House,Q129165193,BR,pt,A Última Casa (2026),2026-09-04,44
T02,The Last House,Q129165193,BR,pt,A Última Casa (2026),2026-09-05,146
T02,The Last House,Q129165193,BR,pt,A Última Casa (2026),2026-09-06,173
T02,The Last House,Q129165193,BR,pt,A Última Casa (2026),2026-09-07,201
T02,The Last House,Q129165193,BR,pt,A Última Casa (2026),2026-09-08,103
T02,The Last House,Q129165193,BR,pt,A Última Casa (2026),2026-09-09,83
T02,The Last House,Q129165193,BR,pt,A Última Casa (2026),2026-09-10,67
T02,The Last House,Q129165193,BR,pt,A Última Casa (2026),2026-09-11,53
T02,The Last House,Q129165193,BR,pt,A Última Casa (2026),2026-09-12,69
T02,The Last House,Q129165193,BR,pt,A Última Casa (2026),2026-09-13,97
T02,The Last House,Q129165193,BR,pt,A Última Casa (2026),2026-09-14,59
T02,The Last House,Q129165193,BR,pt,A Última Casa (2026),2026-09-15,35
T02,The Last House,Q129165193,BR,pt,A Última Casa (2026),2026-09-16,20
T02,The Last House,Q129165193,BR,pt,A Última Casa (2026),2026-09-17,24
T02,The Last House,Q129165193,BR,pt,A Última Casa (2026),2026-09-18,29
T02,The Last House,Q129165193,BR,pt,A Última Casa (2026),2026-09-19,45
T02,The Last House,Q129165193,BR,pt,A Última Casa (2026),2026-09-20,49
T02,The Last House,Q129165193,IT,it,The Last House,2026-06-01,0
T02,The Last House,Q129165193,IT,it,The Last House,2026-06-02,0
T02,The Last House,Q129165193,IT,it,The Last House,2026-06-03,0
T02,The Last House,Q129165193,IT,it,The Last House,2026-06-04,0
T02,The Last House,Q129165193,IT,it,The Last House,2026-06-05,0
T02,The Last House,Q129165193,IT,it,The Last House,2026-06-06,0
T02,The Last House,Q129165193,IT,it,The Last House,2026-06-07,0
T02,The Last House,Q129165193,IT,it,The Last House,2026-06-08,0
T02,The Last House,Q129165193,IT,it,The Last House,2026-06-09,0
T02,The Last House,Q129165193,IT,it,The Last House,2026-06-10,0
T02,The Last House,Q129165193,IT,it,The Last House,2026-06-11,0
T02,The Last House,Q129165193,IT,it,The Last House,2026-06-12,0
T02,The Last House,Q129165193,IT,it,The Last House,2026-06-13,0
T02,The Last House,Q129165193,IT,it,The Last House,2026-06-14,0
T02,The Last House,Q129165193,IT,it,The Last House,2026-06-15,0
T02,The Last House,Q129165193,IT,it,The Last House,2026-06-16,0
T02,The Last House,Q129165193,IT,it,The Last House,2026-06-17,0
T02,The Last House,Q129165193,IT,it,The Last House,2026-06-18,0
T02,The Last House,Q129165193,IT,it,The Last House,2026-06-19,0
T02,The Last House,Q129165193,IT,it,The Last House,2026-06-20,0
T02,The Last House,Q129165193,IT,it,The Last House,2026-06-21,0
T02,The Last House,Q129165193,IT,it,The Last House,2026-06-22,0
T02,The Last House,Q129165193,IT,it,The Last House,2026-06-23,0
T02,The Last House,Q129165193,IT,it,The Last House,2026-06-24,0
T02,The Last House,Q129165193,IT,it,The Last House,2026-06-25,0
T02,The Last House,Q129165193,IT,it,The Last House,2026-06-26,0
T02,The Last House,Q129165193,IT,it,The Last House,2026-06-27,0
T02,The Last House,Q129165193,IT,it,The Last House,2026-06-28,0
T02,The Last House,Q129165193,IT,it,The Last House,2026-06-29,0
T02,The Last House,Q129165193,IT,it,The Last House,2026-06-30,0
T02,The Last House,Q129165193,IT,it,The Last House,2026-07-01,0
T02,The Last House,Q129165193,IT,it,The Last House,2026-07-02,0
T02,The Last House,Q129165193,IT,it,The Last House,2026-07-03,0
T02,The Last House,Q129165193,IT,it,The Last House,2026-07-04,0
T02,The Last House,Q129165193,IT,it,The Last House,2026-07-05,0
T02,The Last House,Q129165193,IT,it,The Last House,2026-07-06,0
T02,The Last House,Q129165193,IT,it,The Last House,2026-07-07,0
T02,The Last House,Q129165193,IT,it,The Last House,2026-07-08,0
T02,The Last House,Q129165193,IT,it,The Last House,2026-07-09,0
T02,The Last House,Q129165193,IT,it,The Last House,2026-07-10,0
T02,The Last House,Q129165193,IT,it,The Last House,2026-07-11,0
T02,The Last House,Q129165193,IT,it,The Last House,2026-07-12,0
T02,The Last House,Q129165193,IT,it,The Last House,2026-07-13,0
T02,The Last House,Q129165193,IT,it,The Last House,2026-07-14,0
T02,The Last House,Q129165193,IT,it,The Last House,2026-07-15,0
T02,The Last House,Q129165193,IT,it,The Last House,2026-07-16,0
T02,The Last House,Q129165193,IT,it,The Last House,2026-07-17,0
T02,The Last House,Q129165193,IT,it,The Last House,2026-07-18,0
T02,The Last House,Q129165193,IT,it,The Last House,2026-07-19,0
T02,The Last House,Q129165193,IT,it,The Last House,2026-07-20,0
T02,The Last House,Q129165193,IT,it,The Last House,2026-07-21,0
T02,The Last House,Q129165193,IT,it,The Last House,2026-07-22,0
T02,The Last House,Q129165193,IT,it,The Last House,2026-07-23,0
T02,The Last House,Q129165193,IT,it,The Last House,2026-07-24,0
T02,The Last House,Q129165193,IT,it,The Last House,2026-07-25,0
T02,The Last House,Q129165193,IT,it,The Last House,2026-07-26,0
T02,The Last House,Q129165193,IT,it,The Last House,2026-07-27,0
T02,The Last House,Q129165193,IT,it,The Last House,2026-07-28,0
T02,The Last House,Q129165193,IT,it,The Last House,2026-07-29,0
T02,The Last House,Q129165193,IT,it,The Last House,2026-07-30,0
T02,The Last House,Q129165193,IT,it,The Last House,2026-07-31,0
T02,The Last House,Q129165193,IT,it,The Last House,2026-08-01,0
T02,The Last House,Q129165193,IT,it,The Last House,2026-08-02,0
T02,The Last House,Q129165193,IT,it,The Last House,2026-08-03,0
T02,The Last House,Q129165193,IT,it,The Last House,2026-08-04,0
T02,The Last House,Q129165193,IT,it,The Last House,2026-08-05,0
T02,The Last House,Q129165193,IT,it,The Last House,2026-08-06,15
T02,The Last House,Q129165193,IT,it,The Last House,2026-08-07,4612
T02,The Last House,Q129165193,IT,it,The Last House,2026-08-08,6842
T02,The Last House,Q129165193,IT,it,The Last House,2026-08-09,6539
T02,The Last House,Q129165193,IT,it,The Last House,2026-08-10,4998
T02,The Last House,Q129165193,IT,it,The Last House,2026-08-11,4429
T02,The Last House,Q129165193,IT,it,The Last House,2026-08-12,3669
T02,The Last House,Q129165193,IT,it,The Last House,2026-08-13,3111
T02,The Last House,Q129165193,IT,it,The Last House,2026-08-14,2720
T02,The Last House,Q129165193,IT,it,The Last House,2026-08-15,2737
T02,The Last House,Q129165193,IT,it,The Last House,2026-08-16,2952
T02,The Last House,Q129165193,IT,it,The Last House,2026-08-17,2514
T02,The Last House,Q129165193,IT,it,The Last House,2026-08-18,2030
T02,The Last House,Q129165193,IT,it,The Last House,2026-08-19,1693
T02,The Last House,Q129165193,IT,it,The Last House,2026-08-20,1642
T02,The Last House,Q129165193,IT,it,The Last House,2026-08-21,1488
T02,The Last House,Q129165193,IT,it,The Last House,2026-08-22,1616
T02,The Last House,Q129165193,IT,it,The Last House,2026-08-23,1811
T02,The Last House,Q129165193,IT,it,The Last House,2026-08-24,1345
T02,The Last House,Q129165193,IT,it,The Last House,2026-08-25,3042
T02,The Last House,Q129165193,IT,it,The Last House,2026-08-26,2261
T02,The Last House,Q129165193,IT,it,The Last House,2026-08-27,1922
T02,The Last House,Q129165193,IT,it,The Last House,2026-08-28,1632
T02,The Last House,Q129165193,IT,it,The Last House,2026-08-29,1433
T02,The Last House,Q129165193,IT,it,The Last House,2026-08-30,1590
T02,The Last House,Q129165193,IT,it,The Last House,2026-08-31,1214
T02,The Last House,Q129165193,IT,it,The Last House,2026-09-01,1172
T02,The Last House,Q129165193,IT,it,The Last House,2026-09-02,1079
T02,The Last House,Q129165193,IT,it,The Last House,2026-09-03,1078
T02,The Last House,Q129165193,IT,it,The Last House,2026-09-04,965
T02,The Last House,Q129165193,IT,it,The Last House,2026-09-05,969
T02,The Last House,Q129165193,IT,it,The Last House,2026-09-06,1147
T02,The Last House,Q129165193,IT,it,The Last House,2026-09-07,923
T02,The Last House,Q129165193,IT,it,The Last House,2026-09-08,930
T02,The Last House,Q129165193,IT,it,The Last House,2026-09-09,803
T02,The Last House,Q129165193,IT,it,The Last House,2026-09-10,734
T02,The Last House,Q129165193,IT,it,The Last House,2026-09-11,764
T02,The Last House,Q129165193,IT,it,The Last House,2026-09-12,892
T02,The Last House,Q129165193,IT,it,The Last House,2026-09-13,935
T02,The Last House,Q129165193,IT,it,The Last House,2026-09-14,637
T02,The Last House,Q129165193,IT,it,The Last House,2026-09-15,508
T02,The Last House,Q129165193,IT,it,The Last House,2026-09-16,450
T02,The Last House,Q129165193,IT,it,The Last House,2026-09-17,595
T02,The Last House,Q129165193,IT,it,The Last House,2026-09-18,595
T02,The Last House,Q129165193,IT,it,The Last House,2026-09-19,401
T02,The Last House,Q129165193,IT,it,The Last House,2026-09-20,475
T03,The Whisper Man,Q133852597,DE,de,Der Kinderflüsterer,2026-06-01,0
T03,The Whisper Man,Q133852597,DE,de,Der Kinderflüsterer,2026-06-02,0
T03,The Whisper Man,Q133852597,DE,de,Der Kinderflüsterer,2026-06-03,0
T03,The Whisper Man,Q133852597,DE,de,Der Kinderflüsterer,2026-06-04,0
T03,The Whisper Man,Q133852597,DE,de,Der Kinderflüsterer,2026-06-05,0
T03,The Whisper Man,Q133852597,DE,de,Der Kinderflüsterer,2026-06-06,0
T03,The Whisper Man,Q133852597,DE,de,Der Kinderflüsterer,2026-06-07,0
T03,The Whisper Man,Q133852597,DE,de,Der Kinderflüsterer,2026-06-08,0
T03,The Whisper Man,Q133852597,DE,de,Der Kinderflüsterer,2026-06-09,0
T03,The Whisper Man,Q133852597,DE,de,Der Kinderflüsterer,2026-06-10,0
T03,The Whisper Man,Q133852597,DE,de,Der Kinderflüsterer,2026-06-11,0
T03,The Whisper Man,Q133852597,DE,de,Der Kinderflüsterer,2026-06-12,0
T03,The Whisper Man,Q133852597,DE,de,Der Kinderflüsterer,2026-06-13,0
T03,The Whisper Man,Q133852597,DE,de,Der Kinderflüsterer,2026-06-14,0
T03,The Whisper Man,Q133852597,DE,de,Der Kinderflüsterer,2026-06-15,0
T03,The Whisper Man,Q133852597,DE,de,Der Kinderflüsterer,2026-06-16,0
T03,The Whisper Man,Q133852597,DE,de,Der Kinderflüsterer,2026-06-17,0
T03,The Whisper Man,Q133852597,DE,de,Der Kinderflüsterer,2026-06-18,0
T03,The Whisper Man,Q133852597,DE,de,Der Kinderflüsterer,2026-06-19,0
T03,The Whisper Man,Q133852597,DE,de,Der Kinderflüsterer,2026-06-20,0
T03,The Whisper Man,Q133852597,DE,de,Der Kinderflüsterer,2026-06-21,0
T03,The Whisper Man,Q133852597,DE,de,Der Kinderflüsterer,2026-06-22,0
T03,The Whisper Man,Q133852597,DE,de,Der Kinderflüsterer,2026-06-23,0
T03,The Whisper Man,Q133852597,DE,de,Der Kinderflüsterer,2026-06-24,0
T03,The Whisper Man,Q133852597,DE,de,Der Kinderflüsterer,2026-06-25,0
T03,The Whisper Man,Q133852597,DE,de,Der Kinderflüsterer,2026-06-26,0
T03,The Whisper Man,Q133852597,DE,de,Der Kinderflüsterer,2026-06-27,0
T03,The Whisper Man,Q133852597,DE,de,Der Kinderflüsterer,2026-06-28,0
T03,The Whisper Man,Q133852597,DE,de,Der Kinderflüsterer,2026-06-29,0
T03,The Whisper Man,Q133852597,DE,de,Der Kinderflüsterer,2026-06-30,0
T03,The Whisper Man,Q133852597,DE,de,Der Kinderflüsterer,2026-07-01,0
T03,The Whisper Man,Q133852597,DE,de,Der Kinderflüsterer,2026-07-02,0
T03,The Whisper Man,Q133852597,DE,de,Der Kinderflüsterer,2026-07-03,0
T03,The Whisper Man,Q133852597,DE,de,Der Kinderflüsterer,2026-07-04,0
T03,The Whisper Man,Q133852597,DE,de,Der Kinderflüsterer,2026-07-05,0
T03,The Whisper Man,Q133852597,DE,de,Der Kinderflüsterer,2026-07-06,0
T03,The Whisper Man,Q133852597,DE,de,Der Kinderflüsterer,2026-07-07,0
T03,The Whisper Man,Q133852597,DE,de,Der Kinderflüsterer,2026-07-08,0
T03,The Whisper Man,Q133852597,DE,de,Der Kinderflüsterer,2026-07-09,0
T03,The Whisper Man,Q133852597,DE,de,Der Kinderflüsterer,2026-07-10,0
T03,The Whisper Man,Q133852597,DE,de,Der Kinderflüsterer,2026-07-11,0
T03,The Whisper Man,Q133852597,DE,de,Der Kinderflüsterer,2026-07-12,0
T03,The Whisper Man,Q133852597,DE,de,Der Kinderflüsterer,2026-07-13,0
T03,The Whisper Man,Q133852597,DE,de,Der Kinderflüsterer,2026-07-14,0
T03,The Whisper Man,Q133852597,DE,de,Der Kinderflüsterer,2026-07-15,0
T03,The Whisper Man,Q133852597,DE,de,Der Kinderflüsterer,2026-07-16,0
T03,The Whisper Man,Q133852597,DE,de,Der Kinderflüsterer,2026-07-17,6
T03,The Whisper Man,Q133852597,DE,de,Der Kinderflüsterer,2026-07-18,92
T03,The Whisper Man,Q133852597,DE,de,Der Kinderflüsterer,2026-07-19,65
T03,The Whisper Man,Q133852597,DE,de,Der Kinderflüsterer,2026-07-20,111
T03,The Whisper Man,Q133852597,DE,de,Der Kinderflüsterer,2026-07-21,145
T03,The Whisper Man,Q133852597,DE,de,Der Kinderflüsterer,2026-07-22,81
T03,The Whisper Man,Q133852597,DE,de,Der Kinderflüsterer,2026-07-23,81
T03,The Whisper Man,Q133852597,DE,de,Der Kinderflüsterer,2026-07-24,320
T03,The Whisper Man,Q133852597,DE,de,Der Kinderflüsterer,2026-07-25,260
T03,The Whisper Man,Q133852597,DE,de,Der Kinderflüsterer,2026-07-26,409
T03,The Whisper Man,Q133852597,DE,de,Der Kinderflüsterer,2026-07-27,226
T03,The Whisper Man,Q133852597,DE,de,Der Kinderflüsterer,2026-07-28,132
T03,The Whisper Man,Q133852597,DE,de,Der Kinderflüsterer,2026-07-29,93
T03,The Whisper Man,Q133852597,DE,de,Der Kinderflüsterer,2026-07-30,57
T03,The Whisper Man,Q133852597,DE,de,Der Kinderflüsterer,2026-07-31,80
T03,The Whisper Man,Q133852597,DE,de,Der Kinderflüsterer,2026-08-01,127
T03,The Whisper Man,Q133852597,DE,de,Der Kinderflüsterer,2026-08-02,99
T03,The Whisper Man,Q133852597,DE,de,Der Kinderflüsterer,2026-08-03,82
T03,The Whisper Man,Q133852597,DE,de,Der Kinderflüsterer,2026-08-04,89
T03,The Whisper Man,Q133852597,DE,de,Der Kinderflüsterer,2026-08-05,84
T03,The Whisper Man,Q133852597,DE,de,Der Kinderflüsterer,2026-08-06,79
T03,The Whisper Man,Q133852597,DE,de,Der Kinderflüsterer,2026-08-07,89
T03,The Whisper Man,Q133852597,DE,de,Der Kinderflüsterer,2026-08-08,92
T03,The Whisper Man,Q133852597,DE,de,Der Kinderflüsterer,2026-08-09,95
T03,The Whisper Man,Q133852597,DE,de,Der Kinderflüsterer,2026-08-10,69
T03,The Whisper Man,Q133852597,DE,de,Der Kinderflüsterer,2026-08-11,81
T03,The Whisper Man,Q133852597,DE,de,Der Kinderflüsterer,2026-08-12,89
T03,The Whisper Man,Q133852597,DE,de,Der Kinderflüsterer,2026-08-13,92
T03,The Whisper Man,Q133852597,DE,de,Der Kinderflüsterer,2026-08-14,183
T03,The Whisper Man,Q133852597,DE,de,Der Kinderflüsterer,2026-08-15,242
T03,The Whisper Man,Q133852597,DE,de,Der Kinderflüsterer,2026-08-16,330
T03,The Whisper Man,Q133852597,DE,de,Der Kinderflüsterer,2026-08-17,304
T03,The Whisper Man,Q133852597,DE,de,Der Kinderflüsterer,2026-08-18,278
T03,The Whisper Man,Q133852597,DE,de,Der Kinderflüsterer,2026-08-19,206
T03,The Whisper Man,Q133852597,DE,de,Der Kinderflüsterer,2026-08-20,182
T03,The Whisper Man,Q133852597,DE,de,Der Kinderflüsterer,2026-08-21,248
T03,The Whisper Man,Q133852597,DE,de,Der Kinderflüsterer,2026-08-22,369
T03,The Whisper Man,Q133852597,DE,de,Der Kinderflüsterer,2026-08-23,386
T03,The Whisper Man,Q133852597,DE,de,Der Kinderflüsterer,2026-08-24,388
T03,The Whisper Man,Q133852597,DE,de,Der Kinderflüsterer,2026-08-25,904
T03,The Whisper Man,Q133852597,DE,de,Der Kinderflüsterer,2026-08-26,676
T03,The Whisper Man,Q133852597,DE,de,Der Kinderflüsterer,2026-08-27,415
T03,The Whisper Man,Q133852597,DE,de,Der Kinderflüsterer,2026-08-28,12460
T03,The Whisper Man,Q133852597,DE,de,Der Kinderflüsterer,2026-08-29,18555
T03,The Whisper Man,Q133852597,DE,de,Der Kinderflüsterer,2026-08-30,21704
T03,The Whisper Man,Q133852597,DE,de,Der Kinderflüsterer,2026-08-31,13420
T03,The Whisper Man,Q133852597,DE,de,Der Kinderflüsterer,2026-09-01,10191
T03,The Whisper Man,Q133852597,DE,de,Der Kinderflüsterer,2026-09-02,8879
T03,The Whisper Man,Q133852597,DE,de,Der Kinderflüsterer,2026-09-03,7236
T03,The Whisper Man,Q133852597,DE,de,Der Kinderflüsterer,2026-09-04,8497
T03,The Whisper Man,Q133852597,DE,de,Der Kinderflüsterer,2026-09-05,9150
T03,The Whisper Man,Q133852597,DE,de,Der Kinderflüsterer,2026-09-06,8084
T03,The Whisper Man,Q133852597,DE,de,Der Kinderflüsterer,2026-09-07,4716
T03,The Whisper Man,Q133852597,DE,de,Der Kinderflüsterer,2026-09-08,3938
T03,The Whisper Man,Q133852597,DE,de,Der Kinderflüsterer,2026-09-09,4023
T03,The Whisper Man,Q133852597,DE,de,Der Kinderflüsterer,2026-09-10,3385
T03,The Whisper Man,Q133852597,DE,de,Der Kinderflüsterer,2026-09-11,3761
T03,The Whisper Man,Q133852597,DE,de,Der Kinderflüsterer,2026-09-12,4970
T03,The Whisper Man,Q133852597,DE,de,Der Kinderflüsterer,2026-09-13,5517
T03,The Whisper Man,Q133852597,DE,de,Der Kinderflüsterer,2026-09-14,2726
T03,The Whisper Man,Q133852597,DE,de,Der Kinderflüsterer,2026-09-15,2235
T03,The Whisper Man,Q133852597,DE,de,Der Kinderflüsterer,2026-09-16,2051
T03,The Whisper Man,Q133852597,DE,de,Der Kinderflüsterer,2026-09-17,1817
T03,The Whisper Man,Q133852597,DE,de,Der Kinderflüsterer,2026-09-18,2332
T03,The Whisper Man,Q133852597,DE,de,Der Kinderflüsterer,2026-09-19,3172
T03,The Whisper Man,Q133852597,DE,de,Der Kinderflüsterer,2026-09-20,2956
T03,The Whisper Man,Q133852597,FR,fr,The Whisper Man,2026-06-01,23
T03,The Whisper Man,Q133852597,FR,fr,The Whisper Man,2026-06-02,28
T03,The Whisper Man,Q133852597,FR,fr,The Whisper Man,2026-06-03,34
T03,The Whisper Man,Q133852597,FR,fr,The Whisper Man,2026-06-04,31
T03,The Whisper Man,Q133852597,FR,fr,The Whisper Man,2026-06-05,27
T03,The Whisper Man,Q133852597,FR,fr,The Whisper Man,2026-06-06,25
T03,The Whisper Man,Q133852597,FR,fr,The Whisper Man,2026-06-07,29
T03,The Whisper Man,Q133852597,FR,fr,The Whisper Man,2026-06-08,42
T03,The Whisper Man,Q133852597,FR,fr,The Whisper Man,2026-06-09,34
T03,The Whisper Man,Q133852597,FR,fr,The Whisper Man,2026-06-10,16
T03,The Whisper Man,Q133852597,FR,fr,The Whisper Man,2026-06-11,22
T03,The Whisper Man,Q133852597,FR,fr,The Whisper Man,2026-06-12,35
T03,The Whisper Man,Q133852597,FR,fr,The Whisper Man,2026-06-13,27
T03,The Whisper Man,Q133852597,FR,fr,The Whisper Man,2026-06-14,63
T03,The Whisper Man,Q133852597,FR,fr,The Whisper Man,2026-06-15,33
T03,The Whisper Man,Q133852597,FR,fr,The Whisper Man,2026-06-16,17
T03,The Whisper Man,Q133852597,FR,fr,The Whisper Man,2026-06-17,25
T03,The Whisper Man,Q133852597,FR,fr,The Whisper Man,2026-06-18,30
T03,The Whisper Man,Q133852597,FR,fr,The Whisper Man,2026-06-19,18
T03,The Whisper Man,Q133852597,FR,fr,The Whisper Man,2026-06-20,31
T03,The Whisper Man,Q133852597,FR,fr,The Whisper Man,2026-06-21,71
T03,The Whisper Man,Q133852597,FR,fr,The Whisper Man,2026-06-22,36
T03,The Whisper Man,Q133852597,FR,fr,The Whisper Man,2026-06-23,23
T03,The Whisper Man,Q133852597,FR,fr,The Whisper Man,2026-06-24,21
T03,The Whisper Man,Q133852597,FR,fr,The Whisper Man,2026-06-25,16
T03,The Whisper Man,Q133852597,FR,fr,The Whisper Man,2026-06-26,25
T03,The Whisper Man,Q133852597,FR,fr,The Whisper Man,2026-06-27,27
T03,The Whisper Man,Q133852597,FR,fr,The Whisper Man,2026-06-28,33
T03,The Whisper Man,Q133852597,FR,fr,The Whisper Man,2026-06-29,28
T03,The Whisper Man,Q133852597,FR,fr,The Whisper Man,2026-06-30,32
T03,The Whisper Man,Q133852597,FR,fr,The Whisper Man,2026-07-01,20
T03,The Whisper Man,Q133852597,FR,fr,The Whisper Man,2026-07-02,22
T03,The Whisper Man,Q133852597,FR,fr,The Whisper Man,2026-07-03,18
T03,The Whisper Man,Q133852597,FR,fr,The Whisper Man,2026-07-04,25
T03,The Whisper Man,Q133852597,FR,fr,The Whisper Man,2026-07-05,23
T03,The Whisper Man,Q133852597,FR,fr,The Whisper Man,2026-07-06,23
T03,The Whisper Man,Q133852597,FR,fr,The Whisper Man,2026-07-07,24
T03,The Whisper Man,Q133852597,FR,fr,The Whisper Man,2026-07-08,22
T03,The Whisper Man,Q133852597,FR,fr,The Whisper Man,2026-07-09,57
T03,The Whisper Man,Q133852597,FR,fr,The Whisper Man,2026-07-10,41
T03,The Whisper Man,Q133852597,FR,fr,The Whisper Man,2026-07-11,26
T03,The Whisper Man,Q133852597,FR,fr,The Whisper Man,2026-07-12,26
T03,The Whisper Man,Q133852597,FR,fr,The Whisper Man,2026-07-13,30
T03,The Whisper Man,Q133852597,FR,fr,The Whisper Man,2026-07-14,284
T03,The Whisper Man,Q133852597,FR,fr,The Whisper Man,2026-07-15,256
T03,The Whisper Man,Q133852597,FR,fr,The Whisper Man,2026-07-16,149
T03,The Whisper Man,Q133852597,FR,fr,The Whisper Man,2026-07-17,123
T03,The Whisper Man,Q133852597,FR,fr,The Whisper Man,2026-07-18,149
T03,The Whisper Man,Q133852597,FR,fr,The Whisper Man,2026-07-19,104
T03,The Whisper Man,Q133852597,FR,fr,The Whisper Man,2026-07-20,71
T03,The Whisper Man,Q133852597,FR,fr,The Whisper Man,2026-07-21,67
T03,The Whisper Man,Q133852597,FR,fr,The Whisper Man,2026-07-22,72
T03,The Whisper Man,Q133852597,FR,fr,The Whisper Man,2026-07-23,53
T03,The Whisper Man,Q133852597,FR,fr,The Whisper Man,2026-07-24,46
T03,The Whisper Man,Q133852597,FR,fr,The Whisper Man,2026-07-25,48
T03,The Whisper Man,Q133852597,FR,fr,The Whisper Man,2026-07-26,53
T03,The Whisper Man,Q133852597,FR,fr,The Whisper Man,2026-07-27,28
T03,The Whisper Man,Q133852597,FR,fr,The Whisper Man,2026-07-28,125
T03,The Whisper Man,Q133852597,FR,fr,The Whisper Man,2026-07-29,100
T03,The Whisper Man,Q133852597,FR,fr,The Whisper Man,2026-07-30,62
T03,The Whisper Man,Q133852597,FR,fr,The Whisper Man,2026-07-31,65
T03,The Whisper Man,Q133852597,FR,fr,The Whisper Man,2026-08-01,87
T03,The Whisper Man,Q133852597,FR,fr,The Whisper Man,2026-08-02,119
T03,The Whisper Man,Q133852597,FR,fr,The Whisper Man,2026-08-03,83
T03,The Whisper Man,Q133852597,FR,fr,The Whisper Man,2026-08-04,72
T03,The Whisper Man,Q133852597,FR,fr,The Whisper Man,2026-08-05,78
T03,The Whisper Man,Q133852597,FR,fr,The Whisper Man,2026-08-06,87
T03,The Whisper Man,Q133852597,FR,fr,The Whisper Man,2026-08-07,59
T03,The Whisper Man,Q133852597,FR,fr,The Whisper Man,2026-08-08,81
T03,The Whisper Man,Q133852597,FR,fr,The Whisper Man,2026-08-09,89
T03,The Whisper Man,Q133852597,FR,fr,The Whisper Man,2026-08-10,69
T03,The Whisper Man,Q133852597,FR,fr,The Whisper Man,2026-08-11,79
T03,The Whisper Man,Q133852597,FR,fr,The Whisper Man,2026-08-12,61
T03,The Whisper Man,Q133852597,FR,fr,The Whisper Man,2026-08-13,79
T03,The Whisper Man,Q133852597,FR,fr,The Whisper Man,2026-08-14,135
T03,The Whisper Man,Q133852597,FR,fr,The Whisper Man,2026-08-15,161
T03,The Whisper Man,Q133852597,FR,fr,The Whisper Man,2026-08-16,178
T03,The Whisper Man,Q133852597,FR,fr,The Whisper Man,2026-08-17,204
T03,The Whisper Man,Q133852597,FR,fr,The Whisper Man,2026-08-18,205
T03,The Whisper Man,Q133852597,FR,fr,The Whisper Man,2026-08-19,162
T03,The Whisper Man,Q133852597,FR,fr,The Whisper Man,2026-08-20,181
T03,The Whisper Man,Q133852597,FR,fr,The Whisper Man,2026-08-21,225
T03,The Whisper Man,Q133852597,FR,fr,The Whisper Man,2026-08-22,273
T03,The Whisper Man,Q133852597,FR,fr,The Whisper Man,2026-08-23,334
T03,The Whisper Man,Q133852597,FR,fr,The Whisper Man,2026-08-24,302
T03,The Whisper Man,Q133852597,FR,fr,The Whisper Man,2026-08-25,343
T03,The Whisper Man,Q133852597,FR,fr,The Whisper Man,2026-08-26,337
T03,The Whisper Man,Q133852597,FR,fr,The Whisper Man,2026-08-27,240
T03,The Whisper Man,Q133852597,FR,fr,The Whisper Man,2026-08-28,5567
T03,The Whisper Man,Q133852597,FR,fr,The Whisper Man,2026-08-29,9290
T03,The Whisper Man,Q133852597,FR,fr,The Whisper Man,2026-08-30,10804
T03,The Whisper Man,Q133852597,FR,fr,The Whisper Man,2026-08-31,6655
T03,The Whisper Man,Q133852597,FR,fr,The Whisper Man,2026-09-01,6017
T03,The Whisper Man,Q133852597,FR,fr,The Whisper Man,2026-09-02,5202
T03,The Whisper Man,Q133852597,FR,fr,The Whisper Man,2026-09-03,3947
T03,The Whisper Man,Q133852597,FR,fr,The Whisper Man,2026-09-04,3592
T03,The Whisper Man,Q133852597,FR,fr,The Whisper Man,2026-09-05,4185
T03,The Whisper Man,Q133852597,FR,fr,The Whisper Man,2026-09-06,4556
T03,The Whisper Man,Q133852597,FR,fr,The Whisper Man,2026-09-07,2681
T03,The Whisper Man,Q133852597,FR,fr,The Whisper Man,2026-09-08,2201
T03,The Whisper Man,Q133852597,FR,fr,The Whisper Man,2026-09-09,2075
T03,The Whisper Man,Q133852597,FR,fr,The Whisper Man,2026-09-10,1676
T03,The Whisper Man,Q133852597,FR,fr,The Whisper Man,2026-09-11,1567
T03,The Whisper Man,Q133852597,FR,fr,The Whisper Man,2026-09-12,2050
T03,The Whisper Man,Q133852597,FR,fr,The Whisper Man,2026-09-13,2336
T03,The Whisper Man,Q133852597,FR,fr,The Whisper Man,2026-09-14,1516
T03,The Whisper Man,Q133852597,FR,fr,The Whisper Man,2026-09-15,1221
T03,The Whisper Man,Q133852597,FR,fr,The Whisper Man,2026-09-16,1138
T03,The Whisper Man,Q133852597,FR,fr,The Whisper Man,2026-09-17,1119
T03,The Whisper Man,Q133852597,FR,fr,The Whisper Man,2026-09-18,1107
T03,The Whisper Man,Q133852597,FR,fr,The Whisper Man,2026-09-19,1422
T03,The Whisper Man,Q133852597,FR,fr,The Whisper Man,2026-09-20,1564
T03,The Whisper Man,Q133852597,BR,pt,The Whisper Man,2026-06-01,0
T03,The Whisper Man,Q133852597,BR,pt,The Whisper Man,2026-06-02,0
T03,The Whisper Man,Q133852597,BR,pt,The Whisper Man,2026-06-03,0
T03,The Whisper Man,Q133852597,BR,pt,The Whisper Man,2026-06-04,0
T03,The Whisper Man,Q133852597,BR,pt,The Whisper Man,2026-06-05,0
T03,The Whisper Man,Q133852597,BR,pt,The Whisper Man,2026-06-06,0
T03,The Whisper Man,Q133852597,BR,pt,The Whisper Man,2026-06-07,0
T03,The Whisper Man,Q133852597,BR,pt,The Whisper Man,2026-06-08,0
T03,The Whisper Man,Q133852597,BR,pt,The Whisper Man,2026-06-09,0
T03,The Whisper Man,Q133852597,BR,pt,The Whisper Man,2026-06-10,0
T03,The Whisper Man,Q133852597,BR,pt,The Whisper Man,2026-06-11,0
T03,The Whisper Man,Q133852597,BR,pt,The Whisper Man,2026-06-12,0
T03,The Whisper Man,Q133852597,BR,pt,The Whisper Man,2026-06-13,0
T03,The Whisper Man,Q133852597,BR,pt,The Whisper Man,2026-06-14,0
T03,The Whisper Man,Q133852597,BR,pt,The Whisper Man,2026-06-15,0
T03,The Whisper Man,Q133852597,BR,pt,The Whisper Man,2026-06-16,0
T03,The Whisper Man,Q133852597,BR,pt,The Whisper Man,2026-06-17,0
T03,The Whisper Man,Q133852597,BR,pt,The Whisper Man,2026-06-18,0
T03,The Whisper Man,Q133852597,BR,pt,The Whisper Man,2026-06-19,0
T03,The Whisper Man,Q133852597,BR,pt,The Whisper Man,2026-06-20,0
T03,The Whisper Man,Q133852597,BR,pt,The Whisper Man,2026-06-21,0
T03,The Whisper Man,Q133852597,BR,pt,The Whisper Man,2026-06-22,0
T03,The Whisper Man,Q133852597,BR,pt,The Whisper Man,2026-06-23,0
T03,The Whisper Man,Q133852597,BR,pt,The Whisper Man,2026-06-24,0
T03,The Whisper Man,Q133852597,BR,pt,The Whisper Man,2026-06-25,0
T03,The Whisper Man,Q133852597,BR,pt,The Whisper Man,2026-06-26,0
T03,The Whisper Man,Q133852597,BR,pt,The Whisper Man,2026-06-27,0
T03,The Whisper Man,Q133852597,BR,pt,The Whisper Man,2026-06-28,0
T03,The Whisper Man,Q133852597,BR,pt,The Whisper Man,2026-06-29,0
T03,The Whisper Man,Q133852597,BR,pt,The Whisper Man,2026-06-30,0
T03,The Whisper Man,Q133852597,BR,pt,The Whisper Man,2026-07-01,0
T03,The Whisper Man,Q133852597,BR,pt,The Whisper Man,2026-07-02,0
T03,The Whisper Man,Q133852597,BR,pt,The Whisper Man,2026-07-03,0
T03,The Whisper Man,Q133852597,BR,pt,The Whisper Man,2026-07-04,0
T03,The Whisper Man,Q133852597,BR,pt,The Whisper Man,2026-07-05,0
T03,The Whisper Man,Q133852597,BR,pt,The Whisper Man,2026-07-06,0
T03,The Whisper Man,Q133852597,BR,pt,The Whisper Man,2026-07-07,0
T03,The Whisper Man,Q133852597,BR,pt,The Whisper Man,2026-07-08,0
T03,The Whisper Man,Q133852597,BR,pt,The Whisper Man,2026-07-09,0
T03,The Whisper Man,Q133852597,BR,pt,The Whisper Man,2026-07-10,0
T03,The Whisper Man,Q133852597,BR,pt,The Whisper Man,2026-07-11,0
T03,The Whisper Man,Q133852597,BR,pt,The Whisper Man,2026-07-12,0
T03,The Whisper Man,Q133852597,BR,pt,The Whisper Man,2026-07-13,0
T03,The Whisper Man,Q133852597,BR,pt,The Whisper Man,2026-07-14,0
T03,The Whisper Man,Q133852597,BR,pt,The Whisper Man,2026-07-15,0
T03,The Whisper Man,Q133852597,BR,pt,The Whisper Man,2026-07-16,0
T03,The Whisper Man,Q133852597,BR,pt,The Whisper Man,2026-07-17,0
T03,The Whisper Man,Q133852597,BR,pt,The Whisper Man,2026-07-18,0
T03,The Whisper Man,Q133852597,BR,pt,The Whisper Man,2026-07-19,0
T03,The Whisper Man,Q133852597,BR,pt,The Whisper Man,2026-07-20,0
T03,The Whisper Man,Q133852597,BR,pt,The Whisper Man,2026-07-21,0
T03,The Whisper Man,Q133852597,BR,pt,The Whisper Man,2026-07-22,0
T03,The Whisper Man,Q133852597,BR,pt,The Whisper Man,2026-07-23,0
T03,The Whisper Man,Q133852597,BR,pt,The Whisper Man,2026-07-24,0
T03,The Whisper Man,Q133852597,BR,pt,The Whisper Man,2026-07-25,0
T03,The Whisper Man,Q133852597,BR,pt,The Whisper Man,2026-07-26,0
T03,The Whisper Man,Q133852597,BR,pt,The Whisper Man,2026-07-27,0
T03,The Whisper Man,Q133852597,BR,pt,The Whisper Man,2026-07-28,0
T03,The Whisper Man,Q133852597,BR,pt,The Whisper Man,2026-07-29,0
T03,The Whisper Man,Q133852597,BR,pt,The Whisper Man,2026-07-30,0
T03,The Whisper Man,Q133852597,BR,pt,The Whisper Man,2026-07-31,0
T03,The Whisper Man,Q133852597,BR,pt,The Whisper Man,2026-08-01,0
T03,The Whisper Man,Q133852597,BR,pt,The Whisper Man,2026-08-02,0
T03,The Whisper Man,Q133852597,BR,pt,The Whisper Man,2026-08-03,0
T03,The Whisper Man,Q133852597,BR,pt,The Whisper Man,2026-08-04,0
T03,The Whisper Man,Q133852597,BR,pt,The Whisper Man,2026-08-05,0
T03,The Whisper Man,Q133852597,BR,pt,The Whisper Man,2026-08-06,0
T03,The Whisper Man,Q133852597,BR,pt,The Whisper Man,2026-08-07,0
T03,The Whisper Man,Q133852597,BR,pt,The Whisper Man,2026-08-08,0
T03,The Whisper Man,Q133852597,BR,pt,The Whisper Man,2026-08-09,0
T03,The Whisper Man,Q133852597,BR,pt,The Whisper Man,2026-08-10,0
T03,The Whisper Man,Q133852597,BR,pt,The Whisper Man,2026-08-11,0
T03,The Whisper Man,Q133852597,BR,pt,The Whisper Man,2026-08-12,0
T03,The Whisper Man,Q133852597,BR,pt,The Whisper Man,2026-08-13,0
T03,The Whisper Man,Q133852597,BR,pt,The Whisper Man,2026-08-14,0
T03,The Whisper Man,Q133852597,BR,pt,The Whisper Man,2026-08-15,0
T03,The Whisper Man,Q133852597,BR,pt,The Whisper Man,2026-08-16,0
T03,The Whisper Man,Q133852597,BR,pt,The Whisper Man,2026-08-17,0
T03,The Whisper Man,Q133852597,BR,pt,The Whisper Man,2026-08-18,0
T03,The Whisper Man,Q133852597,BR,pt,The Whisper Man,2026-08-19,0
T03,The Whisper Man,Q133852597,BR,pt,The Whisper Man,2026-08-20,0
T03,The Whisper Man,Q133852597,BR,pt,The Whisper Man,2026-08-21,0
T03,The Whisper Man,Q133852597,BR,pt,The Whisper Man,2026-08-22,0
T03,The Whisper Man,Q133852597,BR,pt,The Whisper Man,2026-08-23,0
T03,The Whisper Man,Q133852597,BR,pt,The Whisper Man,2026-08-24,0
T03,The Whisper Man,Q133852597,BR,pt,The Whisper Man,2026-08-25,0
T03,The Whisper Man,Q133852597,BR,pt,The Whisper Man,2026-08-26,0
T03,The Whisper Man,Q133852597,BR,pt,The Whisper Man,2026-08-27,0
T03,The Whisper Man,Q133852597,BR,pt,The Whisper Man,2026-08-28,0
T03,The Whisper Man,Q133852597,BR,pt,The Whisper Man,2026-08-29,16
T03,The Whisper Man,Q133852597,BR,pt,The Whisper Man,2026-08-30,1028
T03,The Whisper Man,Q133852597,BR,pt,The Whisper Man,2026-08-31,972
T03,The Whisper Man,Q133852597,BR,pt,The Whisper Man,2026-09-01,790
T03,The Whisper Man,Q133852597,BR,pt,The Whisper Man,2026-09-02,735
T03,The Whisper Man,Q133852597,BR,pt,The Whisper Man,2026-09-03,831
T03,The Whisper Man,Q133852597,BR,pt,The Whisper Man,2026-09-04,979
T03,The Whisper Man,Q133852597,BR,pt,The Whisper Man,2026-09-05,4816
T03,The Whisper Man,Q133852597,BR,pt,The Whisper Man,2026-09-06,6705
T03,The Whisper Man,Q133852597,BR,pt,The Whisper Man,2026-09-07,6418
T03,The Whisper Man,Q133852597,BR,pt,The Whisper Man,2026-09-08,2572
T03,The Whisper Man,Q133852597,BR,pt,The Whisper Man,2026-09-09,1468
T03,The Whisper Man,Q133852597,BR,pt,The Whisper Man,2026-09-10,1313
T03,The Whisper Man,Q133852597,BR,pt,The Whisper Man,2026-09-11,1159
T03,The Whisper Man,Q133852597,BR,pt,The Whisper Man,2026-09-12,2122
T03,The Whisper Man,Q133852597,BR,pt,The Whisper Man,2026-09-13,3319
T03,The Whisper Man,Q133852597,BR,pt,The Whisper Man,2026-09-14,893
T03,The Whisper Man,Q133852597,BR,pt,The Whisper Man,2026-09-15,261
T03,The Whisper Man,Q133852597,BR,pt,The Whisper Man,2026-09-16,183
T03,The Whisper Man,Q133852597,BR,pt,The Whisper Man,2026-09-17,227
T03,The Whisper Man,Q133852597,BR,pt,The Whisper Man,2026-09-18,197
T03,The Whisper Man,Q133852597,BR,pt,The Whisper Man,2026-09-19,300
T03,The Whisper Man,Q133852597,BR,pt,The Whisper Man,2026-09-20,484
T03,The Whisper Man,Q133852597,IT,it,L'uomo dei sussurri,2026-06-01,0
T03,The Whisper Man,Q133852597,IT,it,L'uomo dei sussurri,2026-06-02,0
T03,The Whisper Man,Q133852597,IT,it,L'uomo dei sussurri,2026-06-03,0
T03,The Whisper Man,Q133852597,IT,it,L'uomo dei sussurri,2026-06-04,0
T03,The Whisper Man,Q133852597,IT,it,L'uomo dei sussurri,2026-06-05,0
T03,The Whisper Man,Q133852597,IT,it,L'uomo dei sussurri,2026-06-06,0
T03,The Whisper Man,Q133852597,IT,it,L'uomo dei sussurri,2026-06-07,0
T03,The Whisper Man,Q133852597,IT,it,L'uomo dei sussurri,2026-06-08,0
T03,The Whisper Man,Q133852597,IT,it,L'uomo dei sussurri,2026-06-09,0
T03,The Whisper Man,Q133852597,IT,it,L'uomo dei sussurri,2026-06-10,0
T03,The Whisper Man,Q133852597,IT,it,L'uomo dei sussurri,2026-06-11,0
T03,The Whisper Man,Q133852597,IT,it,L'uomo dei sussurri,2026-06-12,0
T03,The Whisper Man,Q133852597,IT,it,L'uomo dei sussurri,2026-06-13,0
T03,The Whisper Man,Q133852597,IT,it,L'uomo dei sussurri,2026-06-14,0
T03,The Whisper Man,Q133852597,IT,it,L'uomo dei sussurri,2026-06-15,0
T03,The Whisper Man,Q133852597,IT,it,L'uomo dei sussurri,2026-06-16,0
T03,The Whisper Man,Q133852597,IT,it,L'uomo dei sussurri,2026-06-17,0
T03,The Whisper Man,Q133852597,IT,it,L'uomo dei sussurri,2026-06-18,0
T03,The Whisper Man,Q133852597,IT,it,L'uomo dei sussurri,2026-06-19,0
T03,The Whisper Man,Q133852597,IT,it,L'uomo dei sussurri,2026-06-20,0
T03,The Whisper Man,Q133852597,IT,it,L'uomo dei sussurri,2026-06-21,0
T03,The Whisper Man,Q133852597,IT,it,L'uomo dei sussurri,2026-06-22,0
T03,The Whisper Man,Q133852597,IT,it,L'uomo dei sussurri,2026-06-23,0
T03,The Whisper Man,Q133852597,IT,it,L'uomo dei sussurri,2026-06-24,0
T03,The Whisper Man,Q133852597,IT,it,L'uomo dei sussurri,2026-06-25,0
T03,The Whisper Man,Q133852597,IT,it,L'uomo dei sussurri,2026-06-26,0
T03,The Whisper Man,Q133852597,IT,it,L'uomo dei sussurri,2026-06-27,0
T03,The Whisper Man,Q133852597,IT,it,L'uomo dei sussurri,2026-06-28,0
T03,The Whisper Man,Q133852597,IT,it,L'uomo dei sussurri,2026-06-29,0
T03,The Whisper Man,Q133852597,IT,it,L'uomo dei sussurri,2026-06-30,0
T03,The Whisper Man,Q133852597,IT,it,L'uomo dei sussurri,2026-07-01,0
T03,The Whisper Man,Q133852597,IT,it,L'uomo dei sussurri,2026-07-02,0
T03,The Whisper Man,Q133852597,IT,it,L'uomo dei sussurri,2026-07-03,0
T03,The Whisper Man,Q133852597,IT,it,L'uomo dei sussurri,2026-07-04,0
T03,The Whisper Man,Q133852597,IT,it,L'uomo dei sussurri,2026-07-05,0
T03,The Whisper Man,Q133852597,IT,it,L'uomo dei sussurri,2026-07-06,0
T03,The Whisper Man,Q133852597,IT,it,L'uomo dei sussurri,2026-07-07,0
T03,The Whisper Man,Q133852597,IT,it,L'uomo dei sussurri,2026-07-08,0
T03,The Whisper Man,Q133852597,IT,it,L'uomo dei sussurri,2026-07-09,0
T03,The Whisper Man,Q133852597,IT,it,L'uomo dei sussurri,2026-07-10,0
T03,The Whisper Man,Q133852597,IT,it,L'uomo dei sussurri,2026-07-11,0
T03,The Whisper Man,Q133852597,IT,it,L'uomo dei sussurri,2026-07-12,0
T03,The Whisper Man,Q133852597,IT,it,L'uomo dei sussurri,2026-07-13,0
T03,The Whisper Man,Q133852597,IT,it,L'uomo dei sussurri,2026-07-14,0
T03,The Whisper Man,Q133852597,IT,it,L'uomo dei sussurri,2026-07-15,0
T03,The Whisper Man,Q133852597,IT,it,L'uomo dei sussurri,2026-07-16,0
T03,The Whisper Man,Q133852597,IT,it,L'uomo dei sussurri,2026-07-17,0
T03,The Whisper Man,Q133852597,IT,it,L'uomo dei sussurri,2026-07-18,0
T03,The Whisper Man,Q133852597,IT,it,L'uomo dei sussurri,2026-07-19,0
T03,The Whisper Man,Q133852597,IT,it,L'uomo dei sussurri,2026-07-20,0
T03,The Whisper Man,Q133852597,IT,it,L'uomo dei sussurri,2026-07-21,0
T03,The Whisper Man,Q133852597,IT,it,L'uomo dei sussurri,2026-07-22,0
T03,The Whisper Man,Q133852597,IT,it,L'uomo dei sussurri,2026-07-23,0
T03,The Whisper Man,Q133852597,IT,it,L'uomo dei sussurri,2026-07-24,0
T03,The Whisper Man,Q133852597,IT,it,L'uomo dei sussurri,2026-07-25,0
T03,The Whisper Man,Q133852597,IT,it,L'uomo dei sussurri,2026-07-26,0
T03,The Whisper Man,Q133852597,IT,it,L'uomo dei sussurri,2026-07-27,0
T03,The Whisper Man,Q133852597,IT,it,L'uomo dei sussurri,2026-07-28,0
T03,The Whisper Man,Q133852597,IT,it,L'uomo dei sussurri,2026-07-29,0
T03,The Whisper Man,Q133852597,IT,it,L'uomo dei sussurri,2026-07-30,0
T03,The Whisper Man,Q133852597,IT,it,L'uomo dei sussurri,2026-07-31,0
T03,The Whisper Man,Q133852597,IT,it,L'uomo dei sussurri,2026-08-01,0
T03,The Whisper Man,Q133852597,IT,it,L'uomo dei sussurri,2026-08-02,0
T03,The Whisper Man,Q133852597,IT,it,L'uomo dei sussurri,2026-08-03,0
T03,The Whisper Man,Q133852597,IT,it,L'uomo dei sussurri,2026-08-04,0
T03,The Whisper Man,Q133852597,IT,it,L'uomo dei sussurri,2026-08-05,0
T03,The Whisper Man,Q133852597,IT,it,L'uomo dei sussurri,2026-08-06,0
T03,The Whisper Man,Q133852597,IT,it,L'uomo dei sussurri,2026-08-07,0
T03,The Whisper Man,Q133852597,IT,it,L'uomo dei sussurri,2026-08-08,0
T03,The Whisper Man,Q133852597,IT,it,L'uomo dei sussurri,2026-08-09,0
T03,The Whisper Man,Q133852597,IT,it,L'uomo dei sussurri,2026-08-10,0
T03,The Whisper Man,Q133852597,IT,it,L'uomo dei sussurri,2026-08-11,0
T03,The Whisper Man,Q133852597,IT,it,L'uomo dei sussurri,2026-08-12,0
T03,The Whisper Man,Q133852597,IT,it,L'uomo dei sussurri,2026-08-13,0
T03,The Whisper Man,Q133852597,IT,it,L'uomo dei sussurri,2026-08-14,0
T03,The Whisper Man,Q133852597,IT,it,L'uomo dei sussurri,2026-08-15,0
T03,The Whisper Man,Q133852597,IT,it,L'uomo dei sussurri,2026-08-16,0
T03,The Whisper Man,Q133852597,IT,it,L'uomo dei sussurri,2026-08-17,0
T03,The Whisper Man,Q133852597,IT,it,L'uomo dei sussurri,2026-08-18,0
T03,The Whisper Man,Q133852597,IT,it,L'uomo dei sussurri,2026-08-19,0
T03,The Whisper Man,Q133852597,IT,it,L'uomo dei sussurri,2026-08-20,0
T03,The Whisper Man,Q133852597,IT,it,L'uomo dei sussurri,2026-08-21,0
T03,The Whisper Man,Q133852597,IT,it,L'uomo dei sussurri,2026-08-22,0
T03,The Whisper Man,Q133852597,IT,it,L'uomo dei sussurri,2026-08-23,0
T03,The Whisper Man,Q133852597,IT,it,L'uomo dei sussurri,2026-08-24,0
T03,The Whisper Man,Q133852597,IT,it,L'uomo dei sussurri,2026-08-25,0
T03,The Whisper Man,Q133852597,IT,it,L'uomo dei sussurri,2026-08-26,4
T03,The Whisper Man,Q133852597,IT,it,L'uomo dei sussurri,2026-08-27,139
T03,The Whisper Man,Q133852597,IT,it,L'uomo dei sussurri,2026-08-28,10901
T03,The Whisper Man,Q133852597,IT,it,L'uomo dei sussurri,2026-08-29,17161
T03,The Whisper Man,Q133852597,IT,it,L'uomo dei sussurri,2026-08-30,21635
T03,The Whisper Man,Q133852597,IT,it,L'uomo dei sussurri,2026-08-31,14878
T03,The Whisper Man,Q133852597,IT,it,L'uomo dei sussurri,2026-09-01,11754
T03,The Whisper Man,Q133852597,IT,it,L'uomo dei sussurri,2026-09-02,8488
T03,The Whisper Man,Q133852597,IT,it,L'uomo dei sussurri,2026-09-03,6658
T03,The Whisper Man,Q133852597,IT,it,L'uomo dei sussurri,2026-09-04,6071
T03,The Whisper Man,Q133852597,IT,it,L'uomo dei sussurri,2026-09-05,6286
T03,The Whisper Man,Q133852597,IT,it,L'uomo dei sussurri,2026-09-06,6682
T03,The Whisper Man,Q133852597,IT,it,L'uomo dei sussurri,2026-09-07,4509
T03,The Whisper Man,Q133852597,IT,it,L'uomo dei sussurri,2026-09-08,3850
T03,The Whisper Man,Q133852597,IT,it,L'uomo dei sussurri,2026-09-09,3359
T03,The Whisper Man,Q133852597,IT,it,L'uomo dei sussurri,2026-09-10,3156
T03,The Whisper Man,Q133852597,IT,it,L'uomo dei sussurri,2026-09-11,2840
T03,The Whisper Man,Q133852597,IT,it,L'uomo dei sussurri,2026-09-12,3453
T03,The Whisper Man,Q133852597,IT,it,L'uomo dei sussurri,2026-09-13,3931
T03,The Whisper Man,Q133852597,IT,it,L'uomo dei sussurri,2026-09-14,2399
T03,The Whisper Man,Q133852597,IT,it,L'uomo dei sussurri,2026-09-15,2937
T03,The Whisper Man,Q133852597,IT,it,L'uomo dei sussurri,2026-09-16,2439
T03,The Whisper Man,Q133852597,IT,it,L'uomo dei sussurri,2026-09-17,1973
T03,The Whisper Man,Q133852597,IT,it,L'uomo dei sussurri,2026-09-18,1892
T03,The Whisper Man,Q133852597,IT,it,L'uomo dei sussurri,2026-09-19,2375
T03,The Whisper Man,Q133852597,IT,it,L'uomo dei sussurri,2026-09-20,2678
T03,The Whisper Man,Q133852597,KR,ko,위스퍼맨,2026-06-01,0
T03,The Whisper Man,Q133852597,KR,ko,위스퍼맨,2026-06-02,1
T03,The Whisper Man,Q133852597,KR,ko,위스퍼맨,2026-06-03,0
T03,The Whisper Man,Q133852597,KR,ko,위스퍼맨,2026-06-04,0
T03,The Whisper Man,Q133852597,KR,ko,위스퍼맨,2026-06-05,0
T03,The Whisper Man,Q133852597,KR,ko,위스퍼맨,2026-06-06,0
T03,The Whisper Man,Q133852597,KR,ko,위스퍼맨,2026-06-07,0
T03,The Whisper Man,Q133852597,KR,ko,위스퍼맨,2026-06-08,0
T03,The Whisper Man,Q133852597,KR,ko,위스퍼맨,2026-06-09,0
T03,The Whisper Man,Q133852597,KR,ko,위스퍼맨,2026-06-10,1
T03,The Whisper Man,Q133852597,KR,ko,위스퍼맨,2026-06-11,0
T03,The Whisper Man,Q133852597,KR,ko,위스퍼맨,2026-06-12,0
T03,The Whisper Man,Q133852597,KR,ko,위스퍼맨,2026-06-13,1
T03,The Whisper Man,Q133852597,KR,ko,위스퍼맨,2026-06-14,2
T03,The Whisper Man,Q133852597,KR,ko,위스퍼맨,2026-06-15,0
T03,The Whisper Man,Q133852597,KR,ko,위스퍼맨,2026-06-16,0
T03,The Whisper Man,Q133852597,KR,ko,위스퍼맨,2026-06-17,0
T03,The Whisper Man,Q133852597,KR,ko,위스퍼맨,2026-06-18,1
T03,The Whisper Man,Q133852597,KR,ko,위스퍼맨,2026-06-19,0
T03,The Whisper Man,Q133852597,KR,ko,위스퍼맨,2026-06-20,0
T03,The Whisper Man,Q133852597,KR,ko,위스퍼맨,2026-06-21,3
T03,The Whisper Man,Q133852597,KR,ko,위스퍼맨,2026-06-22,0
T03,The Whisper Man,Q133852597,KR,ko,위스퍼맨,2026-06-23,0
T03,The Whisper Man,Q133852597,KR,ko,위스퍼맨,2026-06-24,2
T03,The Whisper Man,Q133852597,KR,ko,위스퍼맨,2026-06-25,1
T03,The Whisper Man,Q133852597,KR,ko,위스퍼맨,2026-06-26,1
T03,The Whisper Man,Q133852597,KR,ko,위스퍼맨,2026-06-27,2
T03,The Whisper Man,Q133852597,KR,ko,위스퍼맨,2026-06-28,0
T03,The Whisper Man,Q133852597,KR,ko,위스퍼맨,2026-06-29,1
T03,The Whisper Man,Q133852597,KR,ko,위스퍼맨,2026-06-30,0
T03,The Whisper Man,Q133852597,KR,ko,위스퍼맨,2026-07-01,0
T03,The Whisper Man,Q133852597,KR,ko,위스퍼맨,2026-07-02,0
T03,The Whisper Man,Q133852597,KR,ko,위스퍼맨,2026-07-03,0
T03,The Whisper Man,Q133852597,KR,ko,위스퍼맨,2026-07-04,0
T03,The Whisper Man,Q133852597,KR,ko,위스퍼맨,2026-07-05,0
T03,The Whisper Man,Q133852597,KR,ko,위스퍼맨,2026-07-06,0
T03,The Whisper Man,Q133852597,KR,ko,위스퍼맨,2026-07-07,0
T03,The Whisper Man,Q133852597,KR,ko,위스퍼맨,2026-07-08,0
T03,The Whisper Man,Q133852597,KR,ko,위스퍼맨,2026-07-09,5
T03,The Whisper Man,Q133852597,KR,ko,위스퍼맨,2026-07-10,1
T03,The Whisper Man,Q133852597,KR,ko,위스퍼맨,2026-07-11,2
T03,The Whisper Man,Q133852597,KR,ko,위스퍼맨,2026-07-12,0
T03,The Whisper Man,Q133852597,KR,ko,위스퍼맨,2026-07-13,0
T03,The Whisper Man,Q133852597,KR,ko,위스퍼맨,2026-07-14,12
T03,The Whisper Man,Q133852597,KR,ko,위스퍼맨,2026-07-15,3
T03,The Whisper Man,Q133852597,KR,ko,위스퍼맨,2026-07-16,3
T03,The Whisper Man,Q133852597,KR,ko,위스퍼맨,2026-07-17,0
T03,The Whisper Man,Q133852597,KR,ko,위스퍼맨,2026-07-18,1
T03,The Whisper Man,Q133852597,KR,ko,위스퍼맨,2026-07-19,2
T03,The Whisper Man,Q133852597,KR,ko,위스퍼맨,2026-07-20,0
T03,The Whisper Man,Q133852597,KR,ko,위스퍼맨,2026-07-21,0
T03,The Whisper Man,Q133852597,KR,ko,위스퍼맨,2026-07-22,0
T03,The Whisper Man,Q133852597,KR,ko,위스퍼맨,2026-07-23,1
T03,The Whisper Man,Q133852597,KR,ko,위스퍼맨,2026-07-24,0
T03,The Whisper Man,Q133852597,KR,ko,위스퍼맨,2026-07-25,3
T03,The Whisper Man,Q133852597,KR,ko,위스퍼맨,2026-07-26,2
T03,The Whisper Man,Q133852597,KR,ko,위스퍼맨,2026-07-27,1
T03,The Whisper Man,Q133852597,KR,ko,위스퍼맨,2026-07-28,0
T03,The Whisper Man,Q133852597,KR,ko,위스퍼맨,2026-07-29,0
T03,The Whisper Man,Q133852597,KR,ko,위스퍼맨,2026-07-30,2
T03,The Whisper Man,Q133852597,KR,ko,위스퍼맨,2026-07-31,5
T03,The Whisper Man,Q133852597,KR,ko,위스퍼맨,2026-08-01,6
T03,The Whisper Man,Q133852597,KR,ko,위스퍼맨,2026-08-02,5
T03,The Whisper Man,Q133852597,KR,ko,위스퍼맨,2026-08-03,4
T03,The Whisper Man,Q133852597,KR,ko,위스퍼맨,2026-08-04,1
T03,The Whisper Man,Q133852597,KR,ko,위스퍼맨,2026-08-05,1
T03,The Whisper Man,Q133852597,KR,ko,위스퍼맨,2026-08-06,3
T03,The Whisper Man,Q133852597,KR,ko,위스퍼맨,2026-08-07,1
T03,The Whisper Man,Q133852597,KR,ko,위스퍼맨,2026-08-08,4
T03,The Whisper Man,Q133852597,KR,ko,위스퍼맨,2026-08-09,3
T03,The Whisper Man,Q133852597,KR,ko,위스퍼맨,2026-08-10,3
T03,The Whisper Man,Q133852597,KR,ko,위스퍼맨,2026-08-11,1
T03,The Whisper Man,Q133852597,KR,ko,위스퍼맨,2026-08-12,9
T03,The Whisper Man,Q133852597,KR,ko,위스퍼맨,2026-08-13,0
T03,The Whisper Man,Q133852597,KR,ko,위스퍼맨,2026-08-14,5
T03,The Whisper Man,Q133852597,KR,ko,위스퍼맨,2026-08-15,5
T03,The Whisper Man,Q133852597,KR,ko,위스퍼맨,2026-08-16,15
T03,The Whisper Man,Q133852597,KR,ko,위스퍼맨,2026-08-17,21
T03,The Whisper Man,Q133852597,KR,ko,위스퍼맨,2026-08-18,22
T03,The Whisper Man,Q133852597,KR,ko,위스퍼맨,2026-08-19,14
T03,The Whisper Man,Q133852597,KR,ko,위스퍼맨,2026-08-20,10
T03,The Whisper Man,Q133852597,KR,ko,위스퍼맨,2026-08-21,8
T03,The Whisper Man,Q133852597,KR,ko,위스퍼맨,2026-08-22,12
T03,The Whisper Man,Q133852597,KR,ko,위스퍼맨,2026-08-23,13
T03,The Whisper Man,Q133852597,KR,ko,위스퍼맨,2026-08-24,11
T03,The Whisper Man,Q133852597,KR,ko,위스퍼맨,2026-08-25,5
T03,The Whisper Man,Q133852597,KR,ko,위스퍼맨,2026-08-26,14
T03,The Whisper Man,Q133852597,KR,ko,위스퍼맨,2026-08-27,10
T03,The Whisper Man,Q133852597,KR,ko,위스퍼맨,2026-08-28,320
T03,The Whisper Man,Q133852597,KR,ko,위스퍼맨,2026-08-29,584
T03,The Whisper Man,Q133852597,KR,ko,위스퍼맨,2026-08-30,386
T03,The Whisper Man,Q133852597,KR,ko,위스퍼맨,2026-08-31,234
T03,The Whisper Man,Q133852597,KR,ko,위스퍼맨,2026-09-01,182
T03,The Whisper Man,Q133852597,KR,ko,위스퍼맨,2026-09-02,330
T03,The Whisper Man,Q133852597,KR,ko,위스퍼맨,2026-09-03,292
T03,The Whisper Man,Q133852597,KR,ko,위스퍼맨,2026-09-04,305
T03,The Whisper Man,Q133852597,KR,ko,위스퍼맨,2026-09-05,406
T03,The Whisper Man,Q133852597,KR,ko,위스퍼맨,2026-09-06,311
T03,The Whisper Man,Q133852597,KR,ko,위스퍼맨,2026-09-07,181
T03,The Whisper Man,Q133852597,KR,ko,위스퍼맨,2026-09-08,129
T03,The Whisper Man,Q133852597,KR,ko,위스퍼맨,2026-09-09,84
T03,The Whisper Man,Q133852597,KR,ko,위스퍼맨,2026-09-10,62
T03,The Whisper Man,Q133852597,KR,ko,위스퍼맨,2026-09-11,82
T03,The Whisper Man,Q133852597,KR,ko,위스퍼맨,2026-09-12,101
T03,The Whisper Man,Q133852597,KR,ko,위스퍼맨,2026-09-13,116
T03,The Whisper Man,Q133852597,KR,ko,위스퍼맨,2026-09-14,54
T03,The Whisper Man,Q133852597,KR,ko,위스퍼맨,2026-09-15,25
T03,The Whisper Man,Q133852597,KR,ko,위스퍼맨,2026-09-16,18
T03,The Whisper Man,Q133852597,KR,ko,위스퍼맨,2026-09-17,23
T03,The Whisper Man,Q133852597,KR,ko,위스퍼맨,2026-09-18,20
T03,The Whisper Man,Q133852597,KR,ko,위스퍼맨,2026-09-19,31
T03,The Whisper Man,Q133852597,KR,ko,위스퍼맨,2026-09-20,52
T04,Elize: Shadows of a Woman,Q140524489,FR,fr,Elize : Surgie de l'ombre,2026-06-01,0
T04,Elize: Shadows of a Woman,Q140524489,FR,fr,Elize : Surgie de l'ombre,2026-06-02,0
T04,Elize: Shadows of a Woman,Q140524489,FR,fr,Elize : Surgie de l'ombre,2026-06-03,0
T04,Elize: Shadows of a Woman,Q140524489,FR,fr,Elize : Surgie de l'ombre,2026-06-04,0
T04,Elize: Shadows of a Woman,Q140524489,FR,fr,Elize : Surgie de l'ombre,2026-06-05,0
T04,Elize: Shadows of a Woman,Q140524489,FR,fr,Elize : Surgie de l'ombre,2026-06-06,0
T04,Elize: Shadows of a Woman,Q140524489,FR,fr,Elize : Surgie de l'ombre,2026-06-07,0
T04,Elize: Shadows of a Woman,Q140524489,FR,fr,Elize : Surgie de l'ombre,2026-06-08,0
T04,Elize: Shadows of a Woman,Q140524489,FR,fr,Elize : Surgie de l'ombre,2026-06-09,0
T04,Elize: Shadows of a Woman,Q140524489,FR,fr,Elize : Surgie de l'ombre,2026-06-10,0
T04,Elize: Shadows of a Woman,Q140524489,FR,fr,Elize : Surgie de l'ombre,2026-06-11,0
T04,Elize: Shadows of a Woman,Q140524489,FR,fr,Elize : Surgie de l'ombre,2026-06-12,0
T04,Elize: Shadows of a Woman,Q140524489,FR,fr,Elize : Surgie de l'ombre,2026-06-13,0
T04,Elize: Shadows of a Woman,Q140524489,FR,fr,Elize : Surgie de l'ombre,2026-06-14,0
T04,Elize: Shadows of a Woman,Q140524489,FR,fr,Elize : Surgie de l'ombre,2026-06-15,0
T04,Elize: Shadows of a Woman,Q140524489,FR,fr,Elize : Surgie de l'ombre,2026-06-16,0
T04,Elize: Shadows of a Woman,Q140524489,FR,fr,Elize : Surgie de l'ombre,2026-06-17,0
T04,Elize: Shadows of a Woman,Q140524489,FR,fr,Elize : Surgie de l'ombre,2026-06-18,0
T04,Elize: Shadows of a Woman,Q140524489,FR,fr,Elize : Surgie de l'ombre,2026-06-19,0
T04,Elize: Shadows of a Woman,Q140524489,FR,fr,Elize : Surgie de l'ombre,2026-06-20,0
T04,Elize: Shadows of a Woman,Q140524489,FR,fr,Elize : Surgie de l'ombre,2026-06-21,0
T04,Elize: Shadows of a Woman,Q140524489,FR,fr,Elize : Surgie de l'ombre,2026-06-22,0
T04,Elize: Shadows of a Woman,Q140524489,FR,fr,Elize : Surgie de l'ombre,2026-06-23,0
T04,Elize: Shadows of a Woman,Q140524489,FR,fr,Elize : Surgie de l'ombre,2026-06-24,0
T04,Elize: Shadows of a Woman,Q140524489,FR,fr,Elize : Surgie de l'ombre,2026-06-25,0
T04,Elize: Shadows of a Woman,Q140524489,FR,fr,Elize : Surgie de l'ombre,2026-06-26,0
T04,Elize: Shadows of a Woman,Q140524489,FR,fr,Elize : Surgie de l'ombre,2026-06-27,0
T04,Elize: Shadows of a Woman,Q140524489,FR,fr,Elize : Surgie de l'ombre,2026-06-28,0
T04,Elize: Shadows of a Woman,Q140524489,FR,fr,Elize : Surgie de l'ombre,2026-06-29,0
T04,Elize: Shadows of a Woman,Q140524489,FR,fr,Elize : Surgie de l'ombre,2026-06-30,0
T04,Elize: Shadows of a Woman,Q140524489,FR,fr,Elize : Surgie de l'ombre,2026-07-01,0
T04,Elize: Shadows of a Woman,Q140524489,FR,fr,Elize : Surgie de l'ombre,2026-07-02,0
T04,Elize: Shadows of a Woman,Q140524489,FR,fr,Elize : Surgie de l'ombre,2026-07-03,0
T04,Elize: Shadows of a Woman,Q140524489,FR,fr,Elize : Surgie de l'ombre,2026-07-04,0
T04,Elize: Shadows of a Woman,Q140524489,FR,fr,Elize : Surgie de l'ombre,2026-07-05,0
T04,Elize: Shadows of a Woman,Q140524489,FR,fr,Elize : Surgie de l'ombre,2026-07-06,0
T04,Elize: Shadows of a Woman,Q140524489,FR,fr,Elize : Surgie de l'ombre,2026-07-07,0
T04,Elize: Shadows of a Woman,Q140524489,FR,fr,Elize : Surgie de l'ombre,2026-07-08,0
T04,Elize: Shadows of a Woman,Q140524489,FR,fr,Elize : Surgie de l'ombre,2026-07-09,0
T04,Elize: Shadows of a Woman,Q140524489,FR,fr,Elize : Surgie de l'ombre,2026-07-10,0
T04,Elize: Shadows of a Woman,Q140524489,FR,fr,Elize : Surgie de l'ombre,2026-07-11,0
T04,Elize: Shadows of a Woman,Q140524489,FR,fr,Elize : Surgie de l'ombre,2026-07-12,0
T04,Elize: Shadows of a Woman,Q140524489,FR,fr,Elize : Surgie de l'ombre,2026-07-13,0
T04,Elize: Shadows of a Woman,Q140524489,FR,fr,Elize : Surgie de l'ombre,2026-07-14,0
T04,Elize: Shadows of a Woman,Q140524489,FR,fr,Elize : Surgie de l'ombre,2026-07-15,0
T04,Elize: Shadows of a Woman,Q140524489,FR,fr,Elize : Surgie de l'ombre,2026-07-16,0
T04,Elize: Shadows of a Woman,Q140524489,FR,fr,Elize : Surgie de l'ombre,2026-07-17,0
T04,Elize: Shadows of a Woman,Q140524489,FR,fr,Elize : Surgie de l'ombre,2026-07-18,0
T04,Elize: Shadows of a Woman,Q140524489,FR,fr,Elize : Surgie de l'ombre,2026-07-19,0
T04,Elize: Shadows of a Woman,Q140524489,FR,fr,Elize : Surgie de l'ombre,2026-07-20,0
T04,Elize: Shadows of a Woman,Q140524489,FR,fr,Elize : Surgie de l'ombre,2026-07-21,0
T04,Elize: Shadows of a Woman,Q140524489,FR,fr,Elize : Surgie de l'ombre,2026-07-22,0
T04,Elize: Shadows of a Woman,Q140524489,FR,fr,Elize : Surgie de l'ombre,2026-07-23,0
T04,Elize: Shadows of a Woman,Q140524489,FR,fr,Elize : Surgie de l'ombre,2026-07-24,0
T04,Elize: Shadows of a Woman,Q140524489,FR,fr,Elize : Surgie de l'ombre,2026-07-25,0
T04,Elize: Shadows of a Woman,Q140524489,FR,fr,Elize : Surgie de l'ombre,2026-07-26,0
T04,Elize: Shadows of a Woman,Q140524489,FR,fr,Elize : Surgie de l'ombre,2026-07-27,0
T04,Elize: Shadows of a Woman,Q140524489,FR,fr,Elize : Surgie de l'ombre,2026-07-28,0
T04,Elize: Shadows of a Woman,Q140524489,FR,fr,Elize : Surgie de l'ombre,2026-07-29,702
T04,Elize: Shadows of a Woman,Q140524489,FR,fr,Elize : Surgie de l'ombre,2026-07-30,902
T04,Elize: Shadows of a Woman,Q140524489,FR,fr,Elize : Surgie de l'ombre,2026-07-31,1413
T04,Elize: Shadows of a Woman,Q140524489,FR,fr,Elize : Surgie de l'ombre,2026-08-01,892
T04,Elize: Shadows of a Woman,Q140524489,FR,fr,Elize : Surgie de l'ombre,2026-08-02,669
T04,Elize: Shadows of a Woman,Q140524489,FR,fr,Elize : Surgie de l'ombre,2026-08-03,481
T04,Elize: Shadows of a Woman,Q140524489,FR,fr,Elize : Surgie de l'ombre,2026-08-04,2692
T04,Elize: Shadows of a Woman,Q140524489,FR,fr,Elize : Surgie de l'ombre,2026-08-05,987
T04,Elize: Shadows of a Woman,Q140524489,FR,fr,Elize : Surgie de l'ombre,2026-08-06,824
T04,Elize: Shadows of a Woman,Q140524489,FR,fr,Elize : Surgie de l'ombre,2026-08-07,945
T04,Elize: Shadows of a Woman,Q140524489,FR,fr,Elize : Surgie de l'ombre,2026-08-08,705
T04,Elize: Shadows of a Woman,Q140524489,FR,fr,Elize : Surgie de l'ombre,2026-08-09,872
T04,Elize: Shadows of a Woman,Q140524489,FR,fr,Elize : Surgie de l'ombre,2026-08-10,402
T04,Elize: Shadows of a Woman,Q140524489,FR,fr,Elize : Surgie de l'ombre,2026-08-11,286
T04,Elize: Shadows of a Woman,Q140524489,FR,fr,Elize : Surgie de l'ombre,2026-08-12,225
T04,Elize: Shadows of a Woman,Q140524489,FR,fr,Elize : Surgie de l'ombre,2026-08-13,227
T04,Elize: Shadows of a Woman,Q140524489,FR,fr,Elize : Surgie de l'ombre,2026-08-14,191
T04,Elize: Shadows of a Woman,Q140524489,FR,fr,Elize : Surgie de l'ombre,2026-08-15,222
T04,Elize: Shadows of a Woman,Q140524489,FR,fr,Elize : Surgie de l'ombre,2026-08-16,217
T04,Elize: Shadows of a Woman,Q140524489,FR,fr,Elize : Surgie de l'ombre,2026-08-17,931
T04,Elize: Shadows of a Woman,Q140524489,FR,fr,Elize : Surgie de l'ombre,2026-08-18,1478
T04,Elize: Shadows of a Woman,Q140524489,FR,fr,Elize : Surgie de l'ombre,2026-08-19,449
T04,Elize: Shadows of a Woman,Q140524489,FR,fr,Elize : Surgie de l'ombre,2026-08-20,508
T04,Elize: Shadows of a Woman,Q140524489,FR,fr,Elize : Surgie de l'ombre,2026-08-21,590
T04,Elize: Shadows of a Woman,Q140524489,FR,fr,Elize : Surgie de l'ombre,2026-08-22,502
T04,Elize: Shadows of a Woman,Q140524489,FR,fr,Elize : Surgie de l'ombre,2026-08-23,532
T04,Elize: Shadows of a Woman,Q140524489,FR,fr,Elize : Surgie de l'ombre,2026-08-24,442
T04,Elize: Shadows of a Woman,Q140524489,FR,fr,Elize : Surgie de l'ombre,2026-08-25,416
T04,Elize: Shadows of a Woman,Q140524489,FR,fr,Elize : Surgie de l'ombre,2026-08-26,398
T04,Elize: Shadows of a Woman,Q140524489,FR,fr,Elize : Surgie de l'ombre,2026-08-27,383
T04,Elize: Shadows of a Woman,Q140524489,FR,fr,Elize : Surgie de l'ombre,2026-08-28,405
T04,Elize: Shadows of a Woman,Q140524489,FR,fr,Elize : Surgie de l'ombre,2026-08-29,214
T04,Elize: Shadows of a Woman,Q140524489,FR,fr,Elize : Surgie de l'ombre,2026-08-30,236
T04,Elize: Shadows of a Woman,Q140524489,FR,fr,Elize : Surgie de l'ombre,2026-08-31,135
T04,Elize: Shadows of a Woman,Q140524489,FR,fr,Elize : Surgie de l'ombre,2026-09-01,146
T04,Elize: Shadows of a Woman,Q140524489,FR,fr,Elize : Surgie de l'ombre,2026-09-02,128
T04,Elize: Shadows of a Woman,Q140524489,FR,fr,Elize : Surgie de l'ombre,2026-09-03,104
T04,Elize: Shadows of a Woman,Q140524489,FR,fr,Elize : Surgie de l'ombre,2026-09-04,112
T04,Elize: Shadows of a Woman,Q140524489,FR,fr,Elize : Surgie de l'ombre,2026-09-05,124
T04,Elize: Shadows of a Woman,Q140524489,FR,fr,Elize : Surgie de l'ombre,2026-09-06,147
T04,Elize: Shadows of a Woman,Q140524489,FR,fr,Elize : Surgie de l'ombre,2026-09-07,97
T04,Elize: Shadows of a Woman,Q140524489,FR,fr,Elize : Surgie de l'ombre,2026-09-08,92
T04,Elize: Shadows of a Woman,Q140524489,FR,fr,Elize : Surgie de l'ombre,2026-09-09,91
T04,Elize: Shadows of a Woman,Q140524489,FR,fr,Elize : Surgie de l'ombre,2026-09-10,66
T04,Elize: Shadows of a Woman,Q140524489,FR,fr,Elize : Surgie de l'ombre,2026-09-11,68
T04,Elize: Shadows of a Woman,Q140524489,FR,fr,Elize : Surgie de l'ombre,2026-09-12,86
T04,Elize: Shadows of a Woman,Q140524489,FR,fr,Elize : Surgie de l'ombre,2026-09-13,103
T04,Elize: Shadows of a Woman,Q140524489,FR,fr,Elize : Surgie de l'ombre,2026-09-14,58
T04,Elize: Shadows of a Woman,Q140524489,FR,fr,Elize : Surgie de l'ombre,2026-09-15,51
T04,Elize: Shadows of a Woman,Q140524489,FR,fr,Elize : Surgie de l'ombre,2026-09-16,57
T04,Elize: Shadows of a Woman,Q140524489,FR,fr,Elize : Surgie de l'ombre,2026-09-17,42
T04,Elize: Shadows of a Woman,Q140524489,FR,fr,Elize : Surgie de l'ombre,2026-09-18,34
T04,Elize: Shadows of a Woman,Q140524489,FR,fr,Elize : Surgie de l'ombre,2026-09-19,52
T04,Elize: Shadows of a Woman,Q140524489,FR,fr,Elize : Surgie de l'ombre,2026-09-20,75
T04,Elize: Shadows of a Woman,Q140524489,BR,pt,Elize: Sombras de uma Mulher,2026-06-01,0
T04,Elize: Shadows of a Woman,Q140524489,BR,pt,Elize: Sombras de uma Mulher,2026-06-02,0
T04,Elize: Shadows of a Woman,Q140524489,BR,pt,Elize: Sombras de uma Mulher,2026-06-03,0
T04,Elize: Shadows of a Woman,Q140524489,BR,pt,Elize: Sombras de uma Mulher,2026-06-04,0
T04,Elize: Shadows of a Woman,Q140524489,BR,pt,Elize: Sombras de uma Mulher,2026-06-05,0
T04,Elize: Shadows of a Woman,Q140524489,BR,pt,Elize: Sombras de uma Mulher,2026-06-06,0
T04,Elize: Shadows of a Woman,Q140524489,BR,pt,Elize: Sombras de uma Mulher,2026-06-07,0
T04,Elize: Shadows of a Woman,Q140524489,BR,pt,Elize: Sombras de uma Mulher,2026-06-08,0
T04,Elize: Shadows of a Woman,Q140524489,BR,pt,Elize: Sombras de uma Mulher,2026-06-09,0
T04,Elize: Shadows of a Woman,Q140524489,BR,pt,Elize: Sombras de uma Mulher,2026-06-10,0
T04,Elize: Shadows of a Woman,Q140524489,BR,pt,Elize: Sombras de uma Mulher,2026-06-11,0
T04,Elize: Shadows of a Woman,Q140524489,BR,pt,Elize: Sombras de uma Mulher,2026-06-12,0
T04,Elize: Shadows of a Woman,Q140524489,BR,pt,Elize: Sombras de uma Mulher,2026-06-13,0
T04,Elize: Shadows of a Woman,Q140524489,BR,pt,Elize: Sombras de uma Mulher,2026-06-14,0
T04,Elize: Shadows of a Woman,Q140524489,BR,pt,Elize: Sombras de uma Mulher,2026-06-15,0
T04,Elize: Shadows of a Woman,Q140524489,BR,pt,Elize: Sombras de uma Mulher,2026-06-16,0
T04,Elize: Shadows of a Woman,Q140524489,BR,pt,Elize: Sombras de uma Mulher,2026-06-17,0
T04,Elize: Shadows of a Woman,Q140524489,BR,pt,Elize: Sombras de uma Mulher,2026-06-18,0
T04,Elize: Shadows of a Woman,Q140524489,BR,pt,Elize: Sombras de uma Mulher,2026-06-19,0
T04,Elize: Shadows of a Woman,Q140524489,BR,pt,Elize: Sombras de uma Mulher,2026-06-20,0
T04,Elize: Shadows of a Woman,Q140524489,BR,pt,Elize: Sombras de uma Mulher,2026-06-21,0
T04,Elize: Shadows of a Woman,Q140524489,BR,pt,Elize: Sombras de uma Mulher,2026-06-22,0
T04,Elize: Shadows of a Woman,Q140524489,BR,pt,Elize: Sombras de uma Mulher,2026-06-23,0
T04,Elize: Shadows of a Woman,Q140524489,BR,pt,Elize: Sombras de uma Mulher,2026-06-24,0
T04,Elize: Shadows of a Woman,Q140524489,BR,pt,Elize: Sombras de uma Mulher,2026-06-25,0
T04,Elize: Shadows of a Woman,Q140524489,BR,pt,Elize: Sombras de uma Mulher,2026-06-26,0
T04,Elize: Shadows of a Woman,Q140524489,BR,pt,Elize: Sombras de uma Mulher,2026-06-27,0
T04,Elize: Shadows of a Woman,Q140524489,BR,pt,Elize: Sombras de uma Mulher,2026-06-28,0
T04,Elize: Shadows of a Woman,Q140524489,BR,pt,Elize: Sombras de uma Mulher,2026-06-29,0
T04,Elize: Shadows of a Woman,Q140524489,BR,pt,Elize: Sombras de uma Mulher,2026-06-30,0
T04,Elize: Shadows of a Woman,Q140524489,BR,pt,Elize: Sombras de uma Mulher,2026-07-01,0
T04,Elize: Shadows of a Woman,Q140524489,BR,pt,Elize: Sombras de uma Mulher,2026-07-02,0
T04,Elize: Shadows of a Woman,Q140524489,BR,pt,Elize: Sombras de uma Mulher,2026-07-03,0
T04,Elize: Shadows of a Woman,Q140524489,BR,pt,Elize: Sombras de uma Mulher,2026-07-04,0
T04,Elize: Shadows of a Woman,Q140524489,BR,pt,Elize: Sombras de uma Mulher,2026-07-05,0
T04,Elize: Shadows of a Woman,Q140524489,BR,pt,Elize: Sombras de uma Mulher,2026-07-06,0
T04,Elize: Shadows of a Woman,Q140524489,BR,pt,Elize: Sombras de uma Mulher,2026-07-07,0
T04,Elize: Shadows of a Woman,Q140524489,BR,pt,Elize: Sombras de uma Mulher,2026-07-08,130
T04,Elize: Shadows of a Woman,Q140524489,BR,pt,Elize: Sombras de uma Mulher,2026-07-09,85
T04,Elize: Shadows of a Woman,Q140524489,BR,pt,Elize: Sombras de uma Mulher,2026-07-10,58
T04,Elize: Shadows of a Woman,Q140524489,BR,pt,Elize: Sombras de uma Mulher,2026-07-11,49
T04,Elize: Shadows of a Woman,Q140524489,BR,pt,Elize: Sombras de uma Mulher,2026-07-12,57
T04,Elize: Shadows of a Woman,Q140524489,BR,pt,Elize: Sombras de uma Mulher,2026-07-13,55
T04,Elize: Shadows of a Woman,Q140524489,BR,pt,Elize: Sombras de uma Mulher,2026-07-14,40
T04,Elize: Shadows of a Woman,Q140524489,BR,pt,Elize: Sombras de uma Mulher,2026-07-15,45
T04,Elize: Shadows of a Woman,Q140524489,BR,pt,Elize: Sombras de uma Mulher,2026-07-16,32
T04,Elize: Shadows of a Woman,Q140524489,BR,pt,Elize: Sombras de uma Mulher,2026-07-17,25
T04,Elize: Shadows of a Woman,Q140524489,BR,pt,Elize: Sombras de uma Mulher,2026-07-18,26
T04,Elize: Shadows of a Woman,Q140524489,BR,pt,Elize: Sombras de uma Mulher,2026-07-19,38
T04,Elize: Shadows of a Woman,Q140524489,BR,pt,Elize: Sombras de uma Mulher,2026-07-20,36
T04,Elize: Shadows of a Woman,Q140524489,BR,pt,Elize: Sombras de uma Mulher,2026-07-21,50
T04,Elize: Shadows of a Woman,Q140524489,BR,pt,Elize: Sombras de uma Mulher,2026-07-22,1359
T04,Elize: Shadows of a Woman,Q140524489,BR,pt,Elize: Sombras de uma Mulher,2026-07-23,2034
T04,Elize: Shadows of a Woman,Q140524489,BR,pt,Elize: Sombras de uma Mulher,2026-07-24,1808
T04,Elize: Shadows of a Woman,Q140524489,BR,pt,Elize: Sombras de uma Mulher,2026-07-25,2305
T04,Elize: Shadows of a Woman,Q140524489,BR,pt,Elize: Sombras de uma Mulher,2026-07-26,3256
T04,Elize: Shadows of a Woman,Q140524489,BR,pt,Elize: Sombras de uma Mulher,2026-07-27,2374
T04,Elize: Shadows of a Woman,Q140524489,BR,pt,Elize: Sombras de uma Mulher,2026-07-28,1919
T04,Elize: Shadows of a Woman,Q140524489,BR,pt,Elize: Sombras de uma Mulher,2026-07-29,1575
T04,Elize: Shadows of a Woman,Q140524489,BR,pt,Elize: Sombras de uma Mulher,2026-07-30,1422
T04,Elize: Shadows of a Woman,Q140524489,BR,pt,Elize: Sombras de uma Mulher,2026-07-31,1941
T04,Elize: Shadows of a Woman,Q140524489,BR,pt,Elize: Sombras de uma Mulher,2026-08-01,2294
T04,Elize: Shadows of a Woman,Q140524489,BR,pt,Elize: Sombras de uma Mulher,2026-08-02,1071
T04,Elize: Shadows of a Woman,Q140524489,BR,pt,Elize: Sombras de uma Mulher,2026-08-03,1599
T04,Elize: Shadows of a Woman,Q140524489,BR,pt,Elize: Sombras de uma Mulher,2026-08-04,1346
T04,Elize: Shadows of a Woman,Q140524489,BR,pt,Elize: Sombras de uma Mulher,2026-08-05,714
T04,Elize: Shadows of a Woman,Q140524489,BR,pt,Elize: Sombras de uma Mulher,2026-08-06,246
T04,Elize: Shadows of a Woman,Q140524489,BR,pt,Elize: Sombras de uma Mulher,2026-08-07,174
T04,Elize: Shadows of a Woman,Q140524489,BR,pt,Elize: Sombras de uma Mulher,2026-08-08,178
T04,Elize: Shadows of a Woman,Q140524489,BR,pt,Elize: Sombras de uma Mulher,2026-08-09,172
T04,Elize: Shadows of a Woman,Q140524489,BR,pt,Elize: Sombras de uma Mulher,2026-08-10,136
T04,Elize: Shadows of a Woman,Q140524489,BR,pt,Elize: Sombras de uma Mulher,2026-08-11,468
T04,Elize: Shadows of a Woman,Q140524489,BR,pt,Elize: Sombras de uma Mulher,2026-08-12,509
T04,Elize: Shadows of a Woman,Q140524489,BR,pt,Elize: Sombras de uma Mulher,2026-08-13,487
T04,Elize: Shadows of a Woman,Q140524489,BR,pt,Elize: Sombras de uma Mulher,2026-08-14,455
T04,Elize: Shadows of a Woman,Q140524489,BR,pt,Elize: Sombras de uma Mulher,2026-08-15,611
T04,Elize: Shadows of a Woman,Q140524489,BR,pt,Elize: Sombras de uma Mulher,2026-08-16,705
T04,Elize: Shadows of a Woman,Q140524489,BR,pt,Elize: Sombras de uma Mulher,2026-08-17,384
T04,Elize: Shadows of a Woman,Q140524489,BR,pt,Elize: Sombras de uma Mulher,2026-08-18,339
T04,Elize: Shadows of a Woman,Q140524489,BR,pt,Elize: Sombras de uma Mulher,2026-08-19,199
T04,Elize: Shadows of a Woman,Q140524489,BR,pt,Elize: Sombras de uma Mulher,2026-08-20,186
T04,Elize: Shadows of a Woman,Q140524489,BR,pt,Elize: Sombras de uma Mulher,2026-08-21,202
T04,Elize: Shadows of a Woman,Q140524489,BR,pt,Elize: Sombras de uma Mulher,2026-08-22,202
T04,Elize: Shadows of a Woman,Q140524489,BR,pt,Elize: Sombras de uma Mulher,2026-08-23,261
T04,Elize: Shadows of a Woman,Q140524489,BR,pt,Elize: Sombras de uma Mulher,2026-08-24,150
T04,Elize: Shadows of a Woman,Q140524489,BR,pt,Elize: Sombras de uma Mulher,2026-08-25,116
T04,Elize: Shadows of a Woman,Q140524489,BR,pt,Elize: Sombras de uma Mulher,2026-08-26,100
T04,Elize: Shadows of a Woman,Q140524489,BR,pt,Elize: Sombras de uma Mulher,2026-08-27,106
T04,Elize: Shadows of a Woman,Q140524489,BR,pt,Elize: Sombras de uma Mulher,2026-08-28,119
T04,Elize: Shadows of a Woman,Q140524489,BR,pt,Elize: Sombras de uma Mulher,2026-08-29,142
T04,Elize: Shadows of a Woman,Q140524489,BR,pt,Elize: Sombras de uma Mulher,2026-08-30,133
T04,Elize: Shadows of a Woman,Q140524489,BR,pt,Elize: Sombras de uma Mulher,2026-08-31,103
T04,Elize: Shadows of a Woman,Q140524489,BR,pt,Elize: Sombras de uma Mulher,2026-09-01,126
T04,Elize: Shadows of a Woman,Q140524489,BR,pt,Elize: Sombras de uma Mulher,2026-09-02,102
T04,Elize: Shadows of a Woman,Q140524489,BR,pt,Elize: Sombras de uma Mulher,2026-09-03,90
T04,Elize: Shadows of a Woman,Q140524489,BR,pt,Elize: Sombras de uma Mulher,2026-09-04,76
T04,Elize: Shadows of a Woman,Q140524489,BR,pt,Elize: Sombras de uma Mulher,2026-09-05,110
T04,Elize: Shadows of a Woman,Q140524489,BR,pt,Elize: Sombras de uma Mulher,2026-09-06,181
T04,Elize: Shadows of a Woman,Q140524489,BR,pt,Elize: Sombras de uma Mulher,2026-09-07,194
T04,Elize: Shadows of a Woman,Q140524489,BR,pt,Elize: Sombras de uma Mulher,2026-09-08,90
T04,Elize: Shadows of a Woman,Q140524489,BR,pt,Elize: Sombras de uma Mulher,2026-09-09,99
T04,Elize: Shadows of a Woman,Q140524489,BR,pt,Elize: Sombras de uma Mulher,2026-09-10,55
T04,Elize: Shadows of a Woman,Q140524489,BR,pt,Elize: Sombras de uma Mulher,2026-09-11,78
T04,Elize: Shadows of a Woman,Q140524489,BR,pt,Elize: Sombras de uma Mulher,2026-09-12,93
T04,Elize: Shadows of a Woman,Q140524489,BR,pt,Elize: Sombras de uma Mulher,2026-09-13,98
T04,Elize: Shadows of a Woman,Q140524489,BR,pt,Elize: Sombras de uma Mulher,2026-09-14,60
T04,Elize: Shadows of a Woman,Q140524489,BR,pt,Elize: Sombras de uma Mulher,2026-09-15,56
T04,Elize: Shadows of a Woman,Q140524489,BR,pt,Elize: Sombras de uma Mulher,2026-09-16,54
T04,Elize: Shadows of a Woman,Q140524489,BR,pt,Elize: Sombras de uma Mulher,2026-09-17,68
T04,Elize: Shadows of a Woman,Q140524489,BR,pt,Elize: Sombras de uma Mulher,2026-09-18,46
T04,Elize: Shadows of a Woman,Q140524489,BR,pt,Elize: Sombras de uma Mulher,2026-09-19,90
T04,Elize: Shadows of a Woman,Q140524489,BR,pt,Elize: Sombras de uma Mulher,2026-09-20,116
T05,Enola Holmes 3,Q133876041,FR,fr,Enola Holmes 3,2026-06-01,104
T05,Enola Holmes 3,Q133876041,FR,fr,Enola Holmes 3,2026-06-02,102
T05,Enola Holmes 3,Q133876041,FR,fr,Enola Holmes 3,2026-06-03,81
T05,Enola Holmes 3,Q133876041,FR,fr,Enola Holmes 3,2026-06-04,84
T05,Enola Holmes 3,Q133876041,FR,fr,Enola Holmes 3,2026-06-05,80
T05,Enola Holmes 3,Q133876041,FR,fr,Enola Holmes 3,2026-06-06,101
T05,Enola Holmes 3,Q133876041,FR,fr,Enola Holmes 3,2026-06-07,109
T05,Enola Holmes 3,Q133876041,FR,fr,Enola Holmes 3,2026-06-08,99
T05,Enola Holmes 3,Q133876041,FR,fr,Enola Holmes 3,2026-06-09,172
T05,Enola Holmes 3,Q133876041,FR,fr,Enola Holmes 3,2026-06-10,170
T05,Enola Holmes 3,Q133876041,FR,fr,Enola Holmes 3,2026-06-11,122
T05,Enola Holmes 3,Q133876041,FR,fr,Enola Holmes 3,2026-06-12,97
T05,Enola Holmes 3,Q133876041,FR,fr,Enola Holmes 3,2026-06-13,145
T05,Enola Holmes 3,Q133876041,FR,fr,Enola Holmes 3,2026-06-14,109
T05,Enola Holmes 3,Q133876041,FR,fr,Enola Holmes 3,2026-06-15,88
T05,Enola Holmes 3,Q133876041,FR,fr,Enola Holmes 3,2026-06-16,74
T05,Enola Holmes 3,Q133876041,FR,fr,Enola Holmes 3,2026-06-17,147
T05,Enola Holmes 3,Q133876041,FR,fr,Enola Holmes 3,2026-06-18,123
T05,Enola Holmes 3,Q133876041,FR,fr,Enola Holmes 3,2026-06-19,128
T05,Enola Holmes 3,Q133876041,FR,fr,Enola Holmes 3,2026-06-20,135
T05,Enola Holmes 3,Q133876041,FR,fr,Enola Holmes 3,2026-06-21,177
T05,Enola Holmes 3,Q133876041,FR,fr,Enola Holmes 3,2026-06-22,104
T05,Enola Holmes 3,Q133876041,FR,fr,Enola Holmes 3,2026-06-23,108
T05,Enola Holmes 3,Q133876041,FR,fr,Enola Holmes 3,2026-06-24,109
T05,Enola Holmes 3,Q133876041,FR,fr,Enola Holmes 3,2026-06-25,108
T05,Enola Holmes 3,Q133876041,FR,fr,Enola Holmes 3,2026-06-26,174
T05,Enola Holmes 3,Q133876041,FR,fr,Enola Holmes 3,2026-06-27,234
T05,Enola Holmes 3,Q133876041,FR,fr,Enola Holmes 3,2026-06-28,226
T05,Enola Holmes 3,Q133876041,FR,fr,Enola Holmes 3,2026-06-29,215
T05,Enola Holmes 3,Q133876041,FR,fr,Enola Holmes 3,2026-06-30,336
T05,Enola Holmes 3,Q133876041,FR,fr,Enola Holmes 3,2026-07-01,3602
T05,Enola Holmes 3,Q133876041,FR,fr,Enola Holmes 3,2026-07-02,3127
T05,Enola Holmes 3,Q133876041,FR,fr,Enola Holmes 3,2026-07-03,2704
T05,Enola Holmes 3,Q133876041,FR,fr,Enola Holmes 3,2026-07-04,2260
T05,Enola Holmes 3,Q133876041,FR,fr,Enola Holmes 3,2026-07-05,2692
T05,Enola Holmes 3,Q133876041,FR,fr,Enola Holmes 3,2026-07-06,1516
T05,Enola Holmes 3,Q133876041,FR,fr,Enola Holmes 3,2026-07-07,1283
T05,Enola Holmes 3,Q133876041,FR,fr,Enola Holmes 3,2026-07-08,1222
T05,Enola Holmes 3,Q133876041,FR,fr,Enola Holmes 3,2026-07-09,864
T05,Enola Holmes 3,Q133876041,FR,fr,Enola Holmes 3,2026-07-10,924
T05,Enola Holmes 3,Q133876041,FR,fr,Enola Holmes 3,2026-07-11,1354
T05,Enola Holmes 3,Q133876041,FR,fr,Enola Holmes 3,2026-07-12,1209
T05,Enola Holmes 3,Q133876041,FR,fr,Enola Holmes 3,2026-07-13,853
T05,Enola Holmes 3,Q133876041,FR,fr,Enola Holmes 3,2026-07-14,659
T05,Enola Holmes 3,Q133876041,FR,fr,Enola Holmes 3,2026-07-15,545
T05,Enola Holmes 3,Q133876041,FR,fr,Enola Holmes 3,2026-07-16,514
T05,Enola Holmes 3,Q133876041,FR,fr,Enola Holmes 3,2026-07-17,493
T05,Enola Holmes 3,Q133876041,FR,fr,Enola Holmes 3,2026-07-18,502
T05,Enola Holmes 3,Q133876041,FR,fr,Enola Holmes 3,2026-07-19,548
T05,Enola Holmes 3,Q133876041,FR,fr,Enola Holmes 3,2026-07-20,443
T05,Enola Holmes 3,Q133876041,FR,fr,Enola Holmes 3,2026-07-21,415
T05,Enola Holmes 3,Q133876041,FR,fr,Enola Holmes 3,2026-07-22,372
T05,Enola Holmes 3,Q133876041,FR,fr,Enola Holmes 3,2026-07-23,347
T05,Enola Holmes 3,Q133876041,FR,fr,Enola Holmes 3,2026-07-24,293
T05,Enola Holmes 3,Q133876041,FR,fr,Enola Holmes 3,2026-07-25,398
T05,Enola Holmes 3,Q133876041,FR,fr,Enola Holmes 3,2026-07-26,489
T05,Enola Holmes 3,Q133876041,FR,fr,Enola Holmes 3,2026-07-27,315
T05,Enola Holmes 3,Q133876041,FR,fr,Enola Holmes 3,2026-07-28,294
T05,Enola Holmes 3,Q133876041,FR,fr,Enola Holmes 3,2026-07-29,260
T05,Enola Holmes 3,Q133876041,FR,fr,Enola Holmes 3,2026-07-30,275
T05,Enola Holmes 3,Q133876041,FR,fr,Enola Holmes 3,2026-07-31,265
T05,Enola Holmes 3,Q133876041,FR,fr,Enola Holmes 3,2026-08-01,310
T05,Enola Holmes 3,Q133876041,FR,fr,Enola Holmes 3,2026-08-02,333
T05,Enola Holmes 3,Q133876041,FR,fr,Enola Holmes 3,2026-08-03,299
T05,Enola Holmes 3,Q133876041,FR,fr,Enola Holmes 3,2026-08-04,267
T05,Enola Holmes 3,Q133876041,FR,fr,Enola Holmes 3,2026-08-05,239
T05,Enola Holmes 3,Q133876041,FR,fr,Enola Holmes 3,2026-08-06,184
T05,Enola Holmes 3,Q133876041,FR,fr,Enola Holmes 3,2026-08-07,181
T05,Enola Holmes 3,Q133876041,FR,fr,Enola Holmes 3,2026-08-08,203
T05,Enola Holmes 3,Q133876041,FR,fr,Enola Holmes 3,2026-08-09,279
T05,Enola Holmes 3,Q133876041,FR,fr,Enola Holmes 3,2026-08-10,202
T05,Enola Holmes 3,Q133876041,FR,fr,Enola Holmes 3,2026-08-11,180
T05,Enola Holmes 3,Q133876041,FR,fr,Enola Holmes 3,2026-08-12,142
T05,Enola Holmes 3,Q133876041,FR,fr,Enola Holmes 3,2026-08-13,183
T05,Enola Holmes 3,Q133876041,FR,fr,Enola Holmes 3,2026-08-14,189
T05,Enola Holmes 3,Q133876041,FR,fr,Enola Holmes 3,2026-08-15,253
T05,Enola Holmes 3,Q133876041,FR,fr,Enola Holmes 3,2026-08-16,241
T05,Enola Holmes 3,Q133876041,FR,fr,Enola Holmes 3,2026-08-17,175
T05,Enola Holmes 3,Q133876041,FR,fr,Enola Holmes 3,2026-08-18,177
T05,Enola Holmes 3,Q133876041,FR,fr,Enola Holmes 3,2026-08-19,185
T05,Enola Holmes 3,Q133876041,FR,fr,Enola Holmes 3,2026-08-20,149
T05,Enola Holmes 3,Q133876041,FR,fr,Enola Holmes 3,2026-08-21,150
T05,Enola Holmes 3,Q133876041,FR,fr,Enola Holmes 3,2026-08-22,177
T05,Enola Holmes 3,Q133876041,FR,fr,Enola Holmes 3,2026-08-23,200
T05,Enola Holmes 3,Q133876041,FR,fr,Enola Holmes 3,2026-08-24,183
T05,Enola Holmes 3,Q133876041,FR,fr,Enola Holmes 3,2026-08-25,132
T05,Enola Holmes 3,Q133876041,FR,fr,Enola Holmes 3,2026-08-26,133
T05,Enola Holmes 3,Q133876041,FR,fr,Enola Holmes 3,2026-08-27,132
T05,Enola Holmes 3,Q133876041,FR,fr,Enola Holmes 3,2026-08-28,120
T05,Enola Holmes 3,Q133876041,FR,fr,Enola Holmes 3,2026-08-29,183
T05,Enola Holmes 3,Q133876041,FR,fr,Enola Holmes 3,2026-08-30,202
T05,Enola Holmes 3,Q133876041,FR,fr,Enola Holmes 3,2026-08-31,108
T05,Enola Holmes 3,Q133876041,FR,fr,Enola Holmes 3,2026-09-01,88
T05,Enola Holmes 3,Q133876041,FR,fr,Enola Holmes 3,2026-09-02,75
T05,Enola Holmes 3,Q133876041,FR,fr,Enola Holmes 3,2026-09-03,88
T05,Enola Holmes 3,Q133876041,FR,fr,Enola Holmes 3,2026-09-04,90
T05,Enola Holmes 3,Q133876041,FR,fr,Enola Holmes 3,2026-09-05,126
T05,Enola Holmes 3,Q133876041,FR,fr,Enola Holmes 3,2026-09-06,103
T05,Enola Holmes 3,Q133876041,FR,fr,Enola Holmes 3,2026-09-07,85
T05,Enola Holmes 3,Q133876041,FR,fr,Enola Holmes 3,2026-09-08,82
T05,Enola Holmes 3,Q133876041,FR,fr,Enola Holmes 3,2026-09-09,59
T05,Enola Holmes 3,Q133876041,FR,fr,Enola Holmes 3,2026-09-10,54
T05,Enola Holmes 3,Q133876041,FR,fr,Enola Holmes 3,2026-09-11,59
T05,Enola Holmes 3,Q133876041,FR,fr,Enola Holmes 3,2026-09-12,92
T05,Enola Holmes 3,Q133876041,FR,fr,Enola Holmes 3,2026-09-13,120
T05,Enola Holmes 3,Q133876041,FR,fr,Enola Holmes 3,2026-09-14,77
T05,Enola Holmes 3,Q133876041,FR,fr,Enola Holmes 3,2026-09-15,80
T05,Enola Holmes 3,Q133876041,FR,fr,Enola Holmes 3,2026-09-16,77
T05,Enola Holmes 3,Q133876041,FR,fr,Enola Holmes 3,2026-09-17,56
T05,Enola Holmes 3,Q133876041,FR,fr,Enola Holmes 3,2026-09-18,89
T05,Enola Holmes 3,Q133876041,FR,fr,Enola Holmes 3,2026-09-19,103
T05,Enola Holmes 3,Q133876041,FR,fr,Enola Holmes 3,2026-09-20,111
T05,Enola Holmes 3,Q133876041,JP,ja,エノーラ・ホームズの事件簿3,2026-06-01,0
T05,Enola Holmes 3,Q133876041,JP,ja,エノーラ・ホームズの事件簿3,2026-06-02,0
T05,Enola Holmes 3,Q133876041,JP,ja,エノーラ・ホームズの事件簿3,2026-06-03,0
T05,Enola Holmes 3,Q133876041,JP,ja,エノーラ・ホームズの事件簿3,2026-06-04,0
T05,Enola Holmes 3,Q133876041,JP,ja,エノーラ・ホームズの事件簿3,2026-06-05,0
T05,Enola Holmes 3,Q133876041,JP,ja,エノーラ・ホームズの事件簿3,2026-06-06,0
T05,Enola Holmes 3,Q133876041,JP,ja,エノーラ・ホームズの事件簿3,2026-06-07,0
T05,Enola Holmes 3,Q133876041,JP,ja,エノーラ・ホームズの事件簿3,2026-06-08,0
T05,Enola Holmes 3,Q133876041,JP,ja,エノーラ・ホームズの事件簿3,2026-06-09,0
T05,Enola Holmes 3,Q133876041,JP,ja,エノーラ・ホームズの事件簿3,2026-06-10,0
T05,Enola Holmes 3,Q133876041,JP,ja,エノーラ・ホームズの事件簿3,2026-06-11,0
T05,Enola Holmes 3,Q133876041,JP,ja,エノーラ・ホームズの事件簿3,2026-06-12,0
T05,Enola Holmes 3,Q133876041,JP,ja,エノーラ・ホームズの事件簿3,2026-06-13,0
T05,Enola Holmes 3,Q133876041,JP,ja,エノーラ・ホームズの事件簿3,2026-06-14,0
T05,Enola Holmes 3,Q133876041,JP,ja,エノーラ・ホームズの事件簿3,2026-06-15,0
T05,Enola Holmes 3,Q133876041,JP,ja,エノーラ・ホームズの事件簿3,2026-06-16,0
T05,Enola Holmes 3,Q133876041,JP,ja,エノーラ・ホームズの事件簿3,2026-06-17,0
T05,Enola Holmes 3,Q133876041,JP,ja,エノーラ・ホームズの事件簿3,2026-06-18,0
T05,Enola Holmes 3,Q133876041,JP,ja,エノーラ・ホームズの事件簿3,2026-06-19,0
T05,Enola Holmes 3,Q133876041,JP,ja,エノーラ・ホームズの事件簿3,2026-06-20,0
T05,Enola Holmes 3,Q133876041,JP,ja,エノーラ・ホームズの事件簿3,2026-06-21,0
T05,Enola Holmes 3,Q133876041,JP,ja,エノーラ・ホームズの事件簿3,2026-06-22,0
T05,Enola Holmes 3,Q133876041,JP,ja,エノーラ・ホームズの事件簿3,2026-06-23,0
T05,Enola Holmes 3,Q133876041,JP,ja,エノーラ・ホームズの事件簿3,2026-06-24,0
T05,Enola Holmes 3,Q133876041,JP,ja,エノーラ・ホームズの事件簿3,2026-06-25,0
T05,Enola Holmes 3,Q133876041,JP,ja,エノーラ・ホームズの事件簿3,2026-06-26,0
T05,Enola Holmes 3,Q133876041,JP,ja,エノーラ・ホームズの事件簿3,2026-06-27,0
T05,Enola Holmes 3,Q133876041,JP,ja,エノーラ・ホームズの事件簿3,2026-06-28,0
T05,Enola Holmes 3,Q133876041,JP,ja,エノーラ・ホームズの事件簿3,2026-06-29,0
T05,Enola Holmes 3,Q133876041,JP,ja,エノーラ・ホームズの事件簿3,2026-06-30,0
T05,Enola Holmes 3,Q133876041,JP,ja,エノーラ・ホームズの事件簿3,2026-07-01,0
T05,Enola Holmes 3,Q133876041,JP,ja,エノーラ・ホームズの事件簿3,2026-07-02,0
T05,Enola Holmes 3,Q133876041,JP,ja,エノーラ・ホームズの事件簿3,2026-07-03,0
T05,Enola Holmes 3,Q133876041,JP,ja,エノーラ・ホームズの事件簿3,2026-07-04,0
T05,Enola Holmes 3,Q133876041,JP,ja,エノーラ・ホームズの事件簿3,2026-07-05,0
T05,Enola Holmes 3,Q133876041,JP,ja,エノーラ・ホームズの事件簿3,2026-07-06,0
T05,Enola Holmes 3,Q133876041,JP,ja,エノーラ・ホームズの事件簿3,2026-07-07,0
T05,Enola Holmes 3,Q133876041,JP,ja,エノーラ・ホームズの事件簿3,2026-07-08,0
T05,Enola Holmes 3,Q133876041,JP,ja,エノーラ・ホームズの事件簿3,2026-07-09,0
T05,Enola Holmes 3,Q133876041,JP,ja,エノーラ・ホームズの事件簿3,2026-07-10,0
T05,Enola Holmes 3,Q133876041,JP,ja,エノーラ・ホームズの事件簿3,2026-07-11,0
T05,Enola Holmes 3,Q133876041,JP,ja,エノーラ・ホームズの事件簿3,2026-07-12,0
T05,Enola Holmes 3,Q133876041,JP,ja,エノーラ・ホームズの事件簿3,2026-07-13,0
T05,Enola Holmes 3,Q133876041,JP,ja,エノーラ・ホームズの事件簿3,2026-07-14,0
T05,Enola Holmes 3,Q133876041,JP,ja,エノーラ・ホームズの事件簿3,2026-07-15,0
T05,Enola Holmes 3,Q133876041,JP,ja,エノーラ・ホームズの事件簿3,2026-07-16,0
T05,Enola Holmes 3,Q133876041,JP,ja,エノーラ・ホームズの事件簿3,2026-07-17,0
T05,Enola Holmes 3,Q133876041,JP,ja,エノーラ・ホームズの事件簿3,2026-07-18,0
T05,Enola Holmes 3,Q133876041,JP,ja,エノーラ・ホームズの事件簿3,2026-07-19,0
T05,Enola Holmes 3,Q133876041,JP,ja,エノーラ・ホームズの事件簿3,2026-07-20,0
T05,Enola Holmes 3,Q133876041,JP,ja,エノーラ・ホームズの事件簿3,2026-07-21,0
T05,Enola Holmes 3,Q133876041,JP,ja,エノーラ・ホームズの事件簿3,2026-07-22,0
T05,Enola Holmes 3,Q133876041,JP,ja,エノーラ・ホームズの事件簿3,2026-07-23,0
T05,Enola Holmes 3,Q133876041,JP,ja,エノーラ・ホームズの事件簿3,2026-07-24,0
T05,Enola Holmes 3,Q133876041,JP,ja,エノーラ・ホームズの事件簿3,2026-07-25,0
T05,Enola Holmes 3,Q133876041,JP,ja,エノーラ・ホームズの事件簿3,2026-07-26,22
T05,Enola Holmes 3,Q133876041,JP,ja,エノーラ・ホームズの事件簿3,2026-07-27,49
T05,Enola Holmes 3,Q133876041,JP,ja,エノーラ・ホームズの事件簿3,2026-07-28,26
T05,Enola Holmes 3,Q133876041,JP,ja,エノーラ・ホームズの事件簿3,2026-07-29,45
T05,Enola Holmes 3,Q133876041,JP,ja,エノーラ・ホームズの事件簿3,2026-07-30,43
T05,Enola Holmes 3,Q133876041,JP,ja,エノーラ・ホームズの事件簿3,2026-07-31,34
T05,Enola Holmes 3,Q133876041,JP,ja,エノーラ・ホームズの事件簿3,2026-08-01,39
T05,Enola Holmes 3,Q133876041,JP,ja,エノーラ・ホームズの事件簿3,2026-08-02,59
T05,Enola Holmes 3,Q133876041,JP,ja,エノーラ・ホームズの事件簿3,2026-08-03,39
T05,Enola Holmes 3,Q133876041,JP,ja,エノーラ・ホームズの事件簿3,2026-08-04,38
T05,Enola Holmes 3,Q133876041,JP,ja,エノーラ・ホームズの事件簿3,2026-08-05,24
T05,Enola Holmes 3,Q133876041,JP,ja,エノーラ・ホームズの事件簿3,2026-08-06,19
T05,Enola Holmes 3,Q133876041,JP,ja,エノーラ・ホームズの事件簿3,2026-08-07,25
T05,Enola Holmes 3,Q133876041,JP,ja,エノーラ・ホームズの事件簿3,2026-08-08,31
T05,Enola Holmes 3,Q133876041,JP,ja,エノーラ・ホームズの事件簿3,2026-08-09,65
T05,Enola Holmes 3,Q133876041,JP,ja,エノーラ・ホームズの事件簿3,2026-08-10,34
T05,Enola Holmes 3,Q133876041,JP,ja,エノーラ・ホームズの事件簿3,2026-08-11,43
T05,Enola Holmes 3,Q133876041,JP,ja,エノーラ・ホームズの事件簿3,2026-08-12,35
T05,Enola Holmes 3,Q133876041,JP,ja,エノーラ・ホームズの事件簿3,2026-08-13,25
T05,Enola Holmes 3,Q133876041,JP,ja,エノーラ・ホームズの事件簿3,2026-08-14,34
T05,Enola Holmes 3,Q133876041,JP,ja,エノーラ・ホームズの事件簿3,2026-08-15,35
T05,Enola Holmes 3,Q133876041,JP,ja,エノーラ・ホームズの事件簿3,2026-08-16,44
T05,Enola Holmes 3,Q133876041,JP,ja,エノーラ・ホームズの事件簿3,2026-08-17,36
T05,Enola Holmes 3,Q133876041,JP,ja,エノーラ・ホームズの事件簿3,2026-08-18,24
T05,Enola Holmes 3,Q133876041,JP,ja,エノーラ・ホームズの事件簿3,2026-08-19,25
T05,Enola Holmes 3,Q133876041,JP,ja,エノーラ・ホームズの事件簿3,2026-08-20,19
T05,Enola Holmes 3,Q133876041,JP,ja,エノーラ・ホームズの事件簿3,2026-08-21,28
T05,Enola Holmes 3,Q133876041,JP,ja,エノーラ・ホームズの事件簿3,2026-08-22,37
T05,Enola Holmes 3,Q133876041,JP,ja,エノーラ・ホームズの事件簿3,2026-08-23,28
T05,Enola Holmes 3,Q133876041,JP,ja,エノーラ・ホームズの事件簿3,2026-08-24,29
T05,Enola Holmes 3,Q133876041,JP,ja,エノーラ・ホームズの事件簿3,2026-08-25,25
T05,Enola Holmes 3,Q133876041,JP,ja,エノーラ・ホームズの事件簿3,2026-08-26,23
T05,Enola Holmes 3,Q133876041,JP,ja,エノーラ・ホームズの事件簿3,2026-08-27,37
T05,Enola Holmes 3,Q133876041,JP,ja,エノーラ・ホームズの事件簿3,2026-08-28,23
T05,Enola Holmes 3,Q133876041,JP,ja,エノーラ・ホームズの事件簿3,2026-08-29,31
T05,Enola Holmes 3,Q133876041,JP,ja,エノーラ・ホームズの事件簿3,2026-08-30,34
T05,Enola Holmes 3,Q133876041,JP,ja,エノーラ・ホームズの事件簿3,2026-08-31,19
T05,Enola Holmes 3,Q133876041,JP,ja,エノーラ・ホームズの事件簿3,2026-09-01,22
T05,Enola Holmes 3,Q133876041,JP,ja,エノーラ・ホームズの事件簿3,2026-09-02,28
T05,Enola Holmes 3,Q133876041,JP,ja,エノーラ・ホームズの事件簿3,2026-09-03,28
T05,Enola Holmes 3,Q133876041,JP,ja,エノーラ・ホームズの事件簿3,2026-09-04,31
T05,Enola Holmes 3,Q133876041,JP,ja,エノーラ・ホームズの事件簿3,2026-09-05,28
T05,Enola Holmes 3,Q133876041,JP,ja,エノーラ・ホームズの事件簿3,2026-09-06,33
T05,Enola Holmes 3,Q133876041,JP,ja,エノーラ・ホームズの事件簿3,2026-09-07,32
T05,Enola Holmes 3,Q133876041,JP,ja,エノーラ・ホームズの事件簿3,2026-09-08,14
T05,Enola Holmes 3,Q133876041,JP,ja,エノーラ・ホームズの事件簿3,2026-09-09,15
T05,Enola Holmes 3,Q133876041,JP,ja,エノーラ・ホームズの事件簿3,2026-09-10,25
T05,Enola Holmes 3,Q133876041,JP,ja,エノーラ・ホームズの事件簿3,2026-09-11,16
T05,Enola Holmes 3,Q133876041,JP,ja,エノーラ・ホームズの事件簿3,2026-09-12,34
T05,Enola Holmes 3,Q133876041,JP,ja,エノーラ・ホームズの事件簿3,2026-09-13,31
T05,Enola Holmes 3,Q133876041,JP,ja,エノーラ・ホームズの事件簿3,2026-09-14,28
T05,Enola Holmes 3,Q133876041,JP,ja,エノーラ・ホームズの事件簿3,2026-09-15,22
T05,Enola Holmes 3,Q133876041,JP,ja,エノーラ・ホームズの事件簿3,2026-09-16,24
T05,Enola Holmes 3,Q133876041,JP,ja,エノーラ・ホームズの事件簿3,2026-09-17,34
T05,Enola Holmes 3,Q133876041,JP,ja,エノーラ・ホームズの事件簿3,2026-09-18,15
T05,Enola Holmes 3,Q133876041,JP,ja,エノーラ・ホームズの事件簿3,2026-09-19,51
T05,Enola Holmes 3,Q133876041,JP,ja,エノーラ・ホームズの事件簿3,2026-09-20,35
T05,Enola Holmes 3,Q133876041,IT,it,Enola Holmes 3,2026-06-01,0
T05,Enola Holmes 3,Q133876041,IT,it,Enola Holmes 3,2026-06-02,0
T05,Enola Holmes 3,Q133876041,IT,it,Enola Holmes 3,2026-06-03,0
T05,Enola Holmes 3,Q133876041,IT,it,Enola Holmes 3,2026-06-04,0
T05,Enola Holmes 3,Q133876041,IT,it,Enola Holmes 3,2026-06-05,0
T05,Enola Holmes 3,Q133876041,IT,it,Enola Holmes 3,2026-06-06,0
T05,Enola Holmes 3,Q133876041,IT,it,Enola Holmes 3,2026-06-07,0
T05,Enola Holmes 3,Q133876041,IT,it,Enola Holmes 3,2026-06-08,0
T05,Enola Holmes 3,Q133876041,IT,it,Enola Holmes 3,2026-06-09,0
T05,Enola Holmes 3,Q133876041,IT,it,Enola Holmes 3,2026-06-10,0
T05,Enola Holmes 3,Q133876041,IT,it,Enola Holmes 3,2026-06-11,0
T05,Enola Holmes 3,Q133876041,IT,it,Enola Holmes 3,2026-06-12,0
T05,Enola Holmes 3,Q133876041,IT,it,Enola Holmes 3,2026-06-13,0
T05,Enola Holmes 3,Q133876041,IT,it,Enola Holmes 3,2026-06-14,0
T05,Enola Holmes 3,Q133876041,IT,it,Enola Holmes 3,2026-06-15,0
T05,Enola Holmes 3,Q133876041,IT,it,Enola Holmes 3,2026-06-16,0
T05,Enola Holmes 3,Q133876041,IT,it,Enola Holmes 3,2026-06-17,0
T05,Enola Holmes 3,Q133876041,IT,it,Enola Holmes 3,2026-06-18,0
T05,Enola Holmes 3,Q133876041,IT,it,Enola Holmes 3,2026-06-19,0
T05,Enola Holmes 3,Q133876041,IT,it,Enola Holmes 3,2026-06-20,0
T05,Enola Holmes 3,Q133876041,IT,it,Enola Holmes 3,2026-06-21,0
T05,Enola Holmes 3,Q133876041,IT,it,Enola Holmes 3,2026-06-22,0
T05,Enola Holmes 3,Q133876041,IT,it,Enola Holmes 3,2026-06-23,0
T05,Enola Holmes 3,Q133876041,IT,it,Enola Holmes 3,2026-06-24,0
T05,Enola Holmes 3,Q133876041,IT,it,Enola Holmes 3,2026-06-25,0
T05,Enola Holmes 3,Q133876041,IT,it,Enola Holmes 3,2026-06-26,0
T05,Enola Holmes 3,Q133876041,IT,it,Enola Holmes 3,2026-06-27,0
T05,Enola Holmes 3,Q133876041,IT,it,Enola Holmes 3,2026-06-28,0
T05,Enola Holmes 3,Q133876041,IT,it,Enola Holmes 3,2026-06-29,0
T05,Enola Holmes 3,Q133876041,IT,it,Enola Holmes 3,2026-06-30,0
T05,Enola Holmes 3,Q133876041,IT,it,Enola Holmes 3,2026-07-01,0
T05,Enola Holmes 3,Q133876041,IT,it,Enola Holmes 3,2026-07-02,0
T05,Enola Holmes 3,Q133876041,IT,it,Enola Holmes 3,2026-07-03,10
T05,Enola Holmes 3,Q133876041,IT,it,Enola Holmes 3,2026-07-04,1240
T05,Enola Holmes 3,Q133876041,IT,it,Enola Holmes 3,2026-07-05,1612
T05,Enola Holmes 3,Q133876041,IT,it,Enola Holmes 3,2026-07-06,1074
T05,Enola Holmes 3,Q133876041,IT,it,Enola Holmes 3,2026-07-07,960
T05,Enola Holmes 3,Q133876041,IT,it,Enola Holmes 3,2026-07-08,897
T05,Enola Holmes 3,Q133876041,IT,it,Enola Holmes 3,2026-07-09,803
T05,Enola Holmes 3,Q133876041,IT,it,Enola Holmes 3,2026-07-10,645
T05,Enola Holmes 3,Q133876041,IT,it,Enola Holmes 3,2026-07-11,1014
T05,Enola Holmes 3,Q133876041,IT,it,Enola Holmes 3,2026-07-12,896
T05,Enola Holmes 3,Q133876041,IT,it,Enola Holmes 3,2026-07-13,654
T05,Enola Holmes 3,Q133876041,IT,it,Enola Holmes 3,2026-07-14,536
T05,Enola Holmes 3,Q133876041,IT,it,Enola Holmes 3,2026-07-15,385
T05,Enola Holmes 3,Q133876041,IT,it,Enola Holmes 3,2026-07-16,445
T05,Enola Holmes 3,Q133876041,IT,it,Enola Holmes 3,2026-07-17,439
T05,Enola Holmes 3,Q133876041,IT,it,Enola Holmes 3,2026-07-18,454
T05,Enola Holmes 3,Q133876041,IT,it,Enola Holmes 3,2026-07-19,420
T05,Enola Holmes 3,Q133876041,IT,it,Enola Holmes 3,2026-07-20,384
T05,Enola Holmes 3,Q133876041,IT,it,Enola Holmes 3,2026-07-21,291
T05,Enola Holmes 3,Q133876041,IT,it,Enola Holmes 3,2026-07-22,288
T05,Enola Holmes 3,Q133876041,IT,it,Enola Holmes 3,2026-07-23,289
T05,Enola Holmes 3,Q133876041,IT,it,Enola Holmes 3,2026-07-24,294
T05,Enola Holmes 3,Q133876041,IT,it,Enola Holmes 3,2026-07-25,353
T05,Enola Holmes 3,Q133876041,IT,it,Enola Holmes 3,2026-07-26,441
T05,Enola Holmes 3,Q133876041,IT,it,Enola Holmes 3,2026-07-27,295
T05,Enola Holmes 3,Q133876041,IT,it,Enola Holmes 3,2026-07-28,227
T05,Enola Holmes 3,Q133876041,IT,it,Enola Holmes 3,2026-07-29,189
T05,Enola Holmes 3,Q133876041,IT,it,Enola Holmes 3,2026-07-30,189
T05,Enola Holmes 3,Q133876041,IT,it,Enola Holmes 3,2026-07-31,185
T05,Enola Holmes 3,Q133876041,IT,it,Enola Holmes 3,2026-08-01,258
T05,Enola Holmes 3,Q133876041,IT,it,Enola Holmes 3,2026-08-02,296
T05,Enola Holmes 3,Q133876041,IT,it,Enola Holmes 3,2026-08-03,235
T05,Enola Holmes 3,Q133876041,IT,it,Enola Holmes 3,2026-08-04,192
T05,Enola Holmes 3,Q133876041,IT,it,Enola Holmes 3,2026-08-05,185
T05,Enola Holmes 3,Q133876041,IT,it,Enola Holmes 3,2026-08-06,148
T05,Enola Holmes 3,Q133876041,IT,it,Enola Holmes 3,2026-08-07,177
T05,Enola Holmes 3,Q133876041,IT,it,Enola Holmes 3,2026-08-08,188
T05,Enola Holmes 3,Q133876041,IT,it,Enola Holmes 3,2026-08-09,186
T05,Enola Holmes 3,Q133876041,IT,it,Enola Holmes 3,2026-08-10,135
T05,Enola Holmes 3,Q133876041,IT,it,Enola Holmes 3,2026-08-11,123
T05,Enola Holmes 3,Q133876041,IT,it,Enola Holmes 3,2026-08-12,94
T05,Enola Holmes 3,Q133876041,IT,it,Enola Holmes 3,2026-08-13,115
T05,Enola Holmes 3,Q133876041,IT,it,Enola Holmes 3,2026-08-14,109
T05,Enola Holmes 3,Q133876041,IT,it,Enola Holmes 3,2026-08-15,132
T05,Enola Holmes 3,Q133876041,IT,it,Enola Holmes 3,2026-08-16,148
T05,Enola Holmes 3,Q133876041,IT,it,Enola Holmes 3,2026-08-17,153
T05,Enola Holmes 3,Q133876041,IT,it,Enola Holmes 3,2026-08-18,122
T05,Enola Holmes 3,Q133876041,IT,it,Enola Holmes 3,2026-08-19,137
T05,Enola Holmes 3,Q133876041,IT,it,Enola Holmes 3,2026-08-20,159
T05,Enola Holmes 3,Q133876041,IT,it,Enola Holmes 3,2026-08-21,144
T05,Enola Holmes 3,Q133876041,IT,it,Enola Holmes 3,2026-08-22,136
T05,Enola Holmes 3,Q133876041,IT,it,Enola Holmes 3,2026-08-23,150
T05,Enola Holmes 3,Q133876041,IT,it,Enola Holmes 3,2026-08-24,118
T05,Enola Holmes 3,Q133876041,IT,it,Enola Holmes 3,2026-08-25,121
T05,Enola Holmes 3,Q133876041,IT,it,Enola Holmes 3,2026-08-26,103
T05,Enola Holmes 3,Q133876041,IT,it,Enola Holmes 3,2026-08-27,88
T05,Enola Holmes 3,Q133876041,IT,it,Enola Holmes 3,2026-08-28,83
T05,Enola Holmes 3,Q133876041,IT,it,Enola Holmes 3,2026-08-29,121
T05,Enola Holmes 3,Q133876041,IT,it,Enola Holmes 3,2026-08-30,136
T05,Enola Holmes 3,Q133876041,IT,it,Enola Holmes 3,2026-08-31,90
T05,Enola Holmes 3,Q133876041,IT,it,Enola Holmes 3,2026-09-01,106
T05,Enola Holmes 3,Q133876041,IT,it,Enola Holmes 3,2026-09-02,86
T05,Enola Holmes 3,Q133876041,IT,it,Enola Holmes 3,2026-09-03,80
T05,Enola Holmes 3,Q133876041,IT,it,Enola Holmes 3,2026-09-04,65
T05,Enola Holmes 3,Q133876041,IT,it,Enola Holmes 3,2026-09-05,87
T05,Enola Holmes 3,Q133876041,IT,it,Enola Holmes 3,2026-09-06,93
T05,Enola Holmes 3,Q133876041,IT,it,Enola Holmes 3,2026-09-07,95
T05,Enola Holmes 3,Q133876041,IT,it,Enola Holmes 3,2026-09-08,84
T05,Enola Holmes 3,Q133876041,IT,it,Enola Holmes 3,2026-09-09,88
T05,Enola Holmes 3,Q133876041,IT,it,Enola Holmes 3,2026-09-10,79
T05,Enola Holmes 3,Q133876041,IT,it,Enola Holmes 3,2026-09-11,78
T05,Enola Holmes 3,Q133876041,IT,it,Enola Holmes 3,2026-09-12,121
T05,Enola Holmes 3,Q133876041,IT,it,Enola Holmes 3,2026-09-13,98
T05,Enola Holmes 3,Q133876041,IT,it,Enola Holmes 3,2026-09-14,51
T05,Enola Holmes 3,Q133876041,IT,it,Enola Holmes 3,2026-09-15,68
T05,Enola Holmes 3,Q133876041,IT,it,Enola Holmes 3,2026-09-16,67
T05,Enola Holmes 3,Q133876041,IT,it,Enola Holmes 3,2026-09-17,70
T05,Enola Holmes 3,Q133876041,IT,it,Enola Holmes 3,2026-09-18,79
T05,Enola Holmes 3,Q133876041,IT,it,Enola Holmes 3,2026-09-19,112
T05,Enola Holmes 3,Q133876041,IT,it,Enola Holmes 3,2026-09-20,100
T05,Enola Holmes 3,Q133876041,KR,ko,에놀라 홈즈 3,2026-06-01,0
T05,Enola Holmes 3,Q133876041,KR,ko,에놀라 홈즈 3,2026-06-02,0
T05,Enola Holmes 3,Q133876041,KR,ko,에놀라 홈즈 3,2026-06-03,0
T05,Enola Holmes 3,Q133876041,KR,ko,에놀라 홈즈 3,2026-06-04,0
T05,Enola Holmes 3,Q133876041,KR,ko,에놀라 홈즈 3,2026-06-05,0
T05,Enola Holmes 3,Q133876041,KR,ko,에놀라 홈즈 3,2026-06-06,0
T05,Enola Holmes 3,Q133876041,KR,ko,에놀라 홈즈 3,2026-06-07,0
T05,Enola Holmes 3,Q133876041,KR,ko,에놀라 홈즈 3,2026-06-08,0
T05,Enola Holmes 3,Q133876041,KR,ko,에놀라 홈즈 3,2026-06-09,0
T05,Enola Holmes 3,Q133876041,KR,ko,에놀라 홈즈 3,2026-06-10,0
T05,Enola Holmes 3,Q133876041,KR,ko,에놀라 홈즈 3,2026-06-11,0
T05,Enola Holmes 3,Q133876041,KR,ko,에놀라 홈즈 3,2026-06-12,0
T05,Enola Holmes 3,Q133876041,KR,ko,에놀라 홈즈 3,2026-06-13,0
T05,Enola Holmes 3,Q133876041,KR,ko,에놀라 홈즈 3,2026-06-14,0
T05,Enola Holmes 3,Q133876041,KR,ko,에놀라 홈즈 3,2026-06-15,0
T05,Enola Holmes 3,Q133876041,KR,ko,에놀라 홈즈 3,2026-06-16,0
T05,Enola Holmes 3,Q133876041,KR,ko,에놀라 홈즈 3,2026-06-17,0
T05,Enola Holmes 3,Q133876041,KR,ko,에놀라 홈즈 3,2026-06-18,0
T05,Enola Holmes 3,Q133876041,KR,ko,에놀라 홈즈 3,2026-06-19,0
T05,Enola Holmes 3,Q133876041,KR,ko,에놀라 홈즈 3,2026-06-20,0
T05,Enola Holmes 3,Q133876041,KR,ko,에놀라 홈즈 3,2026-06-21,0
T05,Enola Holmes 3,Q133876041,KR,ko,에놀라 홈즈 3,2026-06-22,0
T05,Enola Holmes 3,Q133876041,KR,ko,에놀라 홈즈 3,2026-06-23,0
T05,Enola Holmes 3,Q133876041,KR,ko,에놀라 홈즈 3,2026-06-24,0
T05,Enola Holmes 3,Q133876041,KR,ko,에놀라 홈즈 3,2026-06-25,0
T05,Enola Holmes 3,Q133876041,KR,ko,에놀라 홈즈 3,2026-06-26,0
T05,Enola Holmes 3,Q133876041,KR,ko,에놀라 홈즈 3,2026-06-27,0
T05,Enola Holmes 3,Q133876041,KR,ko,에놀라 홈즈 3,2026-06-28,0
T05,Enola Holmes 3,Q133876041,KR,ko,에놀라 홈즈 3,2026-06-29,0
T05,Enola Holmes 3,Q133876041,KR,ko,에놀라 홈즈 3,2026-06-30,0
T05,Enola Holmes 3,Q133876041,KR,ko,에놀라 홈즈 3,2026-07-01,0
T05,Enola Holmes 3,Q133876041,KR,ko,에놀라 홈즈 3,2026-07-02,0
T05,Enola Holmes 3,Q133876041,KR,ko,에놀라 홈즈 3,2026-07-03,0
T05,Enola Holmes 3,Q133876041,KR,ko,에놀라 홈즈 3,2026-07-04,0
T05,Enola Holmes 3,Q133876041,KR,ko,에놀라 홈즈 3,2026-07-05,0
T05,Enola Holmes 3,Q133876041,KR,ko,에놀라 홈즈 3,2026-07-06,0
T05,Enola Holmes 3,Q133876041,KR,ko,에놀라 홈즈 3,2026-07-07,0
T05,Enola Holmes 3,Q133876041,KR,ko,에놀라 홈즈 3,2026-07-08,0
T05,Enola Holmes 3,Q133876041,KR,ko,에놀라 홈즈 3,2026-07-09,0
T05,Enola Holmes 3,Q133876041,KR,ko,에놀라 홈즈 3,2026-07-10,0
T05,Enola Holmes 3,Q133876041,KR,ko,에놀라 홈즈 3,2026-07-11,0
T05,Enola Holmes 3,Q133876041,KR,ko,에놀라 홈즈 3,2026-07-12,0
T05,Enola Holmes 3,Q133876041,KR,ko,에놀라 홈즈 3,2026-07-13,0
T05,Enola Holmes 3,Q133876041,KR,ko,에놀라 홈즈 3,2026-07-14,0
T05,Enola Holmes 3,Q133876041,KR,ko,에놀라 홈즈 3,2026-07-15,0
T05,Enola Holmes 3,Q133876041,KR,ko,에놀라 홈즈 3,2026-07-16,0
T05,Enola Holmes 3,Q133876041,KR,ko,에놀라 홈즈 3,2026-07-17,0
T05,Enola Holmes 3,Q133876041,KR,ko,에놀라 홈즈 3,2026-07-18,0
T05,Enola Holmes 3,Q133876041,KR,ko,에놀라 홈즈 3,2026-07-19,0
T05,Enola Holmes 3,Q133876041,KR,ko,에놀라 홈즈 3,2026-07-20,0
T05,Enola Holmes 3,Q133876041,KR,ko,에놀라 홈즈 3,2026-07-21,0
T05,Enola Holmes 3,Q133876041,KR,ko,에놀라 홈즈 3,2026-07-22,0
T05,Enola Holmes 3,Q133876041,KR,ko,에놀라 홈즈 3,2026-07-23,0
T05,Enola Holmes 3,Q133876041,KR,ko,에놀라 홈즈 3,2026-07-24,0
T05,Enola Holmes 3,Q133876041,KR,ko,에놀라 홈즈 3,2026-07-25,0
T05,Enola Holmes 3,Q133876041,KR,ko,에놀라 홈즈 3,2026-07-26,0
T05,Enola Holmes 3,Q133876041,KR,ko,에놀라 홈즈 3,2026-07-27,0
T05,Enola Holmes 3,Q133876041,KR,ko,에놀라 홈즈 3,2026-07-28,0
T05,Enola Holmes 3,Q133876041,KR,ko,에놀라 홈즈 3,2026-07-29,0
T05,Enola Holmes 3,Q133876041,KR,ko,에놀라 홈즈 3,2026-07-30,0
T05,Enola Holmes 3,Q133876041,KR,ko,에놀라 홈즈 3,2026-07-31,0
T05,Enola Holmes 3,Q133876041,KR,ko,에놀라 홈즈 3,2026-08-01,0
T05,Enola Holmes 3,Q133876041,KR,ko,에놀라 홈즈 3,2026-08-02,0
T05,Enola Holmes 3,Q133876041,KR,ko,에놀라 홈즈 3,2026-08-03,0
T05,Enola Holmes 3,Q133876041,KR,ko,에놀라 홈즈 3,2026-08-04,0
T05,Enola Holmes 3,Q133876041,KR,ko,에놀라 홈즈 3,2026-08-05,0
T05,Enola Holmes 3,Q133876041,KR,ko,에놀라 홈즈 3,2026-08-06,0
T05,Enola Holmes 3,Q133876041,KR,ko,에놀라 홈즈 3,2026-08-07,0
T05,Enola Holmes 3,Q133876041,KR,ko,에놀라 홈즈 3,2026-08-08,0
T05,Enola Holmes 3,Q133876041,KR,ko,에놀라 홈즈 3,2026-08-09,0
T05,Enola Holmes 3,Q133876041,KR,ko,에놀라 홈즈 3,2026-08-10,0
T05,Enola Holmes 3,Q133876041,KR,ko,에놀라 홈즈 3,2026-08-11,0
T05,Enola Holmes 3,Q133876041,KR,ko,에놀라 홈즈 3,2026-08-12,0
T05,Enola Holmes 3,Q133876041,KR,ko,에놀라 홈즈 3,2026-08-13,0
T05,Enola Holmes 3,Q133876041,KR,ko,에놀라 홈즈 3,2026-08-14,0
T05,Enola Holmes 3,Q133876041,KR,ko,에놀라 홈즈 3,2026-08-15,0
T05,Enola Holmes 3,Q133876041,KR,ko,에놀라 홈즈 3,2026-08-16,11
T05,Enola Holmes 3,Q133876041,KR,ko,에놀라 홈즈 3,2026-08-17,0
T05,Enola Holmes 3,Q133876041,KR,ko,에놀라 홈즈 3,2026-08-18,0
T05,Enola Holmes 3,Q133876041,KR,ko,에놀라 홈즈 3,2026-08-19,0
T05,Enola Holmes 3,Q133876041,KR,ko,에놀라 홈즈 3,2026-08-20,1
T05,Enola Holmes 3,Q133876041,KR,ko,에놀라 홈즈 3,2026-08-21,2
T05,Enola Holmes 3,Q133876041,KR,ko,에놀라 홈즈 3,2026-08-22,1
T05,Enola Holmes 3,Q133876041,KR,ko,에놀라 홈즈 3,2026-08-23,1
T05,Enola Holmes 3,Q133876041,KR,ko,에놀라 홈즈 3,2026-08-24,2
T05,Enola Holmes 3,Q133876041,KR,ko,에놀라 홈즈 3,2026-08-25,0
T05,Enola Holmes 3,Q133876041,KR,ko,에놀라 홈즈 3,2026-08-26,0
T05,Enola Holmes 3,Q133876041,KR,ko,에놀라 홈즈 3,2026-08-27,1
T05,Enola Holmes 3,Q133876041,KR,ko,에놀라 홈즈 3,2026-08-28,2
T05,Enola Holmes 3,Q133876041,KR,ko,에놀라 홈즈 3,2026-08-29,0
T05,Enola Holmes 3,Q133876041,KR,ko,에놀라 홈즈 3,2026-08-30,4
T05,Enola Holmes 3,Q133876041,KR,ko,에놀라 홈즈 3,2026-08-31,0
T05,Enola Holmes 3,Q133876041,KR,ko,에놀라 홈즈 3,2026-09-01,1
T05,Enola Holmes 3,Q133876041,KR,ko,에놀라 홈즈 3,2026-09-02,1
T05,Enola Holmes 3,Q133876041,KR,ko,에놀라 홈즈 3,2026-09-03,0
T05,Enola Holmes 3,Q133876041,KR,ko,에놀라 홈즈 3,2026-09-04,2
T05,Enola Holmes 3,Q133876041,KR,ko,에놀라 홈즈 3,2026-09-05,0
T05,Enola Holmes 3,Q133876041,KR,ko,에놀라 홈즈 3,2026-09-06,2
T05,Enola Holmes 3,Q133876041,KR,ko,에놀라 홈즈 3,2026-09-07,0
T05,Enola Holmes 3,Q133876041,KR,ko,에놀라 홈즈 3,2026-09-08,0
T05,Enola Holmes 3,Q133876041,KR,ko,에놀라 홈즈 3,2026-09-09,0
T05,Enola Holmes 3,Q133876041,KR,ko,에놀라 홈즈 3,2026-09-10,1
T05,Enola Holmes 3,Q133876041,KR,ko,에놀라 홈즈 3,2026-09-11,0
T05,Enola Holmes 3,Q133876041,KR,ko,에놀라 홈즈 3,2026-09-12,1
T05,Enola Holmes 3,Q133876041,KR,ko,에놀라 홈즈 3,2026-09-13,1
T05,Enola Holmes 3,Q133876041,KR,ko,에놀라 홈즈 3,2026-09-14,0
T05,Enola Holmes 3,Q133876041,KR,ko,에놀라 홈즈 3,2026-09-15,1
T05,Enola Holmes 3,Q133876041,KR,ko,에놀라 홈즈 3,2026-09-16,2
T05,Enola Holmes 3,Q133876041,KR,ko,에놀라 홈즈 3,2026-09-17,1
T05,Enola Holmes 3,Q133876041,KR,ko,에놀라 홈즈 3,2026-09-18,0
T05,Enola Holmes 3,Q133876041,KR,ko,에놀라 홈즈 3,2026-09-19,0
T05,Enola Holmes 3,Q133876041,KR,ko,에놀라 홈즈 3,2026-09-20,1
T08,Anacondas: Trail of Blood,Q716759,DE,de,Anacondas – Trail of Blood,2026-06-01,15
T08,Anacondas: Trail of Blood,Q716759,DE,de,Anacondas – Trail of Blood,2026-06-02,11
T08,Anacondas: Trail of Blood,Q716759,DE,de,Anacondas – Trail of Blood,2026-06-03,9
T08,Anacondas: Trail of Blood,Q716759,DE,de,Anacondas – Trail of Blood,2026-06-04,15
T08,Anacondas: Trail of Blood,Q716759,DE,de,Anacondas – Trail of Blood,2026-06-05,10
T08,Anacondas: Trail of Blood,Q716759,DE,de,Anacondas – Trail of Blood,2026-06-06,14
T08,Anacondas: Trail of Blood,Q716759,DE,de,Anacondas – Trail of Blood,2026-06-07,9
T08,Anacondas: Trail of Blood,Q716759,DE,de,Anacondas – Trail of Blood,2026-06-08,29
T08,Anacondas: Trail of Blood,Q716759,DE,de,Anacondas – Trail of Blood,2026-06-09,7
T08,Anacondas: Trail of Blood,Q716759,DE,de,Anacondas – Trail of Blood,2026-06-10,4
T08,Anacondas: Trail of Blood,Q716759,DE,de,Anacondas – Trail of Blood,2026-06-11,9
T08,Anacondas: Trail of Blood,Q716759,DE,de,Anacondas – Trail of Blood,2026-06-12,16
T08,Anacondas: Trail of Blood,Q716759,DE,de,Anacondas – Trail of Blood,2026-06-13,13
T08,Anacondas: Trail of Blood,Q716759,DE,de,Anacondas – Trail of Blood,2026-06-14,14
T08,Anacondas: Trail of Blood,Q716759,DE,de,Anacondas – Trail of Blood,2026-06-15,4
T08,Anacondas: Trail of Blood,Q716759,DE,de,Anacondas – Trail of Blood,2026-06-16,10
T08,Anacondas: Trail of Blood,Q716759,DE,de,Anacondas – Trail of Blood,2026-06-17,4
T08,Anacondas: Trail of Blood,Q716759,DE,de,Anacondas – Trail of Blood,2026-06-18,4
T08,Anacondas: Trail of Blood,Q716759,DE,de,Anacondas – Trail of Blood,2026-06-19,7
T08,Anacondas: Trail of Blood,Q716759,DE,de,Anacondas – Trail of Blood,2026-06-20,7
T08,Anacondas: Trail of Blood,Q716759,DE,de,Anacondas – Trail of Blood,2026-06-21,9
T08,Anacondas: Trail of Blood,Q716759,DE,de,Anacondas – Trail of Blood,2026-06-22,5
T08,Anacondas: Trail of Blood,Q716759,DE,de,Anacondas – Trail of Blood,2026-06-23,8
T08,Anacondas: Trail of Blood,Q716759,DE,de,Anacondas – Trail of Blood,2026-06-24,12
T08,Anacondas: Trail of Blood,Q716759,DE,de,Anacondas – Trail of Blood,2026-06-25,8
T08,Anacondas: Trail of Blood,Q716759,DE,de,Anacondas – Trail of Blood,2026-06-26,6
T08,Anacondas: Trail of Blood,Q716759,DE,de,Anacondas – Trail of Blood,2026-06-27,12
T08,Anacondas: Trail of Blood,Q716759,DE,de,Anacondas – Trail of Blood,2026-06-28,4
T08,Anacondas: Trail of Blood,Q716759,DE,de,Anacondas – Trail of Blood,2026-06-29,6
T08,Anacondas: Trail of Blood,Q716759,DE,de,Anacondas – Trail of Blood,2026-06-30,8
T08,Anacondas: Trail of Blood,Q716759,DE,de,Anacondas – Trail of Blood,2026-07-01,6
T08,Anacondas: Trail of Blood,Q716759,DE,de,Anacondas – Trail of Blood,2026-07-02,4
T08,Anacondas: Trail of Blood,Q716759,DE,de,Anacondas – Trail of Blood,2026-07-03,4
T08,Anacondas: Trail of Blood,Q716759,DE,de,Anacondas – Trail of Blood,2026-07-04,7
T08,Anacondas: Trail of Blood,Q716759,DE,de,Anacondas – Trail of Blood,2026-07-05,7
T08,Anacondas: Trail of Blood,Q716759,DE,de,Anacondas – Trail of Blood,2026-07-06,12
T08,Anacondas: Trail of Blood,Q716759,DE,de,Anacondas – Trail of Blood,2026-07-07,13
T08,Anacondas: Trail of Blood,Q716759,DE,de,Anacondas – Trail of Blood,2026-07-08,4
T08,Anacondas: Trail of Blood,Q716759,DE,de,Anacondas – Trail of Blood,2026-07-09,6
T08,Anacondas: Trail of Blood,Q716759,DE,de,Anacondas – Trail of Blood,2026-07-10,8
T08,Anacondas: Trail of Blood,Q716759,DE,de,Anacondas – Trail of Blood,2026-07-11,14
T08,Anacondas: Trail of Blood,Q716759,DE,de,Anacondas – Trail of Blood,2026-07-12,18
T08,Anacondas: Trail of Blood,Q716759,DE,de,Anacondas – Trail of Blood,2026-07-13,8
T08,Anacondas: Trail of Blood,Q716759,DE,de,Anacondas – Trail of Blood,2026-07-14,14
T08,Anacondas: Trail of Blood,Q716759,DE,de,Anacondas – Trail of Blood,2026-07-15,8
T08,Anacondas: Trail of Blood,Q716759,DE,de,Anacondas – Trail of Blood,2026-07-16,10
T08,Anacondas: Trail of Blood,Q716759,DE,de,Anacondas – Trail of Blood,2026-07-17,15
T08,Anacondas: Trail of Blood,Q716759,DE,de,Anacondas – Trail of Blood,2026-07-18,13
T08,Anacondas: Trail of Blood,Q716759,DE,de,Anacondas – Trail of Blood,2026-07-19,10
T08,Anacondas: Trail of Blood,Q716759,DE,de,Anacondas – Trail of Blood,2026-07-20,6
T08,Anacondas: Trail of Blood,Q716759,DE,de,Anacondas – Trail of Blood,2026-07-21,13
T08,Anacondas: Trail of Blood,Q716759,DE,de,Anacondas – Trail of Blood,2026-07-22,7
T08,Anacondas: Trail of Blood,Q716759,DE,de,Anacondas – Trail of Blood,2026-07-23,7
T08,Anacondas: Trail of Blood,Q716759,DE,de,Anacondas – Trail of Blood,2026-07-24,11
T08,Anacondas: Trail of Blood,Q716759,DE,de,Anacondas – Trail of Blood,2026-07-25,14
T08,Anacondas: Trail of Blood,Q716759,DE,de,Anacondas – Trail of Blood,2026-07-26,8
T08,Anacondas: Trail of Blood,Q716759,DE,de,Anacondas – Trail of Blood,2026-07-27,9
T08,Anacondas: Trail of Blood,Q716759,DE,de,Anacondas – Trail of Blood,2026-07-28,7
T08,Anacondas: Trail of Blood,Q716759,DE,de,Anacondas – Trail of Blood,2026-07-29,10
T08,Anacondas: Trail of Blood,Q716759,DE,de,Anacondas – Trail of Blood,2026-07-30,7
T08,Anacondas: Trail of Blood,Q716759,DE,de,Anacondas – Trail of Blood,2026-07-31,4
T08,Anacondas: Trail of Blood,Q716759,DE,de,Anacondas – Trail of Blood,2026-08-01,15
T08,Anacondas: Trail of Blood,Q716759,DE,de,Anacondas – Trail of Blood,2026-08-02,14
T08,Anacondas: Trail of Blood,Q716759,DE,de,Anacondas – Trail of Blood,2026-08-03,10
T08,Anacondas: Trail of Blood,Q716759,DE,de,Anacondas – Trail of Blood,2026-08-04,15
T08,Anacondas: Trail of Blood,Q716759,DE,de,Anacondas – Trail of Blood,2026-08-05,6
T08,Anacondas: Trail of Blood,Q716759,DE,de,Anacondas – Trail of Blood,2026-08-06,7
T08,Anacondas: Trail of Blood,Q716759,DE,de,Anacondas – Trail of Blood,2026-08-07,9
T08,Anacondas: Trail of Blood,Q716759,DE,de,Anacondas – Trail of Blood,2026-08-08,7
T08,Anacondas: Trail of Blood,Q716759,DE,de,Anacondas – Trail of Blood,2026-08-09,23
T08,Anacondas: Trail of Blood,Q716759,DE,de,Anacondas – Trail of Blood,2026-08-10,6
T08,Anacondas: Trail of Blood,Q716759,DE,de,Anacondas – Trail of Blood,2026-08-11,16
T08,Anacondas: Trail of Blood,Q716759,DE,de,Anacondas – Trail of Blood,2026-08-12,15
T08,Anacondas: Trail of Blood,Q716759,DE,de,Anacondas – Trail of Blood,2026-08-13,5
T08,Anacondas: Trail of Blood,Q716759,DE,de,Anacondas – Trail of Blood,2026-08-14,12
T08,Anacondas: Trail of Blood,Q716759,DE,de,Anacondas – Trail of Blood,2026-08-15,14
T08,Anacondas: Trail of Blood,Q716759,DE,de,Anacondas – Trail of Blood,2026-08-16,22
T08,Anacondas: Trail of Blood,Q716759,DE,de,Anacondas – Trail of Blood,2026-08-17,13
T08,Anacondas: Trail of Blood,Q716759,DE,de,Anacondas – Trail of Blood,2026-08-18,31
T08,Anacondas: Trail of Blood,Q716759,DE,de,Anacondas – Trail of Blood,2026-08-19,46
T08,Anacondas: Trail of Blood,Q716759,DE,de,Anacondas – Trail of Blood,2026-08-20,14
T08,Anacondas: Trail of Blood,Q716759,DE,de,Anacondas – Trail of Blood,2026-08-21,13
T08,Anacondas: Trail of Blood,Q716759,DE,de,Anacondas – Trail of Blood,2026-08-22,26
T08,Anacondas: Trail of Blood,Q716759,DE,de,Anacondas – Trail of Blood,2026-08-23,21
T08,Anacondas: Trail of Blood,Q716759,DE,de,Anacondas – Trail of Blood,2026-08-24,21
T08,Anacondas: Trail of Blood,Q716759,DE,de,Anacondas – Trail of Blood,2026-08-25,22
T08,Anacondas: Trail of Blood,Q716759,DE,de,Anacondas – Trail of Blood,2026-08-26,24
T08,Anacondas: Trail of Blood,Q716759,DE,de,Anacondas – Trail of Blood,2026-08-27,18
T08,Anacondas: Trail of Blood,Q716759,DE,de,Anacondas – Trail of Blood,2026-08-28,13
T08,Anacondas: Trail of Blood,Q716759,DE,de,Anacondas – Trail of Blood,2026-08-29,26
T08,Anacondas: Trail of Blood,Q716759,DE,de,Anacondas – Trail of Blood,2026-08-30,69
T08,Anacondas: Trail of Blood,Q716759,DE,de,Anacondas – Trail of Blood,2026-08-31,47
T08,Anacondas: Trail of Blood,Q716759,DE,de,Anacondas – Trail of Blood,2026-09-01,585
T08,Anacondas: Trail of Blood,Q716759,DE,de,Anacondas – Trail of Blood,2026-09-02,334
T08,Anacondas: Trail of Blood,Q716759,DE,de,Anacondas – Trail of Blood,2026-09-03,271
T08,Anacondas: Trail of Blood,Q716759,DE,de,Anacondas – Trail of Blood,2026-09-04,253
T08,Anacondas: Trail of Blood,Q716759,DE,de,Anacondas – Trail of Blood,2026-09-05,224
T08,Anacondas: Trail of Blood,Q716759,DE,de,Anacondas – Trail of Blood,2026-09-06,191
T08,Anacondas: Trail of Blood,Q716759,DE,de,Anacondas – Trail of Blood,2026-09-07,106
T08,Anacondas: Trail of Blood,Q716759,DE,de,Anacondas – Trail of Blood,2026-09-08,95
T08,Anacondas: Trail of Blood,Q716759,DE,de,Anacondas – Trail of Blood,2026-09-09,229
T08,Anacondas: Trail of Blood,Q716759,DE,de,Anacondas – Trail of Blood,2026-09-10,151
T08,Anacondas: Trail of Blood,Q716759,DE,de,Anacondas – Trail of Blood,2026-09-11,133
T08,Anacondas: Trail of Blood,Q716759,DE,de,Anacondas – Trail of Blood,2026-09-12,79
T08,Anacondas: Trail of Blood,Q716759,DE,de,Anacondas – Trail of Blood,2026-09-13,118
T08,Anacondas: Trail of Blood,Q716759,DE,de,Anacondas – Trail of Blood,2026-09-14,55
T08,Anacondas: Trail of Blood,Q716759,DE,de,Anacondas – Trail of Blood,2026-09-15,45
T08,Anacondas: Trail of Blood,Q716759,DE,de,Anacondas – Trail of Blood,2026-09-16,40
T08,Anacondas: Trail of Blood,Q716759,DE,de,Anacondas – Trail of Blood,2026-09-17,27
T08,Anacondas: Trail of Blood,Q716759,DE,de,Anacondas – Trail of Blood,2026-09-18,30
T08,Anacondas: Trail of Blood,Q716759,DE,de,Anacondas – Trail of Blood,2026-09-19,132
T08,Anacondas: Trail of Blood,Q716759,DE,de,Anacondas – Trail of Blood,2026-09-20,67
T08,Anacondas: Trail of Blood,Q716759,FR,fr,Anacondas 4 : La Piste du sang,2026-06-01,5
T08,Anacondas: Trail of Blood,Q716759,FR,fr,Anacondas 4 : La Piste du sang,2026-06-02,2
T08,Anacondas: Trail of Blood,Q716759,FR,fr,Anacondas 4 : La Piste du sang,2026-06-03,10
T08,Anacondas: Trail of Blood,Q716759,FR,fr,Anacondas 4 : La Piste du sang,2026-06-04,4
T08,Anacondas: Trail of Blood,Q716759,FR,fr,Anacondas 4 : La Piste du sang,2026-06-05,11
T08,Anacondas: Trail of Blood,Q716759,FR,fr,Anacondas 4 : La Piste du sang,2026-06-06,8
T08,Anacondas: Trail of Blood,Q716759,FR,fr,Anacondas 4 : La Piste du sang,2026-06-07,3
T08,Anacondas: Trail of Blood,Q716759,FR,fr,Anacondas 4 : La Piste du sang,2026-06-08,11
T08,Anacondas: Trail of Blood,Q716759,FR,fr,Anacondas 4 : La Piste du sang,2026-06-09,10
T08,Anacondas: Trail of Blood,Q716759,FR,fr,Anacondas 4 : La Piste du sang,2026-06-10,8
T08,Anacondas: Trail of Blood,Q716759,FR,fr,Anacondas 4 : La Piste du sang,2026-06-11,7
T08,Anacondas: Trail of Blood,Q716759,FR,fr,Anacondas 4 : La Piste du sang,2026-06-12,7
T08,Anacondas: Trail of Blood,Q716759,FR,fr,Anacondas 4 : La Piste du sang,2026-06-13,7
T08,Anacondas: Trail of Blood,Q716759,FR,fr,Anacondas 4 : La Piste du sang,2026-06-14,13
T08,Anacondas: Trail of Blood,Q716759,FR,fr,Anacondas 4 : La Piste du sang,2026-06-15,2
T08,Anacondas: Trail of Blood,Q716759,FR,fr,Anacondas 4 : La Piste du sang,2026-06-16,7
T08,Anacondas: Trail of Blood,Q716759,FR,fr,Anacondas 4 : La Piste du sang,2026-06-17,13
T08,Anacondas: Trail of Blood,Q716759,FR,fr,Anacondas 4 : La Piste du sang,2026-06-18,5
T08,Anacondas: Trail of Blood,Q716759,FR,fr,Anacondas 4 : La Piste du sang,2026-06-19,4
T08,Anacondas: Trail of Blood,Q716759,FR,fr,Anacondas 4 : La Piste du sang,2026-06-20,4
T08,Anacondas: Trail of Blood,Q716759,FR,fr,Anacondas 4 : La Piste du sang,2026-06-21,5
T08,Anacondas: Trail of Blood,Q716759,FR,fr,Anacondas 4 : La Piste du sang,2026-06-22,8
T08,Anacondas: Trail of Blood,Q716759,FR,fr,Anacondas 4 : La Piste du sang,2026-06-23,1
T08,Anacondas: Trail of Blood,Q716759,FR,fr,Anacondas 4 : La Piste du sang,2026-06-24,3
T08,Anacondas: Trail of Blood,Q716759,FR,fr,Anacondas 4 : La Piste du sang,2026-06-25,10
T08,Anacondas: Trail of Blood,Q716759,FR,fr,Anacondas 4 : La Piste du sang,2026-06-26,4
T08,Anacondas: Trail of Blood,Q716759,FR,fr,Anacondas 4 : La Piste du sang,2026-06-27,10
T08,Anacondas: Trail of Blood,Q716759,FR,fr,Anacondas 4 : La Piste du sang,2026-06-28,4
T08,Anacondas: Trail of Blood,Q716759,FR,fr,Anacondas 4 : La Piste du sang,2026-06-29,5
T08,Anacondas: Trail of Blood,Q716759,FR,fr,Anacondas 4 : La Piste du sang,2026-06-30,0
T08,Anacondas: Trail of Blood,Q716759,FR,fr,Anacondas 4 : La Piste du sang,2026-07-01,4
T08,Anacondas: Trail of Blood,Q716759,FR,fr,Anacondas 4 : La Piste du sang,2026-07-02,6
T08,Anacondas: Trail of Blood,Q716759,FR,fr,Anacondas 4 : La Piste du sang,2026-07-03,97
T08,Anacondas: Trail of Blood,Q716759,FR,fr,Anacondas 4 : La Piste du sang,2026-07-04,53
T08,Anacondas: Trail of Blood,Q716759,FR,fr,Anacondas 4 : La Piste du sang,2026-07-05,66
T08,Anacondas: Trail of Blood,Q716759,FR,fr,Anacondas 4 : La Piste du sang,2026-07-06,45
T08,Anacondas: Trail of Blood,Q716759,FR,fr,Anacondas 4 : La Piste du sang,2026-07-07,25
T08,Anacondas: Trail of Blood,Q716759,FR,fr,Anacondas 4 : La Piste du sang,2026-07-08,31
T08,Anacondas: Trail of Blood,Q716759,FR,fr,Anacondas 4 : La Piste du sang,2026-07-09,15
T08,Anacondas: Trail of Blood,Q716759,FR,fr,Anacondas 4 : La Piste du sang,2026-07-10,16
T08,Anacondas: Trail of Blood,Q716759,FR,fr,Anacondas 4 : La Piste du sang,2026-07-11,27
T08,Anacondas: Trail of Blood,Q716759,FR,fr,Anacondas 4 : La Piste du sang,2026-07-12,37
T08,Anacondas: Trail of Blood,Q716759,FR,fr,Anacondas 4 : La Piste du sang,2026-07-13,36
T08,Anacondas: Trail of Blood,Q716759,FR,fr,Anacondas 4 : La Piste du sang,2026-07-14,48
T08,Anacondas: Trail of Blood,Q716759,FR,fr,Anacondas 4 : La Piste du sang,2026-07-15,17
T08,Anacondas: Trail of Blood,Q716759,FR,fr,Anacondas 4 : La Piste du sang,2026-07-16,11
T08,Anacondas: Trail of Blood,Q716759,FR,fr,Anacondas 4 : La Piste du sang,2026-07-17,27
T08,Anacondas: Trail of Blood,Q716759,FR,fr,Anacondas 4 : La Piste du sang,2026-07-18,13
T08,Anacondas: Trail of Blood,Q716759,FR,fr,Anacondas 4 : La Piste du sang,2026-07-19,16
T08,Anacondas: Trail of Blood,Q716759,FR,fr,Anacondas 4 : La Piste du sang,2026-07-20,37
T08,Anacondas: Trail of Blood,Q716759,FR,fr,Anacondas 4 : La Piste du sang,2026-07-21,16
T08,Anacondas: Trail of Blood,Q716759,FR,fr,Anacondas 4 : La Piste du sang,2026-07-22,27
T08,Anacondas: Trail of Blood,Q716759,FR,fr,Anacondas 4 : La Piste du sang,2026-07-23,16
T08,Anacondas: Trail of Blood,Q716759,FR,fr,Anacondas 4 : La Piste du sang,2026-07-24,94
T08,Anacondas: Trail of Blood,Q716759,FR,fr,Anacondas 4 : La Piste du sang,2026-07-25,49
T08,Anacondas: Trail of Blood,Q716759,FR,fr,Anacondas 4 : La Piste du sang,2026-07-26,33
T08,Anacondas: Trail of Blood,Q716759,FR,fr,Anacondas 4 : La Piste du sang,2026-07-27,30
T08,Anacondas: Trail of Blood,Q716759,FR,fr,Anacondas 4 : La Piste du sang,2026-07-28,12
T08,Anacondas: Trail of Blood,Q716759,FR,fr,Anacondas 4 : La Piste du sang,2026-07-29,26
T08,Anacondas: Trail of Blood,Q716759,FR,fr,Anacondas 4 : La Piste du sang,2026-07-30,24
T08,Anacondas: Trail of Blood,Q716759,FR,fr,Anacondas 4 : La Piste du sang,2026-07-31,148
T08,Anacondas: Trail of Blood,Q716759,FR,fr,Anacondas 4 : La Piste du sang,2026-08-01,40
T08,Anacondas: Trail of Blood,Q716759,FR,fr,Anacondas 4 : La Piste du sang,2026-08-02,41
T08,Anacondas: Trail of Blood,Q716759,FR,fr,Anacondas 4 : La Piste du sang,2026-08-03,15
T08,Anacondas: Trail of Blood,Q716759,FR,fr,Anacondas 4 : La Piste du sang,2026-08-04,10
T08,Anacondas: Trail of Blood,Q716759,FR,fr,Anacondas 4 : La Piste du sang,2026-08-05,12
T08,Anacondas: Trail of Blood,Q716759,FR,fr,Anacondas 4 : La Piste du sang,2026-08-06,18
T08,Anacondas: Trail of Blood,Q716759,FR,fr,Anacondas 4 : La Piste du sang,2026-08-07,36
T08,Anacondas: Trail of Blood,Q716759,FR,fr,Anacondas 4 : La Piste du sang,2026-08-08,42
T08,Anacondas: Trail of Blood,Q716759,FR,fr,Anacondas 4 : La Piste du sang,2026-08-09,21
T08,Anacondas: Trail of Blood,Q716759,FR,fr,Anacondas 4 : La Piste du sang,2026-08-10,12
T08,Anacondas: Trail of Blood,Q716759,FR,fr,Anacondas 4 : La Piste du sang,2026-08-11,36
T08,Anacondas: Trail of Blood,Q716759,FR,fr,Anacondas 4 : La Piste du sang,2026-08-12,23
T08,Anacondas: Trail of Blood,Q716759,FR,fr,Anacondas 4 : La Piste du sang,2026-08-13,11
T08,Anacondas: Trail of Blood,Q716759,FR,fr,Anacondas 4 : La Piste du sang,2026-08-14,15
T08,Anacondas: Trail of Blood,Q716759,FR,fr,Anacondas 4 : La Piste du sang,2026-08-15,17
T08,Anacondas: Trail of Blood,Q716759,FR,fr,Anacondas 4 : La Piste du sang,2026-08-16,5
T08,Anacondas: Trail of Blood,Q716759,FR,fr,Anacondas 4 : La Piste du sang,2026-08-17,12
T08,Anacondas: Trail of Blood,Q716759,FR,fr,Anacondas 4 : La Piste du sang,2026-08-18,18
T08,Anacondas: Trail of Blood,Q716759,FR,fr,Anacondas 4 : La Piste du sang,2026-08-19,18
T08,Anacondas: Trail of Blood,Q716759,FR,fr,Anacondas 4 : La Piste du sang,2026-08-20,10
T08,Anacondas: Trail of Blood,Q716759,FR,fr,Anacondas 4 : La Piste du sang,2026-08-21,7
T08,Anacondas: Trail of Blood,Q716759,FR,fr,Anacondas 4 : La Piste du sang,2026-08-22,8
T08,Anacondas: Trail of Blood,Q716759,FR,fr,Anacondas 4 : La Piste du sang,2026-08-23,8
T08,Anacondas: Trail of Blood,Q716759,FR,fr,Anacondas 4 : La Piste du sang,2026-08-24,11
T08,Anacondas: Trail of Blood,Q716759,FR,fr,Anacondas 4 : La Piste du sang,2026-08-25,12
T08,Anacondas: Trail of Blood,Q716759,FR,fr,Anacondas 4 : La Piste du sang,2026-08-26,10
T08,Anacondas: Trail of Blood,Q716759,FR,fr,Anacondas 4 : La Piste du sang,2026-08-27,11
T08,Anacondas: Trail of Blood,Q716759,FR,fr,Anacondas 4 : La Piste du sang,2026-08-28,15
T08,Anacondas: Trail of Blood,Q716759,FR,fr,Anacondas 4 : La Piste du sang,2026-08-29,16
T08,Anacondas: Trail of Blood,Q716759,FR,fr,Anacondas 4 : La Piste du sang,2026-08-30,34
T08,Anacondas: Trail of Blood,Q716759,FR,fr,Anacondas 4 : La Piste du sang,2026-08-31,20
T08,Anacondas: Trail of Blood,Q716759,FR,fr,Anacondas 4 : La Piste du sang,2026-09-01,248
T08,Anacondas: Trail of Blood,Q716759,FR,fr,Anacondas 4 : La Piste du sang,2026-09-02,162
T08,Anacondas: Trail of Blood,Q716759,FR,fr,Anacondas 4 : La Piste du sang,2026-09-03,96
T08,Anacondas: Trail of Blood,Q716759,FR,fr,Anacondas 4 : La Piste du sang,2026-09-04,82
T08,Anacondas: Trail of Blood,Q716759,FR,fr,Anacondas 4 : La Piste du sang,2026-09-05,101
T08,Anacondas: Trail of Blood,Q716759,FR,fr,Anacondas 4 : La Piste du sang,2026-09-06,72
T08,Anacondas: Trail of Blood,Q716759,FR,fr,Anacondas 4 : La Piste du sang,2026-09-07,46
T08,Anacondas: Trail of Blood,Q716759,FR,fr,Anacondas 4 : La Piste du sang,2026-09-08,56
T08,Anacondas: Trail of Blood,Q716759,FR,fr,Anacondas 4 : La Piste du sang,2026-09-09,48
T08,Anacondas: Trail of Blood,Q716759,FR,fr,Anacondas 4 : La Piste du sang,2026-09-10,49
T08,Anacondas: Trail of Blood,Q716759,FR,fr,Anacondas 4 : La Piste du sang,2026-09-11,30
T08,Anacondas: Trail of Blood,Q716759,FR,fr,Anacondas 4 : La Piste du sang,2026-09-12,26
T08,Anacondas: Trail of Blood,Q716759,FR,fr,Anacondas 4 : La Piste du sang,2026-09-13,39
T08,Anacondas: Trail of Blood,Q716759,FR,fr,Anacondas 4 : La Piste du sang,2026-09-14,20
T08,Anacondas: Trail of Blood,Q716759,FR,fr,Anacondas 4 : La Piste du sang,2026-09-15,23
T08,Anacondas: Trail of Blood,Q716759,FR,fr,Anacondas 4 : La Piste du sang,2026-09-16,20
T08,Anacondas: Trail of Blood,Q716759,FR,fr,Anacondas 4 : La Piste du sang,2026-09-17,10
T08,Anacondas: Trail of Blood,Q716759,FR,fr,Anacondas 4 : La Piste du sang,2026-09-18,19
T08,Anacondas: Trail of Blood,Q716759,FR,fr,Anacondas 4 : La Piste du sang,2026-09-19,17
T08,Anacondas: Trail of Blood,Q716759,FR,fr,Anacondas 4 : La Piste du sang,2026-09-20,20
T08,Anacondas: Trail of Blood,Q716759,JP,ja,アナコンダ4,2026-06-01,20
T08,Anacondas: Trail of Blood,Q716759,JP,ja,アナコンダ4,2026-06-02,7
T08,Anacondas: Trail of Blood,Q716759,JP,ja,アナコンダ4,2026-06-03,12
T08,Anacondas: Trail of Blood,Q716759,JP,ja,アナコンダ4,2026-06-04,7
T08,Anacondas: Trail of Blood,Q716759,JP,ja,アナコンダ4,2026-06-05,22
T08,Anacondas: Trail of Blood,Q716759,JP,ja,アナコンダ4,2026-06-06,15
T08,Anacondas: Trail of Blood,Q716759,JP,ja,アナコンダ4,2026-06-07,13
T08,Anacondas: Trail of Blood,Q716759,JP,ja,アナコンダ4,2026-06-08,12
T08,Anacondas: Trail of Blood,Q716759,JP,ja,アナコンダ4,2026-06-09,14
T08,Anacondas: Trail of Blood,Q716759,JP,ja,アナコンダ4,2026-06-10,28
T08,Anacondas: Trail of Blood,Q716759,JP,ja,アナコンダ4,2026-06-11,6
T08,Anacondas: Trail of Blood,Q716759,JP,ja,アナコンダ4,2026-06-12,21
T08,Anacondas: Trail of Blood,Q716759,JP,ja,アナコンダ4,2026-06-13,19
T08,Anacondas: Trail of Blood,Q716759,JP,ja,アナコンダ4,2026-06-14,14
T08,Anacondas: Trail of Blood,Q716759,JP,ja,アナコンダ4,2026-06-15,11
T08,Anacondas: Trail of Blood,Q716759,JP,ja,アナコンダ4,2026-06-16,13
T08,Anacondas: Trail of Blood,Q716759,JP,ja,アナコンダ4,2026-06-17,17
T08,Anacondas: Trail of Blood,Q716759,JP,ja,アナコンダ4,2026-06-18,13
T08,Anacondas: Trail of Blood,Q716759,JP,ja,アナコンダ4,2026-06-19,7
T08,Anacondas: Trail of Blood,Q716759,JP,ja,アナコンダ4,2026-06-20,6
T08,Anacondas: Trail of Blood,Q716759,JP,ja,アナコンダ4,2026-06-21,15
T08,Anacondas: Trail of Blood,Q716759,JP,ja,アナコンダ4,2026-06-22,13
T08,Anacondas: Trail of Blood,Q716759,JP,ja,アナコンダ4,2026-06-23,13
T08,Anacondas: Trail of Blood,Q716759,JP,ja,アナコンダ4,2026-06-24,8
T08,Anacondas: Trail of Blood,Q716759,JP,ja,アナコンダ4,2026-06-25,4
T08,Anacondas: Trail of Blood,Q716759,JP,ja,アナコンダ4,2026-06-26,10
T08,Anacondas: Trail of Blood,Q716759,JP,ja,アナコンダ4,2026-06-27,18
T08,Anacondas: Trail of Blood,Q716759,JP,ja,アナコンダ4,2026-06-28,7
T08,Anacondas: Trail of Blood,Q716759,JP,ja,アナコンダ4,2026-06-29,9
T08,Anacondas: Trail of Blood,Q716759,JP,ja,アナコンダ4,2026-06-30,6
T08,Anacondas: Trail of Blood,Q716759,JP,ja,アナコンダ4,2026-07-01,7
T08,Anacondas: Trail of Blood,Q716759,JP,ja,アナコンダ4,2026-07-02,11
T08,Anacondas: Trail of Blood,Q716759,JP,ja,アナコンダ4,2026-07-03,11
T08,Anacondas: Trail of Blood,Q716759,JP,ja,アナコンダ4,2026-07-04,16
T08,Anacondas: Trail of Blood,Q716759,JP,ja,アナコンダ4,2026-07-05,13
T08,Anacondas: Trail of Blood,Q716759,JP,ja,アナコンダ4,2026-07-06,7
T08,Anacondas: Trail of Blood,Q716759,JP,ja,アナコンダ4,2026-07-07,7
T08,Anacondas: Trail of Blood,Q716759,JP,ja,アナコンダ4,2026-07-08,13
T08,Anacondas: Trail of Blood,Q716759,JP,ja,アナコンダ4,2026-07-09,11
T08,Anacondas: Trail of Blood,Q716759,JP,ja,アナコンダ4,2026-07-10,11
T08,Anacondas: Trail of Blood,Q716759,JP,ja,アナコンダ4,2026-07-11,9
T08,Anacondas: Trail of Blood,Q716759,JP,ja,アナコンダ4,2026-07-12,22
T08,Anacondas: Trail of Blood,Q716759,JP,ja,アナコンダ4,2026-07-13,8
T08,Anacondas: Trail of Blood,Q716759,JP,ja,アナコンダ4,2026-07-14,6
T08,Anacondas: Trail of Blood,Q716759,JP,ja,アナコンダ4,2026-07-15,5
T08,Anacondas: Trail of Blood,Q716759,JP,ja,アナコンダ4,2026-07-16,23
T08,Anacondas: Trail of Blood,Q716759,JP,ja,アナコンダ4,2026-07-17,10
T08,Anacondas: Trail of Blood,Q716759,JP,ja,アナコンダ4,2026-07-18,13
T08,Anacondas: Trail of Blood,Q716759,JP,ja,アナコンダ4,2026-07-19,6
T08,Anacondas: Trail of Blood,Q716759,JP,ja,アナコンダ4,2026-07-20,13
T08,Anacondas: Trail of Blood,Q716759,JP,ja,アナコンダ4,2026-07-21,7
T08,Anacondas: Trail of Blood,Q716759,JP,ja,アナコンダ4,2026-07-22,10
T08,Anacondas: Trail of Blood,Q716759,JP,ja,アナコンダ4,2026-07-23,7
T08,Anacondas: Trail of Blood,Q716759,JP,ja,アナコンダ4,2026-07-24,18
T08,Anacondas: Trail of Blood,Q716759,JP,ja,アナコンダ4,2026-07-25,8
T08,Anacondas: Trail of Blood,Q716759,JP,ja,アナコンダ4,2026-07-26,14
T08,Anacondas: Trail of Blood,Q716759,JP,ja,アナコンダ4,2026-07-27,15
T08,Anacondas: Trail of Blood,Q716759,JP,ja,アナコンダ4,2026-07-28,10
T08,Anacondas: Trail of Blood,Q716759,JP,ja,アナコンダ4,2026-07-29,10
T08,Anacondas: Trail of Blood,Q716759,JP,ja,アナコンダ4,2026-07-30,14
T08,Anacondas: Trail of Blood,Q716759,JP,ja,アナコンダ4,2026-07-31,9
T08,Anacondas: Trail of Blood,Q716759,JP,ja,アナコンダ4,2026-08-01,19
T08,Anacondas: Trail of Blood,Q716759,JP,ja,アナコンダ4,2026-08-02,23
T08,Anacondas: Trail of Blood,Q716759,JP,ja,アナコンダ4,2026-08-03,16
T08,Anacondas: Trail of Blood,Q716759,JP,ja,アナコンダ4,2026-08-04,9
T08,Anacondas: Trail of Blood,Q716759,JP,ja,アナコンダ4,2026-08-05,10
T08,Anacondas: Trail of Blood,Q716759,JP,ja,アナコンダ4,2026-08-06,13
T08,Anacondas: Trail of Blood,Q716759,JP,ja,アナコンダ4,2026-08-07,11
T08,Anacondas: Trail of Blood,Q716759,JP,ja,アナコンダ4,2026-08-08,8
T08,Anacondas: Trail of Blood,Q716759,JP,ja,アナコンダ4,2026-08-09,15
T08,Anacondas: Trail of Blood,Q716759,JP,ja,アナコンダ4,2026-08-10,14
T08,Anacondas: Trail of Blood,Q716759,JP,ja,アナコンダ4,2026-08-11,13
T08,Anacondas: Trail of Blood,Q716759,JP,ja,アナコンダ4,2026-08-12,19
T08,Anacondas: Trail of Blood,Q716759,JP,ja,アナコンダ4,2026-08-13,24
T08,Anacondas: Trail of Blood,Q716759,JP,ja,アナコンダ4,2026-08-14,22
T08,Anacondas: Trail of Blood,Q716759,JP,ja,アナコンダ4,2026-08-15,23
T08,Anacondas: Trail of Blood,Q716759,JP,ja,アナコンダ4,2026-08-16,23
T08,Anacondas: Trail of Blood,Q716759,JP,ja,アナコンダ4,2026-08-17,16
T08,Anacondas: Trail of Blood,Q716759,JP,ja,アナコンダ4,2026-08-18,22
T08,Anacondas: Trail of Blood,Q716759,JP,ja,アナコンダ4,2026-08-19,18
T08,Anacondas: Trail of Blood,Q716759,JP,ja,アナコンダ4,2026-08-20,23
T08,Anacondas: Trail of Blood,Q716759,JP,ja,アナコンダ4,2026-08-21,15
T08,Anacondas: Trail of Blood,Q716759,JP,ja,アナコンダ4,2026-08-22,16
T08,Anacondas: Trail of Blood,Q716759,JP,ja,アナコンダ4,2026-08-23,25
T08,Anacondas: Trail of Blood,Q716759,JP,ja,アナコンダ4,2026-08-24,22
T08,Anacondas: Trail of Blood,Q716759,JP,ja,アナコンダ4,2026-08-25,26
T08,Anacondas: Trail of Blood,Q716759,JP,ja,アナコンダ4,2026-08-26,18
T08,Anacondas: Trail of Blood,Q716759,JP,ja,アナコンダ4,2026-08-27,28
T08,Anacondas: Trail of Blood,Q716759,JP,ja,アナコンダ4,2026-08-28,13
T08,Anacondas: Trail of Blood,Q716759,JP,ja,アナコンダ4,2026-08-29,28
T08,Anacondas: Trail of Blood,Q716759,JP,ja,アナコンダ4,2026-08-30,54
T08,Anacondas: Trail of Blood,Q716759,JP,ja,アナコンダ4,2026-08-31,77
T08,Anacondas: Trail of Blood,Q716759,JP,ja,アナコンダ4,2026-09-01,256
T08,Anacondas: Trail of Blood,Q716759,JP,ja,アナコンダ4,2026-09-02,257
T08,Anacondas: Trail of Blood,Q716759,JP,ja,アナコンダ4,2026-09-03,168
T08,Anacondas: Trail of Blood,Q716759,JP,ja,アナコンダ4,2026-09-04,181
T08,Anacondas: Trail of Blood,Q716759,JP,ja,アナコンダ4,2026-09-05,192
T08,Anacondas: Trail of Blood,Q716759,JP,ja,アナコンダ4,2026-09-06,149
T08,Anacondas: Trail of Blood,Q716759,JP,ja,アナコンダ4,2026-09-07,106
T08,Anacondas: Trail of Blood,Q716759,JP,ja,アナコンダ4,2026-09-08,71
T08,Anacondas: Trail of Blood,Q716759,JP,ja,アナコンダ4,2026-09-09,184
T08,Anacondas: Trail of Blood,Q716759,JP,ja,アナコンダ4,2026-09-10,118
T08,Anacondas: Trail of Blood,Q716759,JP,ja,アナコンダ4,2026-09-11,95
T08,Anacondas: Trail of Blood,Q716759,JP,ja,アナコンダ4,2026-09-12,120
T08,Anacondas: Trail of Blood,Q716759,JP,ja,アナコンダ4,2026-09-13,102
T08,Anacondas: Trail of Blood,Q716759,JP,ja,アナコンダ4,2026-09-14,77
T08,Anacondas: Trail of Blood,Q716759,JP,ja,アナコンダ4,2026-09-15,42
T08,Anacondas: Trail of Blood,Q716759,JP,ja,アナコンダ4,2026-09-16,53
T08,Anacondas: Trail of Blood,Q716759,JP,ja,アナコンダ4,2026-09-17,21
T08,Anacondas: Trail of Blood,Q716759,JP,ja,アナコンダ4,2026-09-18,29
T08,Anacondas: Trail of Blood,Q716759,JP,ja,アナコンダ4,2026-09-19,31
T08,Anacondas: Trail of Blood,Q716759,JP,ja,アナコンダ4,2026-09-20,35
T08,Anacondas: Trail of Blood,Q716759,BR,pt,Anacondas: Trail of Blood,2026-06-01,3
T08,Anacondas: Trail of Blood,Q716759,BR,pt,Anacondas: Trail of Blood,2026-06-02,2
T08,Anacondas: Trail of Blood,Q716759,BR,pt,Anacondas: Trail of Blood,2026-06-03,2
T08,Anacondas: Trail of Blood,Q716759,BR,pt,Anacondas: Trail of Blood,2026-06-04,2
T08,Anacondas: Trail of Blood,Q716759,BR,pt,Anacondas: Trail of Blood,2026-06-05,0
T08,Anacondas: Trail of Blood,Q716759,BR,pt,Anacondas: Trail of Blood,2026-06-06,5
T08,Anacondas: Trail of Blood,Q716759,BR,pt,Anacondas: Trail of Blood,2026-06-07,1
T08,Anacondas: Trail of Blood,Q716759,BR,pt,Anacondas: Trail of Blood,2026-06-08,1
T08,Anacondas: Trail of Blood,Q716759,BR,pt,Anacondas: Trail of Blood,2026-06-09,4
T08,Anacondas: Trail of Blood,Q716759,BR,pt,Anacondas: Trail of Blood,2026-06-10,2
T08,Anacondas: Trail of Blood,Q716759,BR,pt,Anacondas: Trail of Blood,2026-06-11,3
T08,Anacondas: Trail of Blood,Q716759,BR,pt,Anacondas: Trail of Blood,2026-06-12,1
T08,Anacondas: Trail of Blood,Q716759,BR,pt,Anacondas: Trail of Blood,2026-06-13,1
T08,Anacondas: Trail of Blood,Q716759,BR,pt,Anacondas: Trail of Blood,2026-06-14,1
T08,Anacondas: Trail of Blood,Q716759,BR,pt,Anacondas: Trail of Blood,2026-06-15,3
T08,Anacondas: Trail of Blood,Q716759,BR,pt,Anacondas: Trail of Blood,2026-06-16,1
T08,Anacondas: Trail of Blood,Q716759,BR,pt,Anacondas: Trail of Blood,2026-06-17,0
T08,Anacondas: Trail of Blood,Q716759,BR,pt,Anacondas: Trail of Blood,2026-06-18,5
T08,Anacondas: Trail of Blood,Q716759,BR,pt,Anacondas: Trail of Blood,2026-06-19,2
T08,Anacondas: Trail of Blood,Q716759,BR,pt,Anacondas: Trail of Blood,2026-06-20,0
T08,Anacondas: Trail of Blood,Q716759,BR,pt,Anacondas: Trail of Blood,2026-06-21,3
T08,Anacondas: Trail of Blood,Q716759,BR,pt,Anacondas: Trail of Blood,2026-06-22,2
T08,Anacondas: Trail of Blood,Q716759,BR,pt,Anacondas: Trail of Blood,2026-06-23,7
T08,Anacondas: Trail of Blood,Q716759,BR,pt,Anacondas: Trail of Blood,2026-06-24,3
T08,Anacondas: Trail of Blood,Q716759,BR,pt,Anacondas: Trail of Blood,2026-06-25,0
T08,Anacondas: Trail of Blood,Q716759,BR,pt,Anacondas: Trail of Blood,2026-06-26,1
T08,Anacondas: Trail of Blood,Q716759,BR,pt,Anacondas: Trail of Blood,2026-06-27,2
T08,Anacondas: Trail of Blood,Q716759,BR,pt,Anacondas: Trail of Blood,2026-06-28,2
T08,Anacondas: Trail of Blood,Q716759,BR,pt,Anacondas: Trail of Blood,2026-06-29,1
T08,Anacondas: Trail of Blood,Q716759,BR,pt,Anacondas: Trail of Blood,2026-06-30,3
T08,Anacondas: Trail of Blood,Q716759,BR,pt,Anacondas: Trail of Blood,2026-07-01,3
T08,Anacondas: Trail of Blood,Q716759,BR,pt,Anacondas: Trail of Blood,2026-07-02,1
T08,Anacondas: Trail of Blood,Q716759,BR,pt,Anacondas: Trail of Blood,2026-07-03,0
T08,Anacondas: Trail of Blood,Q716759,BR,pt,Anacondas: Trail of Blood,2026-07-04,0
T08,Anacondas: Trail of Blood,Q716759,BR,pt,Anacondas: Trail of Blood,2026-07-05,5
T08,Anacondas: Trail of Blood,Q716759,BR,pt,Anacondas: Trail of Blood,2026-07-06,1
T08,Anacondas: Trail of Blood,Q716759,BR,pt,Anacondas: Trail of Blood,2026-07-07,0
T08,Anacondas: Trail of Blood,Q716759,BR,pt,Anacondas: Trail of Blood,2026-07-08,3
T08,Anacondas: Trail of Blood,Q716759,BR,pt,Anacondas: Trail of Blood,2026-07-09,1
T08,Anacondas: Trail of Blood,Q716759,BR,pt,Anacondas: Trail of Blood,2026-07-10,2
T08,Anacondas: Trail of Blood,Q716759,BR,pt,Anacondas: Trail of Blood,2026-07-11,1
T08,Anacondas: Trail of Blood,Q716759,BR,pt,Anacondas: Trail of Blood,2026-07-12,1
T08,Anacondas: Trail of Blood,Q716759,BR,pt,Anacondas: Trail of Blood,2026-07-13,2
T08,Anacondas: Trail of Blood,Q716759,BR,pt,Anacondas: Trail of Blood,2026-07-14,1
T08,Anacondas: Trail of Blood,Q716759,BR,pt,Anacondas: Trail of Blood,2026-07-15,1
T08,Anacondas: Trail of Blood,Q716759,BR,pt,Anacondas: Trail of Blood,2026-07-16,1
T08,Anacondas: Trail of Blood,Q716759,BR,pt,Anacondas: Trail of Blood,2026-07-17,0
T08,Anacondas: Trail of Blood,Q716759,BR,pt,Anacondas: Trail of Blood,2026-07-18,0
T08,Anacondas: Trail of Blood,Q716759,BR,pt,Anacondas: Trail of Blood,2026-07-19,1
T08,Anacondas: Trail of Blood,Q716759,BR,pt,Anacondas: Trail of Blood,2026-07-20,5
T08,Anacondas: Trail of Blood,Q716759,BR,pt,Anacondas: Trail of Blood,2026-07-21,1
T08,Anacondas: Trail of Blood,Q716759,BR,pt,Anacondas: Trail of Blood,2026-07-22,2
T08,Anacondas: Trail of Blood,Q716759,BR,pt,Anacondas: Trail of Blood,2026-07-23,4
T08,Anacondas: Trail of Blood,Q716759,BR,pt,Anacondas: Trail of Blood,2026-07-24,1
T08,Anacondas: Trail of Blood,Q716759,BR,pt,Anacondas: Trail of Blood,2026-07-25,3
T08,Anacondas: Trail of Blood,Q716759,BR,pt,Anacondas: Trail of Blood,2026-07-26,5
T08,Anacondas: Trail of Blood,Q716759,BR,pt,Anacondas: Trail of Blood,2026-07-27,5
T08,Anacondas: Trail of Blood,Q716759,BR,pt,Anacondas: Trail of Blood,2026-07-28,3
T08,Anacondas: Trail of Blood,Q716759,BR,pt,Anacondas: Trail of Blood,2026-07-29,5
T08,Anacondas: Trail of Blood,Q716759,BR,pt,Anacondas: Trail of Blood,2026-07-30,3
T08,Anacondas: Trail of Blood,Q716759,BR,pt,Anacondas: Trail of Blood,2026-07-31,0
T08,Anacondas: Trail of Blood,Q716759,BR,pt,Anacondas: Trail of Blood,2026-08-01,1
T08,Anacondas: Trail of Blood,Q716759,BR,pt,Anacondas: Trail of Blood,2026-08-02,1
T08,Anacondas: Trail of Blood,Q716759,BR,pt,Anacondas: Trail of Blood,2026-08-03,1
T08,Anacondas: Trail of Blood,Q716759,BR,pt,Anacondas: Trail of Blood,2026-08-04,2
T08,Anacondas: Trail of Blood,Q716759,BR,pt,Anacondas: Trail of Blood,2026-08-05,4
T08,Anacondas: Trail of Blood,Q716759,BR,pt,Anacondas: Trail of Blood,2026-08-06,4
T08,Anacondas: Trail of Blood,Q716759,BR,pt,Anacondas: Trail of Blood,2026-08-07,1
T08,Anacondas: Trail of Blood,Q716759,BR,pt,Anacondas: Trail of Blood,2026-08-08,9
T08,Anacondas: Trail of Blood,Q716759,BR,pt,Anacondas: Trail of Blood,2026-08-09,0
T08,Anacondas: Trail of Blood,Q716759,BR,pt,Anacondas: Trail of Blood,2026-08-10,4
T08,Anacondas: Trail of Blood,Q716759,BR,pt,Anacondas: Trail of Blood,2026-08-11,2
T08,Anacondas: Trail of Blood,Q716759,BR,pt,Anacondas: Trail of Blood,2026-08-12,1
T08,Anacondas: Trail of Blood,Q716759,BR,pt,Anacondas: Trail of Blood,2026-08-13,5
T08,Anacondas: Trail of Blood,Q716759,BR,pt,Anacondas: Trail of Blood,2026-08-14,4
T08,Anacondas: Trail of Blood,Q716759,BR,pt,Anacondas: Trail of Blood,2026-08-15,9
T08,Anacondas: Trail of Blood,Q716759,BR,pt,Anacondas: Trail of Blood,2026-08-16,3
T08,Anacondas: Trail of Blood,Q716759,BR,pt,Anacondas: Trail of Blood,2026-08-17,0
T08,Anacondas: Trail of Blood,Q716759,BR,pt,Anacondas: Trail of Blood,2026-08-18,7
T08,Anacondas: Trail of Blood,Q716759,BR,pt,Anacondas: Trail of Blood,2026-08-19,7
T08,Anacondas: Trail of Blood,Q716759,BR,pt,Anacondas: Trail of Blood,2026-08-20,4
T08,Anacondas: Trail of Blood,Q716759,BR,pt,Anacondas: Trail of Blood,2026-08-21,6
T08,Anacondas: Trail of Blood,Q716759,BR,pt,Anacondas: Trail of Blood,2026-08-22,5
T08,Anacondas: Trail of Blood,Q716759,BR,pt,Anacondas: Trail of Blood,2026-08-23,1
T08,Anacondas: Trail of Blood,Q716759,BR,pt,Anacondas: Trail of Blood,2026-08-24,1
T08,Anacondas: Trail of Blood,Q716759,BR,pt,Anacondas: Trail of Blood,2026-08-25,0
T08,Anacondas: Trail of Blood,Q716759,BR,pt,Anacondas: Trail of Blood,2026-08-26,0
T08,Anacondas: Trail of Blood,Q716759,BR,pt,Anacondas: Trail of Blood,2026-08-27,0
T08,Anacondas: Trail of Blood,Q716759,BR,pt,Anacondas: Trail of Blood,2026-08-28,0
T08,Anacondas: Trail of Blood,Q716759,BR,pt,Anacondas: Trail of Blood,2026-08-29,3
T08,Anacondas: Trail of Blood,Q716759,BR,pt,Anacondas: Trail of Blood,2026-08-30,1
T08,Anacondas: Trail of Blood,Q716759,BR,pt,Anacondas: Trail of Blood,2026-08-31,2
T08,Anacondas: Trail of Blood,Q716759,BR,pt,Anacondas: Trail of Blood,2026-09-01,5
T08,Anacondas: Trail of Blood,Q716759,BR,pt,Anacondas: Trail of Blood,2026-09-02,7
T08,Anacondas: Trail of Blood,Q716759,BR,pt,Anacondas: Trail of Blood,2026-09-03,6
T08,Anacondas: Trail of Blood,Q716759,BR,pt,Anacondas: Trail of Blood,2026-09-04,7
T08,Anacondas: Trail of Blood,Q716759,BR,pt,Anacondas: Trail of Blood,2026-09-05,10
T08,Anacondas: Trail of Blood,Q716759,BR,pt,Anacondas: Trail of Blood,2026-09-06,13
T08,Anacondas: Trail of Blood,Q716759,BR,pt,Anacondas: Trail of Blood,2026-09-07,5
T08,Anacondas: Trail of Blood,Q716759,BR,pt,Anacondas: Trail of Blood,2026-09-08,4
T08,Anacondas: Trail of Blood,Q716759,BR,pt,Anacondas: Trail of Blood,2026-09-09,3
T08,Anacondas: Trail of Blood,Q716759,BR,pt,Anacondas: Trail of Blood,2026-09-10,8
T08,Anacondas: Trail of Blood,Q716759,BR,pt,Anacondas: Trail of Blood,2026-09-11,7
T08,Anacondas: Trail of Blood,Q716759,BR,pt,Anacondas: Trail of Blood,2026-09-12,3
T08,Anacondas: Trail of Blood,Q716759,BR,pt,Anacondas: Trail of Blood,2026-09-13,1
T08,Anacondas: Trail of Blood,Q716759,BR,pt,Anacondas: Trail of Blood,2026-09-14,4
T08,Anacondas: Trail of Blood,Q716759,BR,pt,Anacondas: Trail of Blood,2026-09-15,3
T08,Anacondas: Trail of Blood,Q716759,BR,pt,Anacondas: Trail of Blood,2026-09-16,4
T08,Anacondas: Trail of Blood,Q716759,BR,pt,Anacondas: Trail of Blood,2026-09-17,6
T08,Anacondas: Trail of Blood,Q716759,BR,pt,Anacondas: Trail of Blood,2026-09-18,6
T08,Anacondas: Trail of Blood,Q716759,BR,pt,Anacondas: Trail of Blood,2026-09-19,1
T08,Anacondas: Trail of Blood,Q716759,BR,pt,Anacondas: Trail of Blood,2026-09-20,1
T08,Anacondas: Trail of Blood,Q716759,IT,it,Anaconda - Sentiero di sangue,2026-06-01,2
T08,Anacondas: Trail of Blood,Q716759,IT,it,Anaconda - Sentiero di sangue,2026-06-02,4
T08,Anacondas: Trail of Blood,Q716759,IT,it,Anaconda - Sentiero di sangue,2026-06-03,5
T08,Anacondas: Trail of Blood,Q716759,IT,it,Anaconda - Sentiero di sangue,2026-06-04,5
T08,Anacondas: Trail of Blood,Q716759,IT,it,Anaconda - Sentiero di sangue,2026-06-05,4
T08,Anacondas: Trail of Blood,Q716759,IT,it,Anaconda - Sentiero di sangue,2026-06-06,1
T08,Anacondas: Trail of Blood,Q716759,IT,it,Anaconda - Sentiero di sangue,2026-06-07,4
T08,Anacondas: Trail of Blood,Q716759,IT,it,Anaconda - Sentiero di sangue,2026-06-08,3
T08,Anacondas: Trail of Blood,Q716759,IT,it,Anaconda - Sentiero di sangue,2026-06-09,3
T08,Anacondas: Trail of Blood,Q716759,IT,it,Anaconda - Sentiero di sangue,2026-06-10,3
T08,Anacondas: Trail of Blood,Q716759,IT,it,Anaconda - Sentiero di sangue,2026-06-11,1
T08,Anacondas: Trail of Blood,Q716759,IT,it,Anaconda - Sentiero di sangue,2026-06-12,5
T08,Anacondas: Trail of Blood,Q716759,IT,it,Anaconda - Sentiero di sangue,2026-06-13,4
T08,Anacondas: Trail of Blood,Q716759,IT,it,Anaconda - Sentiero di sangue,2026-06-14,5
T08,Anacondas: Trail of Blood,Q716759,IT,it,Anaconda - Sentiero di sangue,2026-06-15,3
T08,Anacondas: Trail of Blood,Q716759,IT,it,Anaconda - Sentiero di sangue,2026-06-16,2
T08,Anacondas: Trail of Blood,Q716759,IT,it,Anaconda - Sentiero di sangue,2026-06-17,5
T08,Anacondas: Trail of Blood,Q716759,IT,it,Anaconda - Sentiero di sangue,2026-06-18,1
T08,Anacondas: Trail of Blood,Q716759,IT,it,Anaconda - Sentiero di sangue,2026-06-19,5
T08,Anacondas: Trail of Blood,Q716759,IT,it,Anaconda - Sentiero di sangue,2026-06-20,1
T08,Anacondas: Trail of Blood,Q716759,IT,it,Anaconda - Sentiero di sangue,2026-06-21,2
T08,Anacondas: Trail of Blood,Q716759,IT,it,Anaconda - Sentiero di sangue,2026-06-22,4
T08,Anacondas: Trail of Blood,Q716759,IT,it,Anaconda - Sentiero di sangue,2026-06-23,6
T08,Anacondas: Trail of Blood,Q716759,IT,it,Anaconda - Sentiero di sangue,2026-06-24,3
T08,Anacondas: Trail of Blood,Q716759,IT,it,Anaconda - Sentiero di sangue,2026-06-25,7
T08,Anacondas: Trail of Blood,Q716759,IT,it,Anaconda - Sentiero di sangue,2026-06-26,5
T08,Anacondas: Trail of Blood,Q716759,IT,it,Anaconda - Sentiero di sangue,2026-06-27,1
T08,Anacondas: Trail of Blood,Q716759,IT,it,Anaconda - Sentiero di sangue,2026-06-28,8
T08,Anacondas: Trail of Blood,Q716759,IT,it,Anaconda - Sentiero di sangue,2026-06-29,2
T08,Anacondas: Trail of Blood,Q716759,IT,it,Anaconda - Sentiero di sangue,2026-06-30,3
T08,Anacondas: Trail of Blood,Q716759,IT,it,Anaconda - Sentiero di sangue,2026-07-01,3
T08,Anacondas: Trail of Blood,Q716759,IT,it,Anaconda - Sentiero di sangue,2026-07-02,9
T08,Anacondas: Trail of Blood,Q716759,IT,it,Anaconda - Sentiero di sangue,2026-07-03,2
T08,Anacondas: Trail of Blood,Q716759,IT,it,Anaconda - Sentiero di sangue,2026-07-04,3
T08,Anacondas: Trail of Blood,Q716759,IT,it,Anaconda - Sentiero di sangue,2026-07-05,8
T08,Anacondas: Trail of Blood,Q716759,IT,it,Anaconda - Sentiero di sangue,2026-07-06,8
T08,Anacondas: Trail of Blood,Q716759,IT,it,Anaconda - Sentiero di sangue,2026-07-07,1
T08,Anacondas: Trail of Blood,Q716759,IT,it,Anaconda - Sentiero di sangue,2026-07-08,8
T08,Anacondas: Trail of Blood,Q716759,IT,it,Anaconda - Sentiero di sangue,2026-07-09,4
T08,Anacondas: Trail of Blood,Q716759,IT,it,Anaconda - Sentiero di sangue,2026-07-10,1
T08,Anacondas: Trail of Blood,Q716759,IT,it,Anaconda - Sentiero di sangue,2026-07-11,1
T08,Anacondas: Trail of Blood,Q716759,IT,it,Anaconda - Sentiero di sangue,2026-07-12,5
T08,Anacondas: Trail of Blood,Q716759,IT,it,Anaconda - Sentiero di sangue,2026-07-13,1
T08,Anacondas: Trail of Blood,Q716759,IT,it,Anaconda - Sentiero di sangue,2026-07-14,3
T08,Anacondas: Trail of Blood,Q716759,IT,it,Anaconda - Sentiero di sangue,2026-07-15,7
T08,Anacondas: Trail of Blood,Q716759,IT,it,Anaconda - Sentiero di sangue,2026-07-16,2
T08,Anacondas: Trail of Blood,Q716759,IT,it,Anaconda - Sentiero di sangue,2026-07-17,3
T08,Anacondas: Trail of Blood,Q716759,IT,it,Anaconda - Sentiero di sangue,2026-07-18,1
T08,Anacondas: Trail of Blood,Q716759,IT,it,Anaconda - Sentiero di sangue,2026-07-19,6
T08,Anacondas: Trail of Blood,Q716759,IT,it,Anaconda - Sentiero di sangue,2026-07-20,4
T08,Anacondas: Trail of Blood,Q716759,IT,it,Anaconda - Sentiero di sangue,2026-07-21,8
T08,Anacondas: Trail of Blood,Q716759,IT,it,Anaconda - Sentiero di sangue,2026-07-22,1
T08,Anacondas: Trail of Blood,Q716759,IT,it,Anaconda - Sentiero di sangue,2026-07-23,2
T08,Anacondas: Trail of Blood,Q716759,IT,it,Anaconda - Sentiero di sangue,2026-07-24,3
T08,Anacondas: Trail of Blood,Q716759,IT,it,Anaconda - Sentiero di sangue,2026-07-25,3
T08,Anacondas: Trail of Blood,Q716759,IT,it,Anaconda - Sentiero di sangue,2026-07-26,4
T08,Anacondas: Trail of Blood,Q716759,IT,it,Anaconda - Sentiero di sangue,2026-07-27,3
T08,Anacondas: Trail of Blood,Q716759,IT,it,Anaconda - Sentiero di sangue,2026-07-28,0
T08,Anacondas: Trail of Blood,Q716759,IT,it,Anaconda - Sentiero di sangue,2026-07-29,7
T08,Anacondas: Trail of Blood,Q716759,IT,it,Anaconda - Sentiero di sangue,2026-07-30,4
T08,Anacondas: Trail of Blood,Q716759,IT,it,Anaconda - Sentiero di sangue,2026-07-31,4
T08,Anacondas: Trail of Blood,Q716759,IT,it,Anaconda - Sentiero di sangue,2026-08-01,3
T08,Anacondas: Trail of Blood,Q716759,IT,it,Anaconda - Sentiero di sangue,2026-08-02,9
T08,Anacondas: Trail of Blood,Q716759,IT,it,Anaconda - Sentiero di sangue,2026-08-03,14
T08,Anacondas: Trail of Blood,Q716759,IT,it,Anaconda - Sentiero di sangue,2026-08-04,8
T08,Anacondas: Trail of Blood,Q716759,IT,it,Anaconda - Sentiero di sangue,2026-08-05,12
T08,Anacondas: Trail of Blood,Q716759,IT,it,Anaconda - Sentiero di sangue,2026-08-06,10
T08,Anacondas: Trail of Blood,Q716759,IT,it,Anaconda - Sentiero di sangue,2026-08-07,57
T08,Anacondas: Trail of Blood,Q716759,IT,it,Anaconda - Sentiero di sangue,2026-08-08,43
T08,Anacondas: Trail of Blood,Q716759,IT,it,Anaconda - Sentiero di sangue,2026-08-09,38
T08,Anacondas: Trail of Blood,Q716759,IT,it,Anaconda - Sentiero di sangue,2026-08-10,45
T08,Anacondas: Trail of Blood,Q716759,IT,it,Anaconda - Sentiero di sangue,2026-08-11,43
T08,Anacondas: Trail of Blood,Q716759,IT,it,Anaconda - Sentiero di sangue,2026-08-12,22
T08,Anacondas: Trail of Blood,Q716759,IT,it,Anaconda - Sentiero di sangue,2026-08-13,16
T08,Anacondas: Trail of Blood,Q716759,IT,it,Anaconda - Sentiero di sangue,2026-08-14,29
T08,Anacondas: Trail of Blood,Q716759,IT,it,Anaconda - Sentiero di sangue,2026-08-15,15
T08,Anacondas: Trail of Blood,Q716759,IT,it,Anaconda - Sentiero di sangue,2026-08-16,33
T08,Anacondas: Trail of Blood,Q716759,IT,it,Anaconda - Sentiero di sangue,2026-08-17,15
T08,Anacondas: Trail of Blood,Q716759,IT,it,Anaconda - Sentiero di sangue,2026-08-18,22
T08,Anacondas: Trail of Blood,Q716759,IT,it,Anaconda - Sentiero di sangue,2026-08-19,26
T08,Anacondas: Trail of Blood,Q716759,IT,it,Anaconda - Sentiero di sangue,2026-08-20,27
T08,Anacondas: Trail of Blood,Q716759,IT,it,Anaconda - Sentiero di sangue,2026-08-21,15
T08,Anacondas: Trail of Blood,Q716759,IT,it,Anaconda - Sentiero di sangue,2026-08-22,13
T08,Anacondas: Trail of Blood,Q716759,IT,it,Anaconda - Sentiero di sangue,2026-08-23,11
T08,Anacondas: Trail of Blood,Q716759,IT,it,Anaconda - Sentiero di sangue,2026-08-24,11
T08,Anacondas: Trail of Blood,Q716759,IT,it,Anaconda - Sentiero di sangue,2026-08-25,16
T08,Anacondas: Trail of Blood,Q716759,IT,it,Anaconda - Sentiero di sangue,2026-08-26,17
T08,Anacondas: Trail of Blood,Q716759,IT,it,Anaconda - Sentiero di sangue,2026-08-27,13
T08,Anacondas: Trail of Blood,Q716759,IT,it,Anaconda - Sentiero di sangue,2026-08-28,16
T08,Anacondas: Trail of Blood,Q716759,IT,it,Anaconda - Sentiero di sangue,2026-08-29,23
T08,Anacondas: Trail of Blood,Q716759,IT,it,Anaconda - Sentiero di sangue,2026-08-30,30
T08,Anacondas: Trail of Blood,Q716759,IT,it,Anaconda - Sentiero di sangue,2026-08-31,36
T08,Anacondas: Trail of Blood,Q716759,IT,it,Anaconda - Sentiero di sangue,2026-09-01,284
T08,Anacondas: Trail of Blood,Q716759,IT,it,Anaconda - Sentiero di sangue,2026-09-02,219
T08,Anacondas: Trail of Blood,Q716759,IT,it,Anaconda - Sentiero di sangue,2026-09-03,146
T08,Anacondas: Trail of Blood,Q716759,IT,it,Anaconda - Sentiero di sangue,2026-09-04,118
T08,Anacondas: Trail of Blood,Q716759,IT,it,Anaconda - Sentiero di sangue,2026-09-05,118
T08,Anacondas: Trail of Blood,Q716759,IT,it,Anaconda - Sentiero di sangue,2026-09-06,101
T08,Anacondas: Trail of Blood,Q716759,IT,it,Anaconda - Sentiero di sangue,2026-09-07,75
T08,Anacondas: Trail of Blood,Q716759,IT,it,Anaconda - Sentiero di sangue,2026-09-08,42
T08,Anacondas: Trail of Blood,Q716759,IT,it,Anaconda - Sentiero di sangue,2026-09-09,81
T08,Anacondas: Trail of Blood,Q716759,IT,it,Anaconda - Sentiero di sangue,2026-09-10,81
T08,Anacondas: Trail of Blood,Q716759,IT,it,Anaconda - Sentiero di sangue,2026-09-11,33
T08,Anacondas: Trail of Blood,Q716759,IT,it,Anaconda - Sentiero di sangue,2026-09-12,55
T08,Anacondas: Trail of Blood,Q716759,IT,it,Anaconda - Sentiero di sangue,2026-09-13,40
T08,Anacondas: Trail of Blood,Q716759,IT,it,Anaconda - Sentiero di sangue,2026-09-14,19
T08,Anacondas: Trail of Blood,Q716759,IT,it,Anaconda - Sentiero di sangue,2026-09-15,28
T08,Anacondas: Trail of Blood,Q716759,IT,it,Anaconda - Sentiero di sangue,2026-09-16,18
T08,Anacondas: Trail of Blood,Q716759,IT,it,Anaconda - Sentiero di sangue,2026-09-17,15
T08,Anacondas: Trail of Blood,Q716759,IT,it,Anaconda - Sentiero di sangue,2026-09-18,4
T08,Anacondas: Trail of Blood,Q716759,IT,it,Anaconda - Sentiero di sangue,2026-09-19,21
T08,Anacondas: Trail of Blood,Q716759,IT,it,Anaconda - Sentiero di sangue,2026-09-20,11
T09,I Will Find You,Q134412018,DE,de,Nur für dein Leben,2026-06-01,0
T09,I Will Find You,Q134412018,DE,de,Nur für dein Leben,2026-06-02,0
T09,I Will Find You,Q134412018,DE,de,Nur für dein Leben,2026-06-03,0
T09,I Will Find You,Q134412018,DE,de,Nur für dein Leben,2026-06-04,0
T09,I Will Find You,Q134412018,DE,de,Nur für dein Leben,2026-06-05,0
T09,I Will Find You,Q134412018,DE,de,Nur für dein Leben,2026-06-06,0
T09,I Will Find You,Q134412018,DE,de,Nur für dein Leben,2026-06-07,0
T09,I Will Find You,Q134412018,DE,de,Nur für dein Leben,2026-06-08,0
T09,I Will Find You,Q134412018,DE,de,Nur für dein Leben,2026-06-09,0
T09,I Will Find You,Q134412018,DE,de,Nur für dein Leben,2026-06-10,0
T09,I Will Find You,Q134412018,DE,de,Nur für dein Leben,2026-06-11,0
T09,I Will Find You,Q134412018,DE,de,Nur für dein Leben,2026-06-12,0
T09,I Will Find You,Q134412018,DE,de,Nur für dein Leben,2026-06-13,0
T09,I Will Find You,Q134412018,DE,de,Nur für dein Leben,2026-06-14,0
T09,I Will Find You,Q134412018,DE,de,Nur für dein Leben,2026-06-15,0
T09,I Will Find You,Q134412018,DE,de,Nur für dein Leben,2026-06-16,0
T09,I Will Find You,Q134412018,DE,de,Nur für dein Leben,2026-06-17,0
T09,I Will Find You,Q134412018,DE,de,Nur für dein Leben,2026-06-18,0
T09,I Will Find You,Q134412018,DE,de,Nur für dein Leben,2026-06-19,0
T09,I Will Find You,Q134412018,DE,de,Nur für dein Leben,2026-06-20,0
T09,I Will Find You,Q134412018,DE,de,Nur für dein Leben,2026-06-21,0
T09,I Will Find You,Q134412018,DE,de,Nur für dein Leben,2026-06-22,0
T09,I Will Find You,Q134412018,DE,de,Nur für dein Leben,2026-06-23,0
T09,I Will Find You,Q134412018,DE,de,Nur für dein Leben,2026-06-24,0
T09,I Will Find You,Q134412018,DE,de,Nur für dein Leben,2026-06-25,0
T09,I Will Find You,Q134412018,DE,de,Nur für dein Leben,2026-06-26,0
T09,I Will Find You,Q134412018,DE,de,Nur für dein Leben,2026-06-27,0
T09,I Will Find You,Q134412018,DE,de,Nur für dein Leben,2026-06-28,0
T09,I Will Find You,Q134412018,DE,de,Nur für dein Leben,2026-06-29,0
T09,I Will Find You,Q134412018,DE,de,Nur für dein Leben,2026-06-30,0
T09,I Will Find You,Q134412018,DE,de,Nur für dein Leben,2026-07-01,0
T09,I Will Find You,Q134412018,DE,de,Nur für dein Leben,2026-07-02,0
T09,I Will Find You,Q134412018,DE,de,Nur für dein Leben,2026-07-03,0
T09,I Will Find You,Q134412018,DE,de,Nur für dein Leben,2026-07-04,0
T09,I Will Find You,Q134412018,DE,de,Nur für dein Leben,2026-07-05,0
T09,I Will Find You,Q134412018,DE,de,Nur für dein Leben,2026-07-06,0
T09,I Will Find You,Q134412018,DE,de,Nur für dein Leben,2026-07-07,0
T09,I Will Find You,Q134412018,DE,de,Nur für dein Leben,2026-07-08,0
T09,I Will Find You,Q134412018,DE,de,Nur für dein Leben,2026-07-09,0
T09,I Will Find You,Q134412018,DE,de,Nur für dein Leben,2026-07-10,0
T09,I Will Find You,Q134412018,DE,de,Nur für dein Leben,2026-07-11,0
T09,I Will Find You,Q134412018,DE,de,Nur für dein Leben,2026-07-12,0
T09,I Will Find You,Q134412018,DE,de,Nur für dein Leben,2026-07-13,0
T09,I Will Find You,Q134412018,DE,de,Nur für dein Leben,2026-07-14,0
T09,I Will Find You,Q134412018,DE,de,Nur für dein Leben,2026-07-15,0
T09,I Will Find You,Q134412018,DE,de,Nur für dein Leben,2026-07-16,0
T09,I Will Find You,Q134412018,DE,de,Nur für dein Leben,2026-07-17,0
T09,I Will Find You,Q134412018,DE,de,Nur für dein Leben,2026-07-18,0
T09,I Will Find You,Q134412018,DE,de,Nur für dein Leben,2026-07-19,0
T09,I Will Find You,Q134412018,DE,de,Nur für dein Leben,2026-07-20,0
T09,I Will Find You,Q134412018,DE,de,Nur für dein Leben,2026-07-21,0
T09,I Will Find You,Q134412018,DE,de,Nur für dein Leben,2026-07-22,0
T09,I Will Find You,Q134412018,DE,de,Nur für dein Leben,2026-07-23,0
T09,I Will Find You,Q134412018,DE,de,Nur für dein Leben,2026-07-24,0
T09,I Will Find You,Q134412018,DE,de,Nur für dein Leben,2026-07-25,0
T09,I Will Find You,Q134412018,DE,de,Nur für dein Leben,2026-07-26,0
T09,I Will Find You,Q134412018,DE,de,Nur für dein Leben,2026-07-27,0
T09,I Will Find You,Q134412018,DE,de,Nur für dein Leben,2026-07-28,0
T09,I Will Find You,Q134412018,DE,de,Nur für dein Leben,2026-07-29,0
T09,I Will Find You,Q134412018,DE,de,Nur für dein Leben,2026-07-30,0
T09,I Will Find You,Q134412018,DE,de,Nur für dein Leben,2026-07-31,0
T09,I Will Find You,Q134412018,DE,de,Nur für dein Leben,2026-08-01,0
T09,I Will Find You,Q134412018,DE,de,Nur für dein Leben,2026-08-02,0
T09,I Will Find You,Q134412018,DE,de,Nur für dein Leben,2026-08-03,0
T09,I Will Find You,Q134412018,DE,de,Nur für dein Leben,2026-08-04,0
T09,I Will Find You,Q134412018,DE,de,Nur für dein Leben,2026-08-05,0
T09,I Will Find You,Q134412018,DE,de,Nur für dein Leben,2026-08-06,0
T09,I Will Find You,Q134412018,DE,de,Nur für dein Leben,2026-08-07,0
T09,I Will Find You,Q134412018,DE,de,Nur für dein Leben,2026-08-08,0
T09,I Will Find You,Q134412018,DE,de,Nur für dein Leben,2026-08-09,0
T09,I Will Find You,Q134412018,DE,de,Nur für dein Leben,2026-08-10,0
T09,I Will Find You,Q134412018,DE,de,Nur für dein Leben,2026-08-11,0
T09,I Will Find You,Q134412018,DE,de,Nur für dein Leben,2026-08-12,0
T09,I Will Find You,Q134412018,DE,de,Nur für dein Leben,2026-08-13,0
T09,I Will Find You,Q134412018,DE,de,Nur für dein Leben,2026-08-14,0
T09,I Will Find You,Q134412018,DE,de,Nur für dein Leben,2026-08-15,0
T09,I Will Find You,Q134412018,DE,de,Nur für dein Leben,2026-08-16,0
T09,I Will Find You,Q134412018,DE,de,Nur für dein Leben,2026-08-17,0
T09,I Will Find You,Q134412018,DE,de,Nur für dein Leben,2026-08-18,0
T09,I Will Find You,Q134412018,DE,de,Nur für dein Leben,2026-08-19,0
T09,I Will Find You,Q134412018,DE,de,Nur für dein Leben,2026-08-20,0
T09,I Will Find You,Q134412018,DE,de,Nur für dein Leben,2026-08-21,0
T09,I Will Find You,Q134412018,DE,de,Nur für dein Leben,2026-08-22,0
T09,I Will Find You,Q134412018,DE,de,Nur für dein Leben,2026-08-23,0
T09,I Will Find You,Q134412018,DE,de,Nur für dein Leben,2026-08-24,0
T09,I Will Find You,Q134412018,DE,de,Nur für dein Leben,2026-08-25,0
T09,I Will Find You,Q134412018,DE,de,Nur für dein Leben,2026-08-26,0
T09,I Will Find You,Q134412018,DE,de,Nur für dein Leben,2026-08-27,0
T09,I Will Find You,Q134412018,DE,de,Nur für dein Leben,2026-08-28,0
T09,I Will Find You,Q134412018,DE,de,Nur für dein Leben,2026-08-29,0
T09,I Will Find You,Q134412018,DE,de,Nur für dein Leben,2026-08-30,0
T09,I Will Find You,Q134412018,DE,de,Nur für dein Leben,2026-08-31,0
T09,I Will Find You,Q134412018,DE,de,Nur für dein Leben,2026-09-01,0
T09,I Will Find You,Q134412018,DE,de,Nur für dein Leben,2026-09-02,0
T09,I Will Find You,Q134412018,DE,de,Nur für dein Leben,2026-09-03,0
T09,I Will Find You,Q134412018,DE,de,Nur für dein Leben,2026-09-04,0
T09,I Will Find You,Q134412018,DE,de,Nur für dein Leben,2026-09-05,0
T09,I Will Find You,Q134412018,DE,de,Nur für dein Leben,2026-09-06,0
T09,I Will Find You,Q134412018,DE,de,Nur für dein Leben,2026-09-07,0
T09,I Will Find You,Q134412018,DE,de,Nur für dein Leben,2026-09-08,0
T09,I Will Find You,Q134412018,DE,de,Nur für dein Leben,2026-09-09,0
T09,I Will Find You,Q134412018,DE,de,Nur für dein Leben,2026-09-10,0
T09,I Will Find You,Q134412018,DE,de,Nur für dein Leben,2026-09-11,0
T09,I Will Find You,Q134412018,DE,de,Nur für dein Leben,2026-09-12,0
T09,I Will Find You,Q134412018,DE,de,Nur für dein Leben,2026-09-13,0
T09,I Will Find You,Q134412018,DE,de,Nur für dein Leben,2026-09-14,0
T09,I Will Find You,Q134412018,DE,de,Nur für dein Leben,2026-09-15,15
T09,I Will Find You,Q134412018,DE,de,Nur für dein Leben,2026-09-16,366
T09,I Will Find You,Q134412018,DE,de,Nur für dein Leben,2026-09-17,656
T09,I Will Find You,Q134412018,DE,de,Nur für dein Leben,2026-09-18,736
T09,I Will Find You,Q134412018,DE,de,Nur für dein Leben,2026-09-19,923
T09,I Will Find You,Q134412018,DE,de,Nur für dein Leben,2026-09-20,1276
T09,I Will Find You,Q134412018,FR,fr,Sur tes traces,2026-06-01,76
T09,I Will Find You,Q134412018,FR,fr,Sur tes traces,2026-06-02,227
T09,I Will Find You,Q134412018,FR,fr,Sur tes traces,2026-06-03,198
T09,I Will Find You,Q134412018,FR,fr,Sur tes traces,2026-06-04,112
T09,I Will Find You,Q134412018,FR,fr,Sur tes traces,2026-06-05,99
T09,I Will Find You,Q134412018,FR,fr,Sur tes traces,2026-06-06,67
T09,I Will Find You,Q134412018,FR,fr,Sur tes traces,2026-06-07,83
T09,I Will Find You,Q134412018,FR,fr,Sur tes traces,2026-06-08,52
T09,I Will Find You,Q134412018,FR,fr,Sur tes traces,2026-06-09,122
T09,I Will Find You,Q134412018,FR,fr,Sur tes traces,2026-06-10,94
T09,I Will Find You,Q134412018,FR,fr,Sur tes traces,2026-06-11,70
T09,I Will Find You,Q134412018,FR,fr,Sur tes traces,2026-06-12,76
T09,I Will Find You,Q134412018,FR,fr,Sur tes traces,2026-06-13,71
T09,I Will Find You,Q134412018,FR,fr,Sur tes traces,2026-06-14,89
T09,I Will Find You,Q134412018,FR,fr,Sur tes traces,2026-06-15,78
T09,I Will Find You,Q134412018,FR,fr,Sur tes traces,2026-06-16,111
T09,I Will Find You,Q134412018,FR,fr,Sur tes traces,2026-06-17,166
T09,I Will Find You,Q134412018,FR,fr,Sur tes traces,2026-06-18,9598
T09,I Will Find You,Q134412018,FR,fr,Sur tes traces,2026-06-19,11997
T09,I Will Find You,Q134412018,FR,fr,Sur tes traces,2026-06-20,13450
T09,I Will Find You,Q134412018,FR,fr,Sur tes traces,2026-06-21,15711
T09,I Will Find You,Q134412018,FR,fr,Sur tes traces,2026-06-22,11444
T09,I Will Find You,Q134412018,FR,fr,Sur tes traces,2026-06-23,10223
T09,I Will Find You,Q134412018,FR,fr,Sur tes traces,2026-06-24,9660
T09,I Will Find You,Q134412018,FR,fr,Sur tes traces,2026-06-25,8627
T09,I Will Find You,Q134412018,FR,fr,Sur tes traces,2026-06-26,6291
T09,I Will Find You,Q134412018,FR,fr,Sur tes traces,2026-06-27,8345
T09,I Will Find You,Q134412018,FR,fr,Sur tes traces,2026-06-28,10650
T09,I Will Find You,Q134412018,FR,fr,Sur tes traces,2026-06-29,7121
T09,I Will Find You,Q134412018,FR,fr,Sur tes traces,2026-06-30,5224
T09,I Will Find You,Q134412018,FR,fr,Sur tes traces,2026-07-01,4735
T09,I Will Find You,Q134412018,FR,fr,Sur tes traces,2026-07-02,4203
T09,I Will Find You,Q134412018,FR,fr,Sur tes traces,2026-07-03,3556
T09,I Will Find You,Q134412018,FR,fr,Sur tes traces,2026-07-04,3408
T09,I Will Find You,Q134412018,FR,fr,Sur tes traces,2026-07-05,4914
T09,I Will Find You,Q134412018,FR,fr,Sur tes traces,2026-07-06,3198
T09,I Will Find You,Q134412018,FR,fr,Sur tes traces,2026-07-07,3070
T09,I Will Find You,Q134412018,FR,fr,Sur tes traces,2026-07-08,3569
T09,I Will Find You,Q134412018,FR,fr,Sur tes traces,2026-07-09,2542
T09,I Will Find You,Q134412018,FR,fr,Sur tes traces,2026-07-10,2315
T09,I Will Find You,Q134412018,FR,fr,Sur tes traces,2026-07-11,3216
T09,I Will Find You,Q134412018,FR,fr,Sur tes traces,2026-07-12,4748
T09,I Will Find You,Q134412018,FR,fr,Sur tes traces,2026-07-13,4016
T09,I Will Find You,Q134412018,FR,fr,Sur tes traces,2026-07-14,3263
T09,I Will Find You,Q134412018,FR,fr,Sur tes traces,2026-07-15,2466
T09,I Will Find You,Q134412018,FR,fr,Sur tes traces,2026-07-16,2887
T09,I Will Find You,Q134412018,FR,fr,Sur tes traces,2026-07-17,2940
T09,I Will Find You,Q134412018,FR,fr,Sur tes traces,2026-07-18,3192
T09,I Will Find You,Q134412018,FR,fr,Sur tes traces,2026-07-19,3916
T09,I Will Find You,Q134412018,FR,fr,Sur tes traces,2026-07-20,4126
T09,I Will Find You,Q134412018,FR,fr,Sur tes traces,2026-07-21,3889
T09,I Will Find You,Q134412018,FR,fr,Sur tes traces,2026-07-22,3263
T09,I Will Find You,Q134412018,FR,fr,Sur tes traces,2026-07-23,2673
T09,I Will Find You,Q134412018,FR,fr,Sur tes traces,2026-07-24,2497
T09,I Will Find You,Q134412018,FR,fr,Sur tes traces,2026-07-25,2850
T09,I Will Find You,Q134412018,FR,fr,Sur tes traces,2026-07-26,3684
T09,I Will Find You,Q134412018,FR,fr,Sur tes traces,2026-07-27,3117
T09,I Will Find You,Q134412018,FR,fr,Sur tes traces,2026-07-28,2806
T09,I Will Find You,Q134412018,FR,fr,Sur tes traces,2026-07-29,2466
T09,I Will Find You,Q134412018,FR,fr,Sur tes traces,2026-07-30,2316
T09,I Will Find You,Q134412018,FR,fr,Sur tes traces,2026-07-31,2151
T09,I Will Find You,Q134412018,FR,fr,Sur tes traces,2026-08-01,2380
T09,I Will Find You,Q134412018,FR,fr,Sur tes traces,2026-08-02,2924
T09,I Will Find You,Q134412018,FR,fr,Sur tes traces,2026-08-03,2841
T09,I Will Find You,Q134412018,FR,fr,Sur tes traces,2026-08-04,2293
T09,I Will Find You,Q134412018,FR,fr,Sur tes traces,2026-08-05,2263
T09,I Will Find You,Q134412018,FR,fr,Sur tes traces,2026-08-06,1940
T09,I Will Find You,Q134412018,FR,fr,Sur tes traces,2026-08-07,1699
T09,I Will Find You,Q134412018,FR,fr,Sur tes traces,2026-08-08,1790
T09,I Will Find You,Q134412018,FR,fr,Sur tes traces,2026-08-09,2259
T09,I Will Find You,Q134412018,FR,fr,Sur tes traces,2026-08-10,1901
T09,I Will Find You,Q134412018,FR,fr,Sur tes traces,2026-08-11,1659
T09,I Will Find You,Q134412018,FR,fr,Sur tes traces,2026-08-12,1259
T09,I Will Find You,Q134412018,FR,fr,Sur tes traces,2026-08-13,1376
T09,I Will Find You,Q134412018,FR,fr,Sur tes traces,2026-08-14,1598
T09,I Will Find You,Q134412018,FR,fr,Sur tes traces,2026-08-15,1663
T09,I Will Find You,Q134412018,FR,fr,Sur tes traces,2026-08-16,1859
T09,I Will Find You,Q134412018,FR,fr,Sur tes traces,2026-08-17,1827
T09,I Will Find You,Q134412018,FR,fr,Sur tes traces,2026-08-18,1707
T09,I Will Find You,Q134412018,FR,fr,Sur tes traces,2026-08-19,1658
T09,I Will Find You,Q134412018,FR,fr,Sur tes traces,2026-08-20,1610
T09,I Will Find You,Q134412018,FR,fr,Sur tes traces,2026-08-21,1608
T09,I Will Find You,Q134412018,FR,fr,Sur tes traces,2026-08-22,1557
T09,I Will Find You,Q134412018,FR,fr,Sur tes traces,2026-08-23,1996
T09,I Will Find You,Q134412018,FR,fr,Sur tes traces,2026-08-24,1787
T09,I Will Find You,Q134412018,FR,fr,Sur tes traces,2026-08-25,1509
T09,I Will Find You,Q134412018,FR,fr,Sur tes traces,2026-08-26,1404
T09,I Will Find You,Q134412018,FR,fr,Sur tes traces,2026-08-27,1377
T09,I Will Find You,Q134412018,FR,fr,Sur tes traces,2026-08-28,1297
T09,I Will Find You,Q134412018,FR,fr,Sur tes traces,2026-08-29,1394
T09,I Will Find You,Q134412018,FR,fr,Sur tes traces,2026-08-30,1551
T09,I Will Find You,Q134412018,FR,fr,Sur tes traces,2026-08-31,1303
T09,I Will Find You,Q134412018,FR,fr,Sur tes traces,2026-09-01,1088
T09,I Will Find You,Q134412018,FR,fr,Sur tes traces,2026-09-02,992
T09,I Will Find You,Q134412018,FR,fr,Sur tes traces,2026-09-03,900
T09,I Will Find You,Q134412018,FR,fr,Sur tes traces,2026-09-04,748
T09,I Will Find You,Q134412018,FR,fr,Sur tes traces,2026-09-05,933
T09,I Will Find You,Q134412018,FR,fr,Sur tes traces,2026-09-06,1205
T09,I Will Find You,Q134412018,FR,fr,Sur tes traces,2026-09-07,910
T09,I Will Find You,Q134412018,FR,fr,Sur tes traces,2026-09-08,758
T09,I Will Find You,Q134412018,FR,fr,Sur tes traces,2026-09-09,748
T09,I Will Find You,Q134412018,FR,fr,Sur tes traces,2026-09-10,698
T09,I Will Find You,Q134412018,FR,fr,Sur tes traces,2026-09-11,599
T09,I Will Find You,Q134412018,FR,fr,Sur tes traces,2026-09-12,670
T09,I Will Find You,Q134412018,FR,fr,Sur tes traces,2026-09-13,954
T09,I Will Find You,Q134412018,FR,fr,Sur tes traces,2026-09-14,689
T09,I Will Find You,Q134412018,FR,fr,Sur tes traces,2026-09-15,613
T09,I Will Find You,Q134412018,FR,fr,Sur tes traces,2026-09-16,587
T09,I Will Find You,Q134412018,FR,fr,Sur tes traces,2026-09-17,518
T09,I Will Find You,Q134412018,FR,fr,Sur tes traces,2026-09-18,497
T09,I Will Find You,Q134412018,FR,fr,Sur tes traces,2026-09-19,541
T09,I Will Find You,Q134412018,FR,fr,Sur tes traces,2026-09-20,773
T10,72 HOURS,Q136339220,FR,fr,72 Heures (film),2026-06-01,0
T10,72 HOURS,Q136339220,FR,fr,72 Heures (film),2026-06-02,0
T10,72 HOURS,Q136339220,FR,fr,72 Heures (film),2026-06-03,0
T10,72 HOURS,Q136339220,FR,fr,72 Heures (film),2026-06-04,0
T10,72 HOURS,Q136339220,FR,fr,72 Heures (film),2026-06-05,0
T10,72 HOURS,Q136339220,FR,fr,72 Heures (film),2026-06-06,0
T10,72 HOURS,Q136339220,FR,fr,72 Heures (film),2026-06-07,0
T10,72 HOURS,Q136339220,FR,fr,72 Heures (film),2026-06-08,0
T10,72 HOURS,Q136339220,FR,fr,72 Heures (film),2026-06-09,0
T10,72 HOURS,Q136339220,FR,fr,72 Heures (film),2026-06-10,0
T10,72 HOURS,Q136339220,FR,fr,72 Heures (film),2026-06-11,0
T10,72 HOURS,Q136339220,FR,fr,72 Heures (film),2026-06-12,0
T10,72 HOURS,Q136339220,FR,fr,72 Heures (film),2026-06-13,0
T10,72 HOURS,Q136339220,FR,fr,72 Heures (film),2026-06-14,0
T10,72 HOURS,Q136339220,FR,fr,72 Heures (film),2026-06-15,0
T10,72 HOURS,Q136339220,FR,fr,72 Heures (film),2026-06-16,0
T10,72 HOURS,Q136339220,FR,fr,72 Heures (film),2026-06-17,0
T10,72 HOURS,Q136339220,FR,fr,72 Heures (film),2026-06-18,0
T10,72 HOURS,Q136339220,FR,fr,72 Heures (film),2026-06-19,0
T10,72 HOURS,Q136339220,FR,fr,72 Heures (film),2026-06-20,0
T10,72 HOURS,Q136339220,FR,fr,72 Heures (film),2026-06-21,0
T10,72 HOURS,Q136339220,FR,fr,72 Heures (film),2026-06-22,0
T10,72 HOURS,Q136339220,FR,fr,72 Heures (film),2026-06-23,0
T10,72 HOURS,Q136339220,FR,fr,72 Heures (film),2026-06-24,0
T10,72 HOURS,Q136339220,FR,fr,72 Heures (film),2026-06-25,0
T10,72 HOURS,Q136339220,FR,fr,72 Heures (film),2026-06-26,0
T10,72 HOURS,Q136339220,FR,fr,72 Heures (film),2026-06-27,0
T10,72 HOURS,Q136339220,FR,fr,72 Heures (film),2026-06-28,0
T10,72 HOURS,Q136339220,FR,fr,72 Heures (film),2026-06-29,0
T10,72 HOURS,Q136339220,FR,fr,72 Heures (film),2026-06-30,0
T10,72 HOURS,Q136339220,FR,fr,72 Heures (film),2026-07-01,0
T10,72 HOURS,Q136339220,FR,fr,72 Heures (film),2026-07-02,0
T10,72 HOURS,Q136339220,FR,fr,72 Heures (film),2026-07-03,0
T10,72 HOURS,Q136339220,FR,fr,72 Heures (film),2026-07-04,0
T10,72 HOURS,Q136339220,FR,fr,72 Heures (film),2026-07-05,0
T10,72 HOURS,Q136339220,FR,fr,72 Heures (film),2026-07-06,0
T10,72 HOURS,Q136339220,FR,fr,72 Heures (film),2026-07-07,0
T10,72 HOURS,Q136339220,FR,fr,72 Heures (film),2026-07-08,0
T10,72 HOURS,Q136339220,FR,fr,72 Heures (film),2026-07-09,0
T10,72 HOURS,Q136339220,FR,fr,72 Heures (film),2026-07-10,0
T10,72 HOURS,Q136339220,FR,fr,72 Heures (film),2026-07-11,0
T10,72 HOURS,Q136339220,FR,fr,72 Heures (film),2026-07-12,0
T10,72 HOURS,Q136339220,FR,fr,72 Heures (film),2026-07-13,0
T10,72 HOURS,Q136339220,FR,fr,72 Heures (film),2026-07-14,0
T10,72 HOURS,Q136339220,FR,fr,72 Heures (film),2026-07-15,0
T10,72 HOURS,Q136339220,FR,fr,72 Heures (film),2026-07-16,0
T10,72 HOURS,Q136339220,FR,fr,72 Heures (film),2026-07-17,0
T10,72 HOURS,Q136339220,FR,fr,72 Heures (film),2026-07-18,0
T10,72 HOURS,Q136339220,FR,fr,72 Heures (film),2026-07-19,0
T10,72 HOURS,Q136339220,FR,fr,72 Heures (film),2026-07-20,0
T10,72 HOURS,Q136339220,FR,fr,72 Heures (film),2026-07-21,0
T10,72 HOURS,Q136339220,FR,fr,72 Heures (film),2026-07-22,0
T10,72 HOURS,Q136339220,FR,fr,72 Heures (film),2026-07-23,0
T10,72 HOURS,Q136339220,FR,fr,72 Heures (film),2026-07-24,102
T10,72 HOURS,Q136339220,FR,fr,72 Heures (film),2026-07-25,479
T10,72 HOURS,Q136339220,FR,fr,72 Heures (film),2026-07-26,1041
T10,72 HOURS,Q136339220,FR,fr,72 Heures (film),2026-07-27,728
T10,72 HOURS,Q136339220,FR,fr,72 Heures (film),2026-07-28,861
T10,72 HOURS,Q136339220,FR,fr,72 Heures (film),2026-07-29,873
T10,72 HOURS,Q136339220,FR,fr,72 Heures (film),2026-07-30,771
T10,72 HOURS,Q136339220,FR,fr,72 Heures (film),2026-07-31,774
T10,72 HOURS,Q136339220,FR,fr,72 Heures (film),2026-08-01,787
T10,72 HOURS,Q136339220,FR,fr,72 Heures (film),2026-08-02,868
T10,72 HOURS,Q136339220,FR,fr,72 Heures (film),2026-08-03,624
T10,72 HOURS,Q136339220,FR,fr,72 Heures (film),2026-08-04,382
T10,72 HOURS,Q136339220,FR,fr,72 Heures (film),2026-08-05,379
T10,72 HOURS,Q136339220,FR,fr,72 Heures (film),2026-08-06,321
T10,72 HOURS,Q136339220,FR,fr,72 Heures (film),2026-08-07,308
T10,72 HOURS,Q136339220,FR,fr,72 Heures (film),2026-08-08,322
T10,72 HOURS,Q136339220,FR,fr,72 Heures (film),2026-08-09,422
T10,72 HOURS,Q136339220,FR,fr,72 Heures (film),2026-08-10,276
T10,72 HOURS,Q136339220,FR,fr,72 Heures (film),2026-08-11,258
T10,72 HOURS,Q136339220,FR,fr,72 Heures (film),2026-08-12,154
T10,72 HOURS,Q136339220,FR,fr,72 Heures (film),2026-08-13,200
T10,72 HOURS,Q136339220,FR,fr,72 Heures (film),2026-08-14,239
T10,72 HOURS,Q136339220,FR,fr,72 Heures (film),2026-08-15,228
T10,72 HOURS,Q136339220,FR,fr,72 Heures (film),2026-08-16,263
T10,72 HOURS,Q136339220,FR,fr,72 Heures (film),2026-08-17,176
T10,72 HOURS,Q136339220,FR,fr,72 Heures (film),2026-08-18,155
T10,72 HOURS,Q136339220,FR,fr,72 Heures (film),2026-08-19,160
T10,72 HOURS,Q136339220,FR,fr,72 Heures (film),2026-08-20,145
T10,72 HOURS,Q136339220,FR,fr,72 Heures (film),2026-08-21,193
T10,72 HOURS,Q136339220,FR,fr,72 Heures (film),2026-08-22,183
T10,72 HOURS,Q136339220,FR,fr,72 Heures (film),2026-08-23,209
T10,72 HOURS,Q136339220,FR,fr,72 Heures (film),2026-08-24,188
T10,72 HOURS,Q136339220,FR,fr,72 Heures (film),2026-08-25,149
T10,72 HOURS,Q136339220,FR,fr,72 Heures (film),2026-08-26,187
T10,72 HOURS,Q136339220,FR,fr,72 Heures (film),2026-08-27,158
T10,72 HOURS,Q136339220,FR,fr,72 Heures (film),2026-08-28,134
T10,72 HOURS,Q136339220,FR,fr,72 Heures (film),2026-08-29,231
T10,72 HOURS,Q136339220,FR,fr,72 Heures (film),2026-08-30,176
T10,72 HOURS,Q136339220,FR,fr,72 Heures (film),2026-08-31,127
T10,72 HOURS,Q136339220,FR,fr,72 Heures (film),2026-09-01,103
T10,72 HOURS,Q136339220,FR,fr,72 Heures (film),2026-09-02,81
T10,72 HOURS,Q136339220,FR,fr,72 Heures (film),2026-09-03,83
T10,72 HOURS,Q136339220,FR,fr,72 Heures (film),2026-09-04,71
T10,72 HOURS,Q136339220,FR,fr,72 Heures (film),2026-09-05,108
T10,72 HOURS,Q136339220,FR,fr,72 Heures (film),2026-09-06,119
T10,72 HOURS,Q136339220,FR,fr,72 Heures (film),2026-09-07,89
T10,72 HOURS,Q136339220,FR,fr,72 Heures (film),2026-09-08,50
T10,72 HOURS,Q136339220,FR,fr,72 Heures (film),2026-09-09,44
T10,72 HOURS,Q136339220,FR,fr,72 Heures (film),2026-09-10,50
T10,72 HOURS,Q136339220,FR,fr,72 Heures (film),2026-09-11,49
T10,72 HOURS,Q136339220,FR,fr,72 Heures (film),2026-09-12,74
T10,72 HOURS,Q136339220,FR,fr,72 Heures (film),2026-09-13,84
T10,72 HOURS,Q136339220,FR,fr,72 Heures (film),2026-09-14,52
T10,72 HOURS,Q136339220,FR,fr,72 Heures (film),2026-09-15,42
T10,72 HOURS,Q136339220,FR,fr,72 Heures (film),2026-09-16,41
T10,72 HOURS,Q136339220,FR,fr,72 Heures (film),2026-09-17,35
T10,72 HOURS,Q136339220,FR,fr,72 Heures (film),2026-09-18,62
T10,72 HOURS,Q136339220,FR,fr,72 Heures (film),2026-09-19,68
T10,72 HOURS,Q136339220,FR,fr,72 Heures (film),2026-09-20,80
T10,72 HOURS,Q136339220,IT,it,72 Hours (film 2026),2026-06-01,0
T10,72 HOURS,Q136339220,IT,it,72 Hours (film 2026),2026-06-02,0
T10,72 HOURS,Q136339220,IT,it,72 Hours (film 2026),2026-06-03,0
T10,72 HOURS,Q136339220,IT,it,72 Hours (film 2026),2026-06-04,0
T10,72 HOURS,Q136339220,IT,it,72 Hours (film 2026),2026-06-05,0
T10,72 HOURS,Q136339220,IT,it,72 Hours (film 2026),2026-06-06,0
T10,72 HOURS,Q136339220,IT,it,72 Hours (film 2026),2026-06-07,0
T10,72 HOURS,Q136339220,IT,it,72 Hours (film 2026),2026-06-08,0
T10,72 HOURS,Q136339220,IT,it,72 Hours (film 2026),2026-06-09,0
T10,72 HOURS,Q136339220,IT,it,72 Hours (film 2026),2026-06-10,0
T10,72 HOURS,Q136339220,IT,it,72 Hours (film 2026),2026-06-11,0
T10,72 HOURS,Q136339220,IT,it,72 Hours (film 2026),2026-06-12,0
T10,72 HOURS,Q136339220,IT,it,72 Hours (film 2026),2026-06-13,0
T10,72 HOURS,Q136339220,IT,it,72 Hours (film 2026),2026-06-14,0
T10,72 HOURS,Q136339220,IT,it,72 Hours (film 2026),2026-06-15,0
T10,72 HOURS,Q136339220,IT,it,72 Hours (film 2026),2026-06-16,0
T10,72 HOURS,Q136339220,IT,it,72 Hours (film 2026),2026-06-17,0
T10,72 HOURS,Q136339220,IT,it,72 Hours (film 2026),2026-06-18,0
T10,72 HOURS,Q136339220,IT,it,72 Hours (film 2026),2026-06-19,0
T10,72 HOURS,Q136339220,IT,it,72 Hours (film 2026),2026-06-20,0
T10,72 HOURS,Q136339220,IT,it,72 Hours (film 2026),2026-06-21,0
T10,72 HOURS,Q136339220,IT,it,72 Hours (film 2026),2026-06-22,0
T10,72 HOURS,Q136339220,IT,it,72 Hours (film 2026),2026-06-23,0
T10,72 HOURS,Q136339220,IT,it,72 Hours (film 2026),2026-06-24,0
T10,72 HOURS,Q136339220,IT,it,72 Hours (film 2026),2026-06-25,0
T10,72 HOURS,Q136339220,IT,it,72 Hours (film 2026),2026-06-26,0
T10,72 HOURS,Q136339220,IT,it,72 Hours (film 2026),2026-06-27,0
T10,72 HOURS,Q136339220,IT,it,72 Hours (film 2026),2026-06-28,0
T10,72 HOURS,Q136339220,IT,it,72 Hours (film 2026),2026-06-29,0
T10,72 HOURS,Q136339220,IT,it,72 Hours (film 2026),2026-06-30,0
T10,72 HOURS,Q136339220,IT,it,72 Hours (film 2026),2026-07-01,0
T10,72 HOURS,Q136339220,IT,it,72 Hours (film 2026),2026-07-02,0
T10,72 HOURS,Q136339220,IT,it,72 Hours (film 2026),2026-07-03,0
T10,72 HOURS,Q136339220,IT,it,72 Hours (film 2026),2026-07-04,0
T10,72 HOURS,Q136339220,IT,it,72 Hours (film 2026),2026-07-05,0
T10,72 HOURS,Q136339220,IT,it,72 Hours (film 2026),2026-07-06,0
T10,72 HOURS,Q136339220,IT,it,72 Hours (film 2026),2026-07-07,0
T10,72 HOURS,Q136339220,IT,it,72 Hours (film 2026),2026-07-08,0
T10,72 HOURS,Q136339220,IT,it,72 Hours (film 2026),2026-07-09,0
T10,72 HOURS,Q136339220,IT,it,72 Hours (film 2026),2026-07-10,0
T10,72 HOURS,Q136339220,IT,it,72 Hours (film 2026),2026-07-11,0
T10,72 HOURS,Q136339220,IT,it,72 Hours (film 2026),2026-07-12,0
T10,72 HOURS,Q136339220,IT,it,72 Hours (film 2026),2026-07-13,0
T10,72 HOURS,Q136339220,IT,it,72 Hours (film 2026),2026-07-14,0
T10,72 HOURS,Q136339220,IT,it,72 Hours (film 2026),2026-07-15,0
T10,72 HOURS,Q136339220,IT,it,72 Hours (film 2026),2026-07-16,0
T10,72 HOURS,Q136339220,IT,it,72 Hours (film 2026),2026-07-17,0
T10,72 HOURS,Q136339220,IT,it,72 Hours (film 2026),2026-07-18,0
T10,72 HOURS,Q136339220,IT,it,72 Hours (film 2026),2026-07-19,0
T10,72 HOURS,Q136339220,IT,it,72 Hours (film 2026),2026-07-20,0
T10,72 HOURS,Q136339220,IT,it,72 Hours (film 2026),2026-07-21,0
T10,72 HOURS,Q136339220,IT,it,72 Hours (film 2026),2026-07-22,0
T10,72 HOURS,Q136339220,IT,it,72 Hours (film 2026),2026-07-23,0
T10,72 HOURS,Q136339220,IT,it,72 Hours (film 2026),2026-07-24,270
T10,72 HOURS,Q136339220,IT,it,72 Hours (film 2026),2026-07-25,1124
T10,72 HOURS,Q136339220,IT,it,72 Hours (film 2026),2026-07-26,1493
T10,72 HOURS,Q136339220,IT,it,72 Hours (film 2026),2026-07-27,902
T10,72 HOURS,Q136339220,IT,it,72 Hours (film 2026),2026-07-28,676
T10,72 HOURS,Q136339220,IT,it,72 Hours (film 2026),2026-07-29,564
T10,72 HOURS,Q136339220,IT,it,72 Hours (film 2026),2026-07-30,625
T10,72 HOURS,Q136339220,IT,it,72 Hours (film 2026),2026-07-31,493
T10,72 HOURS,Q136339220,IT,it,72 Hours (film 2026),2026-08-01,558
T10,72 HOURS,Q136339220,IT,it,72 Hours (film 2026),2026-08-02,717
T10,72 HOURS,Q136339220,IT,it,72 Hours (film 2026),2026-08-03,465
T10,72 HOURS,Q136339220,IT,it,72 Hours (film 2026),2026-08-04,369
T10,72 HOURS,Q136339220,IT,it,72 Hours (film 2026),2026-08-05,280
T10,72 HOURS,Q136339220,IT,it,72 Hours (film 2026),2026-08-06,287
T10,72 HOURS,Q136339220,IT,it,72 Hours (film 2026),2026-08-07,277
T10,72 HOURS,Q136339220,IT,it,72 Hours (film 2026),2026-08-08,260
T10,72 HOURS,Q136339220,IT,it,72 Hours (film 2026),2026-08-09,314
T10,72 HOURS,Q136339220,IT,it,72 Hours (film 2026),2026-08-10,222
T10,72 HOURS,Q136339220,IT,it,72 Hours (film 2026),2026-08-11,243
T10,72 HOURS,Q136339220,IT,it,72 Hours (film 2026),2026-08-12,271
T10,72 HOURS,Q136339220,IT,it,72 Hours (film 2026),2026-08-13,198
T10,72 HOURS,Q136339220,IT,it,72 Hours (film 2026),2026-08-14,171
T10,72 HOURS,Q136339220,IT,it,72 Hours (film 2026),2026-08-15,196
T10,72 HOURS,Q136339220,IT,it,72 Hours (film 2026),2026-08-16,212
T10,72 HOURS,Q136339220,IT,it,72 Hours (film 2026),2026-08-17,180
T10,72 HOURS,Q136339220,IT,it,72 Hours (film 2026),2026-08-18,171
T10,72 HOURS,Q136339220,IT,it,72 Hours (film 2026),2026-08-19,213
T10,72 HOURS,Q136339220,IT,it,72 Hours (film 2026),2026-08-20,232
T10,72 HOURS,Q136339220,IT,it,72 Hours (film 2026),2026-08-21,231
T10,72 HOURS,Q136339220,IT,it,72 Hours (film 2026),2026-08-22,208
T10,72 HOURS,Q136339220,IT,it,72 Hours (film 2026),2026-08-23,238
T10,72 HOURS,Q136339220,IT,it,72 Hours (film 2026),2026-08-24,224
T10,72 HOURS,Q136339220,IT,it,72 Hours (film 2026),2026-08-25,207
T10,72 HOURS,Q136339220,IT,it,72 Hours (film 2026),2026-08-26,224
T10,72 HOURS,Q136339220,IT,it,72 Hours (film 2026),2026-08-27,181
T10,72 HOURS,Q136339220,IT,it,72 Hours (film 2026),2026-08-28,158
T10,72 HOURS,Q136339220,IT,it,72 Hours (film 2026),2026-08-29,149
T10,72 HOURS,Q136339220,IT,it,72 Hours (film 2026),2026-08-30,170
T10,72 HOURS,Q136339220,IT,it,72 Hours (film 2026),2026-08-31,128
T10,72 HOURS,Q136339220,IT,it,72 Hours (film 2026),2026-09-01,106
T10,72 HOURS,Q136339220,IT,it,72 Hours (film 2026),2026-09-02,87
T10,72 HOURS,Q136339220,IT,it,72 Hours (film 2026),2026-09-03,78
T10,72 HOURS,Q136339220,IT,it,72 Hours (film 2026),2026-09-04,99
T10,72 HOURS,Q136339220,IT,it,72 Hours (film 2026),2026-09-05,87
T10,72 HOURS,Q136339220,IT,it,72 Hours (film 2026),2026-09-06,111
T10,72 HOURS,Q136339220,IT,it,72 Hours (film 2026),2026-09-07,80
T10,72 HOURS,Q136339220,IT,it,72 Hours (film 2026),2026-09-08,73
T10,72 HOURS,Q136339220,IT,it,72 Hours (film 2026),2026-09-09,70
T10,72 HOURS,Q136339220,IT,it,72 Hours (film 2026),2026-09-10,72
T10,72 HOURS,Q136339220,IT,it,72 Hours (film 2026),2026-09-11,88
T10,72 HOURS,Q136339220,IT,it,72 Hours (film 2026),2026-09-12,98
T10,72 HOURS,Q136339220,IT,it,72 Hours (film 2026),2026-09-13,107
T10,72 HOURS,Q136339220,IT,it,72 Hours (film 2026),2026-09-14,59
T10,72 HOURS,Q136339220,IT,it,72 Hours (film 2026),2026-09-15,63
T10,72 HOURS,Q136339220,IT,it,72 Hours (film 2026),2026-09-16,58
T10,72 HOURS,Q136339220,IT,it,72 Hours (film 2026),2026-09-17,51
T10,72 HOURS,Q136339220,IT,it,72 Hours (film 2026),2026-09-18,40
T10,72 HOURS,Q136339220,IT,it,72 Hours (film 2026),2026-09-19,57
T10,72 HOURS,Q136339220,IT,it,72 Hours (film 2026),2026-09-20,71
T10,72 HOURS,Q136339220,KR,ko,72시간,2026-06-01,0
T10,72 HOURS,Q136339220,KR,ko,72시간,2026-06-02,0
T10,72 HOURS,Q136339220,KR,ko,72시간,2026-06-03,0
T10,72 HOURS,Q136339220,KR,ko,72시간,2026-06-04,0
T10,72 HOURS,Q136339220,KR,ko,72시간,2026-06-05,0
T10,72 HOURS,Q136339220,KR,ko,72시간,2026-06-06,0
T10,72 HOURS,Q136339220,KR,ko,72시간,2026-06-07,0
T10,72 HOURS,Q136339220,KR,ko,72시간,2026-06-08,0
T10,72 HOURS,Q136339220,KR,ko,72시간,2026-06-09,0
T10,72 HOURS,Q136339220,KR,ko,72시간,2026-06-10,0
T10,72 HOURS,Q136339220,KR,ko,72시간,2026-06-11,0
T10,72 HOURS,Q136339220,KR,ko,72시간,2026-06-12,0
T10,72 HOURS,Q136339220,KR,ko,72시간,2026-06-13,0
T10,72 HOURS,Q136339220,KR,ko,72시간,2026-06-14,0
T10,72 HOURS,Q136339220,KR,ko,72시간,2026-06-15,0
T10,72 HOURS,Q136339220,KR,ko,72시간,2026-06-16,0
T10,72 HOURS,Q136339220,KR,ko,72시간,2026-06-17,0
T10,72 HOURS,Q136339220,KR,ko,72시간,2026-06-18,0
T10,72 HOURS,Q136339220,KR,ko,72시간,2026-06-19,0
T10,72 HOURS,Q136339220,KR,ko,72시간,2026-06-20,0
T10,72 HOURS,Q136339220,KR,ko,72시간,2026-06-21,0
T10,72 HOURS,Q136339220,KR,ko,72시간,2026-06-22,0
T10,72 HOURS,Q136339220,KR,ko,72시간,2026-06-23,0
T10,72 HOURS,Q136339220,KR,ko,72시간,2026-06-24,0
T10,72 HOURS,Q136339220,KR,ko,72시간,2026-06-25,0
T10,72 HOURS,Q136339220,KR,ko,72시간,2026-06-26,0
T10,72 HOURS,Q136339220,KR,ko,72시간,2026-06-27,0
T10,72 HOURS,Q136339220,KR,ko,72시간,2026-06-28,0
T10,72 HOURS,Q136339220,KR,ko,72시간,2026-06-29,0
T10,72 HOURS,Q136339220,KR,ko,72시간,2026-06-30,0
T10,72 HOURS,Q136339220,KR,ko,72시간,2026-07-01,0
T10,72 HOURS,Q136339220,KR,ko,72시간,2026-07-02,0
T10,72 HOURS,Q136339220,KR,ko,72시간,2026-07-03,0
T10,72 HOURS,Q136339220,KR,ko,72시간,2026-07-04,0
T10,72 HOURS,Q136339220,KR,ko,72시간,2026-07-05,0
T10,72 HOURS,Q136339220,KR,ko,72시간,2026-07-06,0
T10,72 HOURS,Q136339220,KR,ko,72시간,2026-07-07,0
T10,72 HOURS,Q136339220,KR,ko,72시간,2026-07-08,0
T10,72 HOURS,Q136339220,KR,ko,72시간,2026-07-09,0
T10,72 HOURS,Q136339220,KR,ko,72시간,2026-07-10,0
T10,72 HOURS,Q136339220,KR,ko,72시간,2026-07-11,0
T10,72 HOURS,Q136339220,KR,ko,72시간,2026-07-12,0
T10,72 HOURS,Q136339220,KR,ko,72시간,2026-07-13,0
T10,72 HOURS,Q136339220,KR,ko,72시간,2026-07-14,0
T10,72 HOURS,Q136339220,KR,ko,72시간,2026-07-15,0
T10,72 HOURS,Q136339220,KR,ko,72시간,2026-07-16,0
T10,72 HOURS,Q136339220,KR,ko,72시간,2026-07-17,0
T10,72 HOURS,Q136339220,KR,ko,72시간,2026-07-18,0
T10,72 HOURS,Q136339220,KR,ko,72시간,2026-07-19,0
T10,72 HOURS,Q136339220,KR,ko,72시간,2026-07-20,0
T10,72 HOURS,Q136339220,KR,ko,72시간,2026-07-21,0
T10,72 HOURS,Q136339220,KR,ko,72시간,2026-07-22,0
T10,72 HOURS,Q136339220,KR,ko,72시간,2026-07-23,0
T10,72 HOURS,Q136339220,KR,ko,72시간,2026-07-24,0
T10,72 HOURS,Q136339220,KR,ko,72시간,2026-07-25,0
T10,72 HOURS,Q136339220,KR,ko,72시간,2026-07-26,0
T10,72 HOURS,Q136339220,KR,ko,72시간,2026-07-27,0
T10,72 HOURS,Q136339220,KR,ko,72시간,2026-07-28,7
T10,72 HOURS,Q136339220,KR,ko,72시간,2026-07-29,3
T10,72 HOURS,Q136339220,KR,ko,72시간,2026-07-30,5
T10,72 HOURS,Q136339220,KR,ko,72시간,2026-07-31,5
T10,72 HOURS,Q136339220,KR,ko,72시간,2026-08-01,4
T10,72 HOURS,Q136339220,KR,ko,72시간,2026-08-02,4
T10,72 HOURS,Q136339220,KR,ko,72시간,2026-08-03,3
T10,72 HOURS,Q136339220,KR,ko,72시간,2026-08-04,4
T10,72 HOURS,Q136339220,KR,ko,72시간,2026-08-05,1
T10,72 HOURS,Q136339220,KR,ko,72시간,2026-08-06,0
T10,72 HOURS,Q136339220,KR,ko,72시간,2026-08-07,1
T10,72 HOURS,Q136339220,KR,ko,72시간,2026-08-08,1
T10,72 HOURS,Q136339220,KR,ko,72시간,2026-08-09,2
T10,72 HOURS,Q136339220,KR,ko,72시간,2026-08-10,1
T10,72 HOURS,Q136339220,KR,ko,72시간,2026-08-11,2
T10,72 HOURS,Q136339220,KR,ko,72시간,2026-08-12,2
T10,72 HOURS,Q136339220,KR,ko,72시간,2026-08-13,0
T10,72 HOURS,Q136339220,KR,ko,72시간,2026-08-14,1
T10,72 HOURS,Q136339220,KR,ko,72시간,2026-08-15,2
T10,72 HOURS,Q136339220,KR,ko,72시간,2026-08-16,2
T10,72 HOURS,Q136339220,KR,ko,72시간,2026-08-17,1
T10,72 HOURS,Q136339220,KR,ko,72시간,2026-08-18,2
T10,72 HOURS,Q136339220,KR,ko,72시간,2026-08-19,4
T10,72 HOURS,Q136339220,KR,ko,72시간,2026-08-20,1
T10,72 HOURS,Q136339220,KR,ko,72시간,2026-08-21,0
T10,72 HOURS,Q136339220,KR,ko,72시간,2026-08-22,0
T10,72 HOURS,Q136339220,KR,ko,72시간,2026-08-23,7
T10,72 HOURS,Q136339220,KR,ko,72시간,2026-08-24,1
T10,72 HOURS,Q136339220,KR,ko,72시간,2026-08-25,1
T10,72 HOURS,Q136339220,KR,ko,72시간,2026-08-26,2
T10,72 HOURS,Q136339220,KR,ko,72시간,2026-08-27,0
T10,72 HOURS,Q136339220,KR,ko,72시간,2026-08-28,0
T10,72 HOURS,Q136339220,KR,ko,72시간,2026-08-29,0
T10,72 HOURS,Q136339220,KR,ko,72시간,2026-08-30,3
T10,72 HOURS,Q136339220,KR,ko,72시간,2026-08-31,3
T10,72 HOURS,Q136339220,KR,ko,72시간,2026-09-01,1
T10,72 HOURS,Q136339220,KR,ko,72시간,2026-09-02,0
T10,72 HOURS,Q136339220,KR,ko,72시간,2026-09-03,2
T10,72 HOURS,Q136339220,KR,ko,72시간,2026-09-04,0
T10,72 HOURS,Q136339220,KR,ko,72시간,2026-09-05,0
T10,72 HOURS,Q136339220,KR,ko,72시간,2026-09-06,0
T10,72 HOURS,Q136339220,KR,ko,72시간,2026-09-07,1
T10,72 HOURS,Q136339220,KR,ko,72시간,2026-09-08,0
T10,72 HOURS,Q136339220,KR,ko,72시간,2026-09-09,0
T10,72 HOURS,Q136339220,KR,ko,72시간,2026-09-10,1
T10,72 HOURS,Q136339220,KR,ko,72시간,2026-09-11,1
T10,72 HOURS,Q136339220,KR,ko,72시간,2026-09-12,0
T10,72 HOURS,Q136339220,KR,ko,72시간,2026-09-13,0
T10,72 HOURS,Q136339220,KR,ko,72시간,2026-09-14,0
T10,72 HOURS,Q136339220,KR,ko,72시간,2026-09-15,3
T10,72 HOURS,Q136339220,KR,ko,72시간,2026-09-16,1
T10,72 HOURS,Q136339220,KR,ko,72시간,2026-09-17,0
T10,72 HOURS,Q136339220,KR,ko,72시간,2026-09-18,1
T10,72 HOURS,Q136339220,KR,ko,72시간,2026-09-19,0
T10,72 HOURS,Q136339220,KR,ko,72시간,2026-09-20,4
T11,The Secret Woman,Q140419850,FR,fr,"La Femme secrète (film, 2026)",2026-06-01,0
T11,The Secret Woman,Q140419850,FR,fr,"La Femme secrète (film, 2026)",2026-06-02,0
T11,The Secret Woman,Q140419850,FR,fr,"La Femme secrète (film, 2026)",2026-06-03,0
T11,The Secret Woman,Q140419850,FR,fr,"La Femme secrète (film, 2026)",2026-06-04,0
T11,The Secret Woman,Q140419850,FR,fr,"La Femme secrète (film, 2026)",2026-06-05,0
T11,The Secret Woman,Q140419850,FR,fr,"La Femme secrète (film, 2026)",2026-06-06,0
T11,The Secret Woman,Q140419850,FR,fr,"La Femme secrète (film, 2026)",2026-06-07,0
T11,The Secret Woman,Q140419850,FR,fr,"La Femme secrète (film, 2026)",2026-06-08,0
T11,The Secret Woman,Q140419850,FR,fr,"La Femme secrète (film, 2026)",2026-06-09,0
T11,The Secret Woman,Q140419850,FR,fr,"La Femme secrète (film, 2026)",2026-06-10,0
T11,The Secret Woman,Q140419850,FR,fr,"La Femme secrète (film, 2026)",2026-06-11,0
T11,The Secret Woman,Q140419850,FR,fr,"La Femme secrète (film, 2026)",2026-06-12,0
T11,The Secret Woman,Q140419850,FR,fr,"La Femme secrète (film, 2026)",2026-06-13,0
T11,The Secret Woman,Q140419850,FR,fr,"La Femme secrète (film, 2026)",2026-06-14,0
T11,The Secret Woman,Q140419850,FR,fr,"La Femme secrète (film, 2026)",2026-06-15,0
T11,The Secret Woman,Q140419850,FR,fr,"La Femme secrète (film, 2026)",2026-06-16,0
T11,The Secret Woman,Q140419850,FR,fr,"La Femme secrète (film, 2026)",2026-06-17,0
T11,The Secret Woman,Q140419850,FR,fr,"La Femme secrète (film, 2026)",2026-06-18,0
T11,The Secret Woman,Q140419850,FR,fr,"La Femme secrète (film, 2026)",2026-06-19,0
T11,The Secret Woman,Q140419850,FR,fr,"La Femme secrète (film, 2026)",2026-06-20,0
T11,The Secret Woman,Q140419850,FR,fr,"La Femme secrète (film, 2026)",2026-06-21,0
T11,The Secret Woman,Q140419850,FR,fr,"La Femme secrète (film, 2026)",2026-06-22,0
T11,The Secret Woman,Q140419850,FR,fr,"La Femme secrète (film, 2026)",2026-06-23,0
T11,The Secret Woman,Q140419850,FR,fr,"La Femme secrète (film, 2026)",2026-06-24,0
T11,The Secret Woman,Q140419850,FR,fr,"La Femme secrète (film, 2026)",2026-06-25,0
T11,The Secret Woman,Q140419850,FR,fr,"La Femme secrète (film, 2026)",2026-06-26,0
T11,The Secret Woman,Q140419850,FR,fr,"La Femme secrète (film, 2026)",2026-06-27,0
T11,The Secret Woman,Q140419850,FR,fr,"La Femme secrète (film, 2026)",2026-06-28,0
T11,The Secret Woman,Q140419850,FR,fr,"La Femme secrète (film, 2026)",2026-06-29,0
T11,The Secret Woman,Q140419850,FR,fr,"La Femme secrète (film, 2026)",2026-06-30,0
T11,The Secret Woman,Q140419850,FR,fr,"La Femme secrète (film, 2026)",2026-07-01,0
T11,The Secret Woman,Q140419850,FR,fr,"La Femme secrète (film, 2026)",2026-07-02,0
T11,The Secret Woman,Q140419850,FR,fr,"La Femme secrète (film, 2026)",2026-07-03,0
T11,The Secret Woman,Q140419850,FR,fr,"La Femme secrète (film, 2026)",2026-07-04,0
T11,The Secret Woman,Q140419850,FR,fr,"La Femme secrète (film, 2026)",2026-07-05,0
T11,The Secret Woman,Q140419850,FR,fr,"La Femme secrète (film, 2026)",2026-07-06,0
T11,The Secret Woman,Q140419850,FR,fr,"La Femme secrète (film, 2026)",2026-07-07,0
T11,The Secret Woman,Q140419850,FR,fr,"La Femme secrète (film, 2026)",2026-07-08,0
T11,The Secret Woman,Q140419850,FR,fr,"La Femme secrète (film, 2026)",2026-07-09,0
T11,The Secret Woman,Q140419850,FR,fr,"La Femme secrète (film, 2026)",2026-07-10,0
T11,The Secret Woman,Q140419850,FR,fr,"La Femme secrète (film, 2026)",2026-07-11,0
T11,The Secret Woman,Q140419850,FR,fr,"La Femme secrète (film, 2026)",2026-07-12,0
T11,The Secret Woman,Q140419850,FR,fr,"La Femme secrète (film, 2026)",2026-07-13,0
T11,The Secret Woman,Q140419850,FR,fr,"La Femme secrète (film, 2026)",2026-07-14,0
T11,The Secret Woman,Q140419850,FR,fr,"La Femme secrète (film, 2026)",2026-07-15,0
T11,The Secret Woman,Q140419850,FR,fr,"La Femme secrète (film, 2026)",2026-07-16,0
T11,The Secret Woman,Q140419850,FR,fr,"La Femme secrète (film, 2026)",2026-07-17,0
T11,The Secret Woman,Q140419850,FR,fr,"La Femme secrète (film, 2026)",2026-07-18,0
T11,The Secret Woman,Q140419850,FR,fr,"La Femme secrète (film, 2026)",2026-07-19,0
T11,The Secret Woman,Q140419850,FR,fr,"La Femme secrète (film, 2026)",2026-07-20,0
T11,The Secret Woman,Q140419850,FR,fr,"La Femme secrète (film, 2026)",2026-07-21,0
T11,The Secret Woman,Q140419850,FR,fr,"La Femme secrète (film, 2026)",2026-07-22,0
T11,The Secret Woman,Q140419850,FR,fr,"La Femme secrète (film, 2026)",2026-07-23,0
T11,The Secret Woman,Q140419850,FR,fr,"La Femme secrète (film, 2026)",2026-07-24,0
T11,The Secret Woman,Q140419850,FR,fr,"La Femme secrète (film, 2026)",2026-07-25,0
T11,The Secret Woman,Q140419850,FR,fr,"La Femme secrète (film, 2026)",2026-07-26,0
T11,The Secret Woman,Q140419850,FR,fr,"La Femme secrète (film, 2026)",2026-07-27,0
T11,The Secret Woman,Q140419850,FR,fr,"La Femme secrète (film, 2026)",2026-07-28,0
T11,The Secret Woman,Q140419850,FR,fr,"La Femme secrète (film, 2026)",2026-07-29,0
T11,The Secret Woman,Q140419850,FR,fr,"La Femme secrète (film, 2026)",2026-07-30,0
T11,The Secret Woman,Q140419850,FR,fr,"La Femme secrète (film, 2026)",2026-07-31,0
T11,The Secret Woman,Q140419850,FR,fr,"La Femme secrète (film, 2026)",2026-08-01,0
T11,The Secret Woman,Q140419850,FR,fr,"La Femme secrète (film, 2026)",2026-08-02,0
T11,The Secret Woman,Q140419850,FR,fr,"La Femme secrète (film, 2026)",2026-08-03,0
T11,The Secret Woman,Q140419850,FR,fr,"La Femme secrète (film, 2026)",2026-08-04,0
T11,The Secret Woman,Q140419850,FR,fr,"La Femme secrète (film, 2026)",2026-08-05,0
T11,The Secret Woman,Q140419850,FR,fr,"La Femme secrète (film, 2026)",2026-08-06,0
T11,The Secret Woman,Q140419850,FR,fr,"La Femme secrète (film, 2026)",2026-08-07,0
T11,The Secret Woman,Q140419850,FR,fr,"La Femme secrète (film, 2026)",2026-08-08,0
T11,The Secret Woman,Q140419850,FR,fr,"La Femme secrète (film, 2026)",2026-08-09,0
T11,The Secret Woman,Q140419850,FR,fr,"La Femme secrète (film, 2026)",2026-08-10,0
T11,The Secret Woman,Q140419850,FR,fr,"La Femme secrète (film, 2026)",2026-08-11,0
T11,The Secret Woman,Q140419850,FR,fr,"La Femme secrète (film, 2026)",2026-08-12,0
T11,The Secret Woman,Q140419850,FR,fr,"La Femme secrète (film, 2026)",2026-08-13,0
T11,The Secret Woman,Q140419850,FR,fr,"La Femme secrète (film, 2026)",2026-08-14,0
T11,The Secret Woman,Q140419850,FR,fr,"La Femme secrète (film, 2026)",2026-08-15,0
T11,The Secret Woman,Q140419850,FR,fr,"La Femme secrète (film, 2026)",2026-08-16,0
T11,The Secret Woman,Q140419850,FR,fr,"La Femme secrète (film, 2026)",2026-08-17,0
T11,The Secret Woman,Q140419850,FR,fr,"La Femme secrète (film, 2026)",2026-08-18,0
T11,The Secret Woman,Q140419850,FR,fr,"La Femme secrète (film, 2026)",2026-08-19,0
T11,The Secret Woman,Q140419850,FR,fr,"La Femme secrète (film, 2026)",2026-08-20,0
T11,The Secret Woman,Q140419850,FR,fr,"La Femme secrète (film, 2026)",2026-08-21,0
T11,The Secret Woman,Q140419850,FR,fr,"La Femme secrète (film, 2026)",2026-08-22,0
T11,The Secret Woman,Q140419850,FR,fr,"La Femme secrète (film, 2026)",2026-08-23,0
T11,The Secret Woman,Q140419850,FR,fr,"La Femme secrète (film, 2026)",2026-08-24,0
T11,The Secret Woman,Q140419850,FR,fr,"La Femme secrète (film, 2026)",2026-08-25,0
T11,The Secret Woman,Q140419850,FR,fr,"La Femme secrète (film, 2026)",2026-08-26,0
T11,The Secret Woman,Q140419850,FR,fr,"La Femme secrète (film, 2026)",2026-08-27,0
T11,The Secret Woman,Q140419850,FR,fr,"La Femme secrète (film, 2026)",2026-08-28,0
T11,The Secret Woman,Q140419850,FR,fr,"La Femme secrète (film, 2026)",2026-08-29,0
T11,The Secret Woman,Q140419850,FR,fr,"La Femme secrète (film, 2026)",2026-08-30,0
T11,The Secret Woman,Q140419850,FR,fr,"La Femme secrète (film, 2026)",2026-08-31,0
T11,The Secret Woman,Q140419850,FR,fr,"La Femme secrète (film, 2026)",2026-09-01,0
T11,The Secret Woman,Q140419850,FR,fr,"La Femme secrète (film, 2026)",2026-09-02,0
T11,The Secret Woman,Q140419850,FR,fr,"La Femme secrète (film, 2026)",2026-09-03,0
T11,The Secret Woman,Q140419850,FR,fr,"La Femme secrète (film, 2026)",2026-09-04,0
T11,The Secret Woman,Q140419850,FR,fr,"La Femme secrète (film, 2026)",2026-09-05,56
T11,The Secret Woman,Q140419850,FR,fr,"La Femme secrète (film, 2026)",2026-09-06,1652
T11,The Secret Woman,Q140419850,FR,fr,"La Femme secrète (film, 2026)",2026-09-07,1423
T11,The Secret Woman,Q140419850,FR,fr,"La Femme secrète (film, 2026)",2026-09-08,950
T11,The Secret Woman,Q140419850,FR,fr,"La Femme secrète (film, 2026)",2026-09-09,790
T11,The Secret Woman,Q140419850,FR,fr,"La Femme secrète (film, 2026)",2026-09-10,763
T11,The Secret Woman,Q140419850,FR,fr,"La Femme secrète (film, 2026)",2026-09-11,585
T11,The Secret Woman,Q140419850,FR,fr,"La Femme secrète (film, 2026)",2026-09-12,686
T11,The Secret Woman,Q140419850,FR,fr,"La Femme secrète (film, 2026)",2026-09-13,749
T11,The Secret Woman,Q140419850,FR,fr,"La Femme secrète (film, 2026)",2026-09-14,527
T11,The Secret Woman,Q140419850,FR,fr,"La Femme secrète (film, 2026)",2026-09-15,448
T11,The Secret Woman,Q140419850,FR,fr,"La Femme secrète (film, 2026)",2026-09-16,532
T11,The Secret Woman,Q140419850,FR,fr,"La Femme secrète (film, 2026)",2026-09-17,518
T11,The Secret Woman,Q140419850,FR,fr,"La Femme secrète (film, 2026)",2026-09-18,479
T11,The Secret Woman,Q140419850,FR,fr,"La Femme secrète (film, 2026)",2026-09-19,513
T11,The Secret Woman,Q140419850,FR,fr,"La Femme secrète (film, 2026)",2026-09-20,630
T12,Elite Force,Q133868511,FR,fr,GIGN (mini-série),2026-06-01,0
T12,Elite Force,Q133868511,FR,fr,GIGN (mini-série),2026-06-02,0
T12,Elite Force,Q133868511,FR,fr,GIGN (mini-série),2026-06-03,0
T12,Elite Force,Q133868511,FR,fr,GIGN (mini-série),2026-06-04,0
T12,Elite Force,Q133868511,FR,fr,GIGN (mini-série),2026-06-05,0
T12,Elite Force,Q133868511,FR,fr,GIGN (mini-série),2026-06-06,0
T12,Elite Force,Q133868511,FR,fr,GIGN (mini-série),2026-06-07,0
T12,Elite Force,Q133868511,FR,fr,GIGN (mini-série),2026-06-08,0
T12,Elite Force,Q133868511,FR,fr,GIGN (mini-série),2026-06-09,0
T12,Elite Force,Q133868511,FR,fr,GIGN (mini-série),2026-06-10,0
T12,Elite Force,Q133868511,FR,fr,GIGN (mini-série),2026-06-11,0
T12,Elite Force,Q133868511,FR,fr,GIGN (mini-série),2026-06-12,0
T12,Elite Force,Q133868511,FR,fr,GIGN (mini-série),2026-06-13,0
T12,Elite Force,Q133868511,FR,fr,GIGN (mini-série),2026-06-14,0
T12,Elite Force,Q133868511,FR,fr,GIGN (mini-série),2026-06-15,0
T12,Elite Force,Q133868511,FR,fr,GIGN (mini-série),2026-06-16,0
T12,Elite Force,Q133868511,FR,fr,GIGN (mini-série),2026-06-17,0
T12,Elite Force,Q133868511,FR,fr,GIGN (mini-série),2026-06-18,0
T12,Elite Force,Q133868511,FR,fr,GIGN (mini-série),2026-06-19,0
T12,Elite Force,Q133868511,FR,fr,GIGN (mini-série),2026-06-20,0
T12,Elite Force,Q133868511,FR,fr,GIGN (mini-série),2026-06-21,0
T12,Elite Force,Q133868511,FR,fr,GIGN (mini-série),2026-06-22,0
T12,Elite Force,Q133868511,FR,fr,GIGN (mini-série),2026-06-23,0
T12,Elite Force,Q133868511,FR,fr,GIGN (mini-série),2026-06-24,42
T12,Elite Force,Q133868511,FR,fr,GIGN (mini-série),2026-06-25,210
T12,Elite Force,Q133868511,FR,fr,GIGN (mini-série),2026-06-26,137
T12,Elite Force,Q133868511,FR,fr,GIGN (mini-série),2026-06-27,109
T12,Elite Force,Q133868511,FR,fr,GIGN (mini-série),2026-06-28,209
T12,Elite Force,Q133868511,FR,fr,GIGN (mini-série),2026-06-29,187
T12,Elite Force,Q133868511,FR,fr,GIGN (mini-série),2026-06-30,149
T12,Elite Force,Q133868511,FR,fr,GIGN (mini-série),2026-07-01,87
T12,Elite Force,Q133868511,FR,fr,GIGN (mini-série),2026-07-02,108
T12,Elite Force,Q133868511,FR,fr,GIGN (mini-série),2026-07-03,88
T12,Elite Force,Q133868511,FR,fr,GIGN (mini-série),2026-07-04,97
T12,Elite Force,Q133868511,FR,fr,GIGN (mini-série),2026-07-05,96
T12,Elite Force,Q133868511,FR,fr,GIGN (mini-série),2026-07-06,84
T12,Elite Force,Q133868511,FR,fr,GIGN (mini-série),2026-07-07,153
T12,Elite Force,Q133868511,FR,fr,GIGN (mini-série),2026-07-08,189
T12,Elite Force,Q133868511,FR,fr,GIGN (mini-série),2026-07-09,159
T12,Elite Force,Q133868511,FR,fr,GIGN (mini-série),2026-07-10,134
T12,Elite Force,Q133868511,FR,fr,GIGN (mini-série),2026-07-11,121
T12,Elite Force,Q133868511,FR,fr,GIGN (mini-série),2026-07-12,362
T12,Elite Force,Q133868511,FR,fr,GIGN (mini-série),2026-07-13,243
T12,Elite Force,Q133868511,FR,fr,GIGN (mini-série),2026-07-14,199
T12,Elite Force,Q133868511,FR,fr,GIGN (mini-série),2026-07-15,185
T12,Elite Force,Q133868511,FR,fr,GIGN (mini-série),2026-07-16,192
T12,Elite Force,Q133868511,FR,fr,GIGN (mini-série),2026-07-17,275
T12,Elite Force,Q133868511,FR,fr,GIGN (mini-série),2026-07-18,366
T12,Elite Force,Q133868511,FR,fr,GIGN (mini-série),2026-07-19,328
T12,Elite Force,Q133868511,FR,fr,GIGN (mini-série),2026-07-20,511
T12,Elite Force,Q133868511,FR,fr,GIGN (mini-série),2026-07-21,637
T12,Elite Force,Q133868511,FR,fr,GIGN (mini-série),2026-07-22,12473
T12,Elite Force,Q133868511,FR,fr,GIGN (mini-série),2026-07-23,16683
T12,Elite Force,Q133868511,FR,fr,GIGN (mini-série),2026-07-24,14168
T12,Elite Force,Q133868511,FR,fr,GIGN (mini-série),2026-07-25,13053
T12,Elite Force,Q133868511,FR,fr,GIGN (mini-série),2026-07-26,15507
T12,Elite Force,Q133868511,FR,fr,GIGN (mini-série),2026-07-27,12075
T12,Elite Force,Q133868511,FR,fr,GIGN (mini-série),2026-07-28,10196
T12,Elite Force,Q133868511,FR,fr,GIGN (mini-série),2026-07-29,9217
T12,Elite Force,Q133868511,FR,fr,GIGN (mini-série),2026-07-30,7493
T12,Elite Force,Q133868511,FR,fr,GIGN (mini-série),2026-07-31,7298
T12,Elite Force,Q133868511,FR,fr,GIGN (mini-série),2026-08-01,7108
T12,Elite Force,Q133868511,FR,fr,GIGN (mini-série),2026-08-02,8600
T12,Elite Force,Q133868511,FR,fr,GIGN (mini-série),2026-08-03,6750
T12,Elite Force,Q133868511,FR,fr,GIGN (mini-série),2026-08-04,5640
T12,Elite Force,Q133868511,FR,fr,GIGN (mini-série),2026-08-05,5062
T12,Elite Force,Q133868511,FR,fr,GIGN (mini-série),2026-08-06,4560
T12,Elite Force,Q133868511,FR,fr,GIGN (mini-série),2026-08-07,4044
T12,Elite Force,Q133868511,FR,fr,GIGN (mini-série),2026-08-08,4024
T12,Elite Force,Q133868511,FR,fr,GIGN (mini-série),2026-08-09,5062
T12,Elite Force,Q133868511,FR,fr,GIGN (mini-série),2026-08-10,3772
T12,Elite Force,Q133868511,FR,fr,GIGN (mini-série),2026-08-11,3226
T12,Elite Force,Q133868511,FR,fr,GIGN (mini-série),2026-08-12,2570
T12,Elite Force,Q133868511,FR,fr,GIGN (mini-série),2026-08-13,2401
T12,Elite Force,Q133868511,FR,fr,GIGN (mini-série),2026-08-14,2167
T12,Elite Force,Q133868511,FR,fr,GIGN (mini-série),2026-08-15,2309
T12,Elite Force,Q133868511,FR,fr,GIGN (mini-série),2026-08-16,2577
T12,Elite Force,Q133868511,FR,fr,GIGN (mini-série),2026-08-17,2285
T12,Elite Force,Q133868511,FR,fr,GIGN (mini-série),2026-08-18,2063
T12,Elite Force,Q133868511,FR,fr,GIGN (mini-série),2026-08-19,2026
T12,Elite Force,Q133868511,FR,fr,GIGN (mini-série),2026-08-20,1908
T12,Elite Force,Q133868511,FR,fr,GIGN (mini-série),2026-08-21,2036
T12,Elite Force,Q133868511,FR,fr,GIGN (mini-série),2026-08-22,1845
T12,Elite Force,Q133868511,FR,fr,GIGN (mini-série),2026-08-23,2011
T12,Elite Force,Q133868511,FR,fr,GIGN (mini-série),2026-08-24,1968
T12,Elite Force,Q133868511,FR,fr,GIGN (mini-série),2026-08-25,1657
T12,Elite Force,Q133868511,FR,fr,GIGN (mini-série),2026-08-26,1436
T12,Elite Force,Q133868511,FR,fr,GIGN (mini-série),2026-08-27,1331
T12,Elite Force,Q133868511,FR,fr,GIGN (mini-série),2026-08-28,1172
T12,Elite Force,Q133868511,FR,fr,GIGN (mini-série),2026-08-29,1324
T12,Elite Force,Q133868511,FR,fr,GIGN (mini-série),2026-08-30,1525
T12,Elite Force,Q133868511,FR,fr,GIGN (mini-série),2026-08-31,1178
T12,Elite Force,Q133868511,FR,fr,GIGN (mini-série),2026-09-01,1119
T12,Elite Force,Q133868511,FR,fr,GIGN (mini-série),2026-09-02,972
T12,Elite Force,Q133868511,FR,fr,GIGN (mini-série),2026-09-03,918
T12,Elite Force,Q133868511,FR,fr,GIGN (mini-série),2026-09-04,794
T12,Elite Force,Q133868511,FR,fr,GIGN (mini-série),2026-09-05,896
T12,Elite Force,Q133868511,FR,fr,GIGN (mini-série),2026-09-06,1142
T12,Elite Force,Q133868511,FR,fr,GIGN (mini-série),2026-09-07,1106
T12,Elite Force,Q133868511,FR,fr,GIGN (mini-série),2026-09-08,916
T12,Elite Force,Q133868511,FR,fr,GIGN (mini-série),2026-09-09,767
T12,Elite Force,Q133868511,FR,fr,GIGN (mini-série),2026-09-10,660
T12,Elite Force,Q133868511,FR,fr,GIGN (mini-série),2026-09-11,519
T12,Elite Force,Q133868511,FR,fr,GIGN (mini-série),2026-09-12,654
T12,Elite Force,Q133868511,FR,fr,GIGN (mini-série),2026-09-13,816
T12,Elite Force,Q133868511,FR,fr,GIGN (mini-série),2026-09-14,666
T12,Elite Force,Q133868511,FR,fr,GIGN (mini-série),2026-09-15,567
T12,Elite Force,Q133868511,FR,fr,GIGN (mini-série),2026-09-16,590
T12,Elite Force,Q133868511,FR,fr,GIGN (mini-série),2026-09-17,523
T12,Elite Force,Q133868511,FR,fr,GIGN (mini-série),2026-09-18,421
T12,Elite Force,Q133868511,FR,fr,GIGN (mini-série),2026-09-19,483
T12,Elite Force,Q133868511,FR,fr,GIGN (mini-série),2026-09-20,635
T14,Our Sticky Love,Q137835829,DE,de,Our Sticky Love,2026-06-01,4
T14,Our Sticky Love,Q137835829,DE,de,Our Sticky Love,2026-06-02,3
T14,Our Sticky Love,Q137835829,DE,de,Our Sticky Love,2026-06-03,7
T14,Our Sticky Love,Q137835829,DE,de,Our Sticky Love,2026-06-04,6
T14,Our Sticky Love,Q137835829,DE,de,Our Sticky Love,2026-06-05,5
T14,Our Sticky Love,Q137835829,DE,de,Our Sticky Love,2026-06-06,5
T14,Our Sticky Love,Q137835829,DE,de,Our Sticky Love,2026-06-07,12
T14,Our Sticky Love,Q137835829,DE,de,Our Sticky Love,2026-06-08,6
T14,Our Sticky Love,Q137835829,DE,de,Our Sticky Love,2026-06-09,7
T14,Our Sticky Love,Q137835829,DE,de,Our Sticky Love,2026-06-10,6
T14,Our Sticky Love,Q137835829,DE,de,Our Sticky Love,2026-06-11,5
T14,Our Sticky Love,Q137835829,DE,de,Our Sticky Love,2026-06-12,5
T14,Our Sticky Love,Q137835829,DE,de,Our Sticky Love,2026-06-13,12
T14,Our Sticky Love,Q137835829,DE,de,Our Sticky Love,2026-06-14,7
T14,Our Sticky Love,Q137835829,DE,de,Our Sticky Love,2026-06-15,9
T14,Our Sticky Love,Q137835829,DE,de,Our Sticky Love,2026-06-16,6
T14,Our Sticky Love,Q137835829,DE,de,Our Sticky Love,2026-06-17,4
T14,Our Sticky Love,Q137835829,DE,de,Our Sticky Love,2026-06-18,9
T14,Our Sticky Love,Q137835829,DE,de,Our Sticky Love,2026-06-19,11
T14,Our Sticky Love,Q137835829,DE,de,Our Sticky Love,2026-06-20,9
T14,Our Sticky Love,Q137835829,DE,de,Our Sticky Love,2026-06-21,7
T14,Our Sticky Love,Q137835829,DE,de,Our Sticky Love,2026-06-22,12
T14,Our Sticky Love,Q137835829,DE,de,Our Sticky Love,2026-06-23,11
T14,Our Sticky Love,Q137835829,DE,de,Our Sticky Love,2026-06-24,8
T14,Our Sticky Love,Q137835829,DE,de,Our Sticky Love,2026-06-25,7
T14,Our Sticky Love,Q137835829,DE,de,Our Sticky Love,2026-06-26,2
T14,Our Sticky Love,Q137835829,DE,de,Our Sticky Love,2026-06-27,12
T14,Our Sticky Love,Q137835829,DE,de,Our Sticky Love,2026-06-28,11
T14,Our Sticky Love,Q137835829,DE,de,Our Sticky Love,2026-06-29,7
T14,Our Sticky Love,Q137835829,DE,de,Our Sticky Love,2026-06-30,5
T14,Our Sticky Love,Q137835829,DE,de,Our Sticky Love,2026-07-01,5
T14,Our Sticky Love,Q137835829,DE,de,Our Sticky Love,2026-07-02,2
T14,Our Sticky Love,Q137835829,DE,de,Our Sticky Love,2026-07-03,7
T14,Our Sticky Love,Q137835829,DE,de,Our Sticky Love,2026-07-04,5
T14,Our Sticky Love,Q137835829,DE,de,Our Sticky Love,2026-07-05,3
T14,Our Sticky Love,Q137835829,DE,de,Our Sticky Love,2026-07-06,5
T14,Our Sticky Love,Q137835829,DE,de,Our Sticky Love,2026-07-07,1
T14,Our Sticky Love,Q137835829,DE,de,Our Sticky Love,2026-07-08,6
T14,Our Sticky Love,Q137835829,DE,de,Our Sticky Love,2026-07-09,3
T14,Our Sticky Love,Q137835829,DE,de,Our Sticky Love,2026-07-10,91
T14,Our Sticky Love,Q137835829,DE,de,Our Sticky Love,2026-07-11,29
T14,Our Sticky Love,Q137835829,DE,de,Our Sticky Love,2026-07-12,34
T14,Our Sticky Love,Q137835829,DE,de,Our Sticky Love,2026-07-13,19
T14,Our Sticky Love,Q137835829,DE,de,Our Sticky Love,2026-07-14,16
T14,Our Sticky Love,Q137835829,DE,de,Our Sticky Love,2026-07-15,15
T14,Our Sticky Love,Q137835829,DE,de,Our Sticky Love,2026-07-16,9
T14,Our Sticky Love,Q137835829,DE,de,Our Sticky Love,2026-07-17,10
T14,Our Sticky Love,Q137835829,DE,de,Our Sticky Love,2026-07-18,18
T14,Our Sticky Love,Q137835829,DE,de,Our Sticky Love,2026-07-19,14
T14,Our Sticky Love,Q137835829,DE,de,Our Sticky Love,2026-07-20,10
T14,Our Sticky Love,Q137835829,DE,de,Our Sticky Love,2026-07-21,9
T14,Our Sticky Love,Q137835829,DE,de,Our Sticky Love,2026-07-22,8
T14,Our Sticky Love,Q137835829,DE,de,Our Sticky Love,2026-07-23,11
T14,Our Sticky Love,Q137835829,DE,de,Our Sticky Love,2026-07-24,47
T14,Our Sticky Love,Q137835829,DE,de,Our Sticky Love,2026-07-25,35
T14,Our Sticky Love,Q137835829,DE,de,Our Sticky Love,2026-07-26,22
T14,Our Sticky Love,Q137835829,DE,de,Our Sticky Love,2026-07-27,32
T14,Our Sticky Love,Q137835829,DE,de,Our Sticky Love,2026-07-28,25
T14,Our Sticky Love,Q137835829,DE,de,Our Sticky Love,2026-07-29,14
T14,Our Sticky Love,Q137835829,DE,de,Our Sticky Love,2026-07-30,25
T14,Our Sticky Love,Q137835829,DE,de,Our Sticky Love,2026-07-31,18
T14,Our Sticky Love,Q137835829,DE,de,Our Sticky Love,2026-08-01,25
T14,Our Sticky Love,Q137835829,DE,de,Our Sticky Love,2026-08-02,19
T14,Our Sticky Love,Q137835829,DE,de,Our Sticky Love,2026-08-03,15
T14,Our Sticky Love,Q137835829,DE,de,Our Sticky Love,2026-08-04,25
T14,Our Sticky Love,Q137835829,DE,de,Our Sticky Love,2026-08-05,37
T14,Our Sticky Love,Q137835829,DE,de,Our Sticky Love,2026-08-06,41
T14,Our Sticky Love,Q137835829,DE,de,Our Sticky Love,2026-08-07,1172
T14,Our Sticky Love,Q137835829,DE,de,Our Sticky Love,2026-08-08,1307
T14,Our Sticky Love,Q137835829,DE,de,Our Sticky Love,2026-08-09,1670
T14,Our Sticky Love,Q137835829,DE,de,Our Sticky Love,2026-08-10,1280
T14,Our Sticky Love,Q137835829,DE,de,Our Sticky Love,2026-08-11,1041
T14,Our Sticky Love,Q137835829,DE,de,Our Sticky Love,2026-08-12,839
T14,Our Sticky Love,Q137835829,DE,de,Our Sticky Love,2026-08-13,770
T14,Our Sticky Love,Q137835829,DE,de,Our Sticky Love,2026-08-14,749
T14,Our Sticky Love,Q137835829,DE,de,Our Sticky Love,2026-08-15,656
T14,Our Sticky Love,Q137835829,DE,de,Our Sticky Love,2026-08-16,641
T14,Our Sticky Love,Q137835829,DE,de,Our Sticky Love,2026-08-17,486
T14,Our Sticky Love,Q137835829,DE,de,Our Sticky Love,2026-08-18,440
T14,Our Sticky Love,Q137835829,DE,de,Our Sticky Love,2026-08-19,405
T14,Our Sticky Love,Q137835829,DE,de,Our Sticky Love,2026-08-20,401
T14,Our Sticky Love,Q137835829,DE,de,Our Sticky Love,2026-08-21,385
T14,Our Sticky Love,Q137835829,DE,de,Our Sticky Love,2026-08-22,373
T14,Our Sticky Love,Q137835829,DE,de,Our Sticky Love,2026-08-23,400
T14,Our Sticky Love,Q137835829,DE,de,Our Sticky Love,2026-08-24,333
T14,Our Sticky Love,Q137835829,DE,de,Our Sticky Love,2026-08-25,283
T14,Our Sticky Love,Q137835829,DE,de,Our Sticky Love,2026-08-26,262
T14,Our Sticky Love,Q137835829,DE,de,Our Sticky Love,2026-08-27,248
T14,Our Sticky Love,Q137835829,DE,de,Our Sticky Love,2026-08-28,239
T14,Our Sticky Love,Q137835829,DE,de,Our Sticky Love,2026-08-29,253
T14,Our Sticky Love,Q137835829,DE,de,Our Sticky Love,2026-08-30,243
T14,Our Sticky Love,Q137835829,DE,de,Our Sticky Love,2026-08-31,263
T14,Our Sticky Love,Q137835829,DE,de,Our Sticky Love,2026-09-01,189
T14,Our Sticky Love,Q137835829,DE,de,Our Sticky Love,2026-09-02,159
T14,Our Sticky Love,Q137835829,DE,de,Our Sticky Love,2026-09-03,137
T14,Our Sticky Love,Q137835829,DE,de,Our Sticky Love,2026-09-04,131
T14,Our Sticky Love,Q137835829,DE,de,Our Sticky Love,2026-09-05,214
T14,Our Sticky Love,Q137835829,DE,de,Our Sticky Love,2026-09-06,183
T14,Our Sticky Love,Q137835829,DE,de,Our Sticky Love,2026-09-07,162
T14,Our Sticky Love,Q137835829,DE,de,Our Sticky Love,2026-09-08,128
T14,Our Sticky Love,Q137835829,DE,de,Our Sticky Love,2026-09-09,153
T14,Our Sticky Love,Q137835829,DE,de,Our Sticky Love,2026-09-10,156
T14,Our Sticky Love,Q137835829,DE,de,Our Sticky Love,2026-09-11,146
T14,Our Sticky Love,Q137835829,DE,de,Our Sticky Love,2026-09-12,172
T14,Our Sticky Love,Q137835829,DE,de,Our Sticky Love,2026-09-13,166
T14,Our Sticky Love,Q137835829,DE,de,Our Sticky Love,2026-09-14,123
T14,Our Sticky Love,Q137835829,DE,de,Our Sticky Love,2026-09-15,143
T14,Our Sticky Love,Q137835829,DE,de,Our Sticky Love,2026-09-16,116
T14,Our Sticky Love,Q137835829,DE,de,Our Sticky Love,2026-09-17,124
T14,Our Sticky Love,Q137835829,DE,de,Our Sticky Love,2026-09-18,101
T14,Our Sticky Love,Q137835829,DE,de,Our Sticky Love,2026-09-19,81
T14,Our Sticky Love,Q137835829,DE,de,Our Sticky Love,2026-09-20,146
T14,Our Sticky Love,Q137835829,FR,fr,Our Sticky Love,2026-06-01,0
T14,Our Sticky Love,Q137835829,FR,fr,Our Sticky Love,2026-06-02,0
T14,Our Sticky Love,Q137835829,FR,fr,Our Sticky Love,2026-06-03,0
T14,Our Sticky Love,Q137835829,FR,fr,Our Sticky Love,2026-06-04,0
T14,Our Sticky Love,Q137835829,FR,fr,Our Sticky Love,2026-06-05,0
T14,Our Sticky Love,Q137835829,FR,fr,Our Sticky Love,2026-06-06,0
T14,Our Sticky Love,Q137835829,FR,fr,Our Sticky Love,2026-06-07,0
T14,Our Sticky Love,Q137835829,FR,fr,Our Sticky Love,2026-06-08,0
T14,Our Sticky Love,Q137835829,FR,fr,Our Sticky Love,2026-06-09,0
T14,Our Sticky Love,Q137835829,FR,fr,Our Sticky Love,2026-06-10,0
T14,Our Sticky Love,Q137835829,FR,fr,Our Sticky Love,2026-06-11,0
T14,Our Sticky Love,Q137835829,FR,fr,Our Sticky Love,2026-06-12,0
T14,Our Sticky Love,Q137835829,FR,fr,Our Sticky Love,2026-06-13,0
T14,Our Sticky Love,Q137835829,FR,fr,Our Sticky Love,2026-06-14,0
T14,Our Sticky Love,Q137835829,FR,fr,Our Sticky Love,2026-06-15,0
T14,Our Sticky Love,Q137835829,FR,fr,Our Sticky Love,2026-06-16,0
T14,Our Sticky Love,Q137835829,FR,fr,Our Sticky Love,2026-06-17,0
T14,Our Sticky Love,Q137835829,FR,fr,Our Sticky Love,2026-06-18,0
T14,Our Sticky Love,Q137835829,FR,fr,Our Sticky Love,2026-06-19,0
T14,Our Sticky Love,Q137835829,FR,fr,Our Sticky Love,2026-06-20,0
T14,Our Sticky Love,Q137835829,FR,fr,Our Sticky Love,2026-06-21,0
T14,Our Sticky Love,Q137835829,FR,fr,Our Sticky Love,2026-06-22,0
T14,Our Sticky Love,Q137835829,FR,fr,Our Sticky Love,2026-06-23,0
T14,Our Sticky Love,Q137835829,FR,fr,Our Sticky Love,2026-06-24,0
T14,Our Sticky Love,Q137835829,FR,fr,Our Sticky Love,2026-06-25,0
T14,Our Sticky Love,Q137835829,FR,fr,Our Sticky Love,2026-06-26,0
T14,Our Sticky Love,Q137835829,FR,fr,Our Sticky Love,2026-06-27,0
T14,Our Sticky Love,Q137835829,FR,fr,Our Sticky Love,2026-06-28,0
T14,Our Sticky Love,Q137835829,FR,fr,Our Sticky Love,2026-06-29,0
T14,Our Sticky Love,Q137835829,FR,fr,Our Sticky Love,2026-06-30,0
T14,Our Sticky Love,Q137835829,FR,fr,Our Sticky Love,2026-07-01,0
T14,Our Sticky Love,Q137835829,FR,fr,Our Sticky Love,2026-07-02,0
T14,Our Sticky Love,Q137835829,FR,fr,Our Sticky Love,2026-07-03,0
T14,Our Sticky Love,Q137835829,FR,fr,Our Sticky Love,2026-07-04,0
T14,Our Sticky Love,Q137835829,FR,fr,Our Sticky Love,2026-07-05,0
T14,Our Sticky Love,Q137835829,FR,fr,Our Sticky Love,2026-07-06,0
T14,Our Sticky Love,Q137835829,FR,fr,Our Sticky Love,2026-07-07,0
T14,Our Sticky Love,Q137835829,FR,fr,Our Sticky Love,2026-07-08,0
T14,Our Sticky Love,Q137835829,FR,fr,Our Sticky Love,2026-07-09,0
T14,Our Sticky Love,Q137835829,FR,fr,Our Sticky Love,2026-07-10,0
T14,Our Sticky Love,Q137835829,FR,fr,Our Sticky Love,2026-07-11,0
T14,Our Sticky Love,Q137835829,FR,fr,Our Sticky Love,2026-07-12,0
T14,Our Sticky Love,Q137835829,FR,fr,Our Sticky Love,2026-07-13,0
T14,Our Sticky Love,Q137835829,FR,fr,Our Sticky Love,2026-07-14,0
T14,Our Sticky Love,Q137835829,FR,fr,Our Sticky Love,2026-07-15,0
T14,Our Sticky Love,Q137835829,FR,fr,Our Sticky Love,2026-07-16,0
T14,Our Sticky Love,Q137835829,FR,fr,Our Sticky Love,2026-07-17,0
T14,Our Sticky Love,Q137835829,FR,fr,Our Sticky Love,2026-07-18,0
T14,Our Sticky Love,Q137835829,FR,fr,Our Sticky Love,2026-07-19,0
T14,Our Sticky Love,Q137835829,FR,fr,Our Sticky Love,2026-07-20,0
T14,Our Sticky Love,Q137835829,FR,fr,Our Sticky Love,2026-07-21,0
T14,Our Sticky Love,Q137835829,FR,fr,Our Sticky Love,2026-07-22,0
T14,Our Sticky Love,Q137835829,FR,fr,Our Sticky Love,2026-07-23,0
T14,Our Sticky Love,Q137835829,FR,fr,Our Sticky Love,2026-07-24,0
T14,Our Sticky Love,Q137835829,FR,fr,Our Sticky Love,2026-07-25,0
T14,Our Sticky Love,Q137835829,FR,fr,Our Sticky Love,2026-07-26,0
T14,Our Sticky Love,Q137835829,FR,fr,Our Sticky Love,2026-07-27,0
T14,Our Sticky Love,Q137835829,FR,fr,Our Sticky Love,2026-07-28,0
T14,Our Sticky Love,Q137835829,FR,fr,Our Sticky Love,2026-07-29,0
T14,Our Sticky Love,Q137835829,FR,fr,Our Sticky Love,2026-07-30,0
T14,Our Sticky Love,Q137835829,FR,fr,Our Sticky Love,2026-07-31,0
T14,Our Sticky Love,Q137835829,FR,fr,Our Sticky Love,2026-08-01,0
T14,Our Sticky Love,Q137835829,FR,fr,Our Sticky Love,2026-08-02,8
T14,Our Sticky Love,Q137835829,FR,fr,Our Sticky Love,2026-08-03,9
T14,Our Sticky Love,Q137835829,FR,fr,Our Sticky Love,2026-08-04,28
T14,Our Sticky Love,Q137835829,FR,fr,Our Sticky Love,2026-08-05,18
T14,Our Sticky Love,Q137835829,FR,fr,Our Sticky Love,2026-08-06,15
T14,Our Sticky Love,Q137835829,FR,fr,Our Sticky Love,2026-08-07,416
T14,Our Sticky Love,Q137835829,FR,fr,Our Sticky Love,2026-08-08,1129
T14,Our Sticky Love,Q137835829,FR,fr,Our Sticky Love,2026-08-09,1336
T14,Our Sticky Love,Q137835829,FR,fr,Our Sticky Love,2026-08-10,1054
T14,Our Sticky Love,Q137835829,FR,fr,Our Sticky Love,2026-08-11,933
T14,Our Sticky Love,Q137835829,FR,fr,Our Sticky Love,2026-08-12,869
T14,Our Sticky Love,Q137835829,FR,fr,Our Sticky Love,2026-08-13,876
T14,Our Sticky Love,Q137835829,FR,fr,Our Sticky Love,2026-08-14,847
T14,Our Sticky Love,Q137835829,FR,fr,Our Sticky Love,2026-08-15,772
T14,Our Sticky Love,Q137835829,FR,fr,Our Sticky Love,2026-08-16,826
T14,Our Sticky Love,Q137835829,FR,fr,Our Sticky Love,2026-08-17,685
T14,Our Sticky Love,Q137835829,FR,fr,Our Sticky Love,2026-08-18,533
T14,Our Sticky Love,Q137835829,FR,fr,Our Sticky Love,2026-08-19,542
T14,Our Sticky Love,Q137835829,FR,fr,Our Sticky Love,2026-08-20,501
T14,Our Sticky Love,Q137835829,FR,fr,Our Sticky Love,2026-08-21,398
T14,Our Sticky Love,Q137835829,FR,fr,Our Sticky Love,2026-08-22,355
T14,Our Sticky Love,Q137835829,FR,fr,Our Sticky Love,2026-08-23,395
T14,Our Sticky Love,Q137835829,FR,fr,Our Sticky Love,2026-08-24,368
T14,Our Sticky Love,Q137835829,FR,fr,Our Sticky Love,2026-08-25,344
T14,Our Sticky Love,Q137835829,FR,fr,Our Sticky Love,2026-08-26,359
T14,Our Sticky Love,Q137835829,FR,fr,Our Sticky Love,2026-08-27,287
T14,Our Sticky Love,Q137835829,FR,fr,Our Sticky Love,2026-08-28,232
T14,Our Sticky Love,Q137835829,FR,fr,Our Sticky Love,2026-08-29,291
T14,Our Sticky Love,Q137835829,FR,fr,Our Sticky Love,2026-08-30,350
T14,Our Sticky Love,Q137835829,FR,fr,Our Sticky Love,2026-08-31,235
T14,Our Sticky Love,Q137835829,FR,fr,Our Sticky Love,2026-09-01,184
T14,Our Sticky Love,Q137835829,FR,fr,Our Sticky Love,2026-09-02,195
T14,Our Sticky Love,Q137835829,FR,fr,Our Sticky Love,2026-09-03,162
T14,Our Sticky Love,Q137835829,FR,fr,Our Sticky Love,2026-09-04,168
T14,Our Sticky Love,Q137835829,FR,fr,Our Sticky Love,2026-09-05,161
T14,Our Sticky Love,Q137835829,FR,fr,Our Sticky Love,2026-09-06,201
T14,Our Sticky Love,Q137835829,FR,fr,Our Sticky Love,2026-09-07,194
T14,Our Sticky Love,Q137835829,FR,fr,Our Sticky Love,2026-09-08,180
T14,Our Sticky Love,Q137835829,FR,fr,Our Sticky Love,2026-09-09,159
T14,Our Sticky Love,Q137835829,FR,fr,Our Sticky Love,2026-09-10,161
T14,Our Sticky Love,Q137835829,FR,fr,Our Sticky Love,2026-09-11,150
T14,Our Sticky Love,Q137835829,FR,fr,Our Sticky Love,2026-09-12,159
T14,Our Sticky Love,Q137835829,FR,fr,Our Sticky Love,2026-09-13,187
T14,Our Sticky Love,Q137835829,FR,fr,Our Sticky Love,2026-09-14,109
T14,Our Sticky Love,Q137835829,FR,fr,Our Sticky Love,2026-09-15,124
T14,Our Sticky Love,Q137835829,FR,fr,Our Sticky Love,2026-09-16,119
T14,Our Sticky Love,Q137835829,FR,fr,Our Sticky Love,2026-09-17,103
T14,Our Sticky Love,Q137835829,FR,fr,Our Sticky Love,2026-09-18,94
T14,Our Sticky Love,Q137835829,FR,fr,Our Sticky Love,2026-09-19,119
T14,Our Sticky Love,Q137835829,FR,fr,Our Sticky Love,2026-09-20,131
T14,Our Sticky Love,Q137835829,IT,it,Our Sticky Love,2026-06-01,0
T14,Our Sticky Love,Q137835829,IT,it,Our Sticky Love,2026-06-02,0
T14,Our Sticky Love,Q137835829,IT,it,Our Sticky Love,2026-06-03,0
T14,Our Sticky Love,Q137835829,IT,it,Our Sticky Love,2026-06-04,0
T14,Our Sticky Love,Q137835829,IT,it,Our Sticky Love,2026-06-05,0
T14,Our Sticky Love,Q137835829,IT,it,Our Sticky Love,2026-06-06,0
T14,Our Sticky Love,Q137835829,IT,it,Our Sticky Love,2026-06-07,0
T14,Our Sticky Love,Q137835829,IT,it,Our Sticky Love,2026-06-08,0
T14,Our Sticky Love,Q137835829,IT,it,Our Sticky Love,2026-06-09,0
T14,Our Sticky Love,Q137835829,IT,it,Our Sticky Love,2026-06-10,0
T14,Our Sticky Love,Q137835829,IT,it,Our Sticky Love,2026-06-11,0
T14,Our Sticky Love,Q137835829,IT,it,Our Sticky Love,2026-06-12,0
T14,Our Sticky Love,Q137835829,IT,it,Our Sticky Love,2026-06-13,0
T14,Our Sticky Love,Q137835829,IT,it,Our Sticky Love,2026-06-14,0
T14,Our Sticky Love,Q137835829,IT,it,Our Sticky Love,2026-06-15,0
T14,Our Sticky Love,Q137835829,IT,it,Our Sticky Love,2026-06-16,0
T14,Our Sticky Love,Q137835829,IT,it,Our Sticky Love,2026-06-17,0
T14,Our Sticky Love,Q137835829,IT,it,Our Sticky Love,2026-06-18,0
T14,Our Sticky Love,Q137835829,IT,it,Our Sticky Love,2026-06-19,0
T14,Our Sticky Love,Q137835829,IT,it,Our Sticky Love,2026-06-20,0
T14,Our Sticky Love,Q137835829,IT,it,Our Sticky Love,2026-06-21,0
T14,Our Sticky Love,Q137835829,IT,it,Our Sticky Love,2026-06-22,0
T14,Our Sticky Love,Q137835829,IT,it,Our Sticky Love,2026-06-23,0
T14,Our Sticky Love,Q137835829,IT,it,Our Sticky Love,2026-06-24,0
T14,Our Sticky Love,Q137835829,IT,it,Our Sticky Love,2026-06-25,0
T14,Our Sticky Love,Q137835829,IT,it,Our Sticky Love,2026-06-26,0
T14,Our Sticky Love,Q137835829,IT,it,Our Sticky Love,2026-06-27,0
T14,Our Sticky Love,Q137835829,IT,it,Our Sticky Love,2026-06-28,0
T14,Our Sticky Love,Q137835829,IT,it,Our Sticky Love,2026-06-29,0
T14,Our Sticky Love,Q137835829,IT,it,Our Sticky Love,2026-06-30,0
T14,Our Sticky Love,Q137835829,IT,it,Our Sticky Love,2026-07-01,0
T14,Our Sticky Love,Q137835829,IT,it,Our Sticky Love,2026-07-02,0
T14,Our Sticky Love,Q137835829,IT,it,Our Sticky Love,2026-07-03,0
T14,Our Sticky Love,Q137835829,IT,it,Our Sticky Love,2026-07-04,0
T14,Our Sticky Love,Q137835829,IT,it,Our Sticky Love,2026-07-05,0
T14,Our Sticky Love,Q137835829,IT,it,Our Sticky Love,2026-07-06,0
T14,Our Sticky Love,Q137835829,IT,it,Our Sticky Love,2026-07-07,0
T14,Our Sticky Love,Q137835829,IT,it,Our Sticky Love,2026-07-08,0
T14,Our Sticky Love,Q137835829,IT,it,Our Sticky Love,2026-07-09,0
T14,Our Sticky Love,Q137835829,IT,it,Our Sticky Love,2026-07-10,0
T14,Our Sticky Love,Q137835829,IT,it,Our Sticky Love,2026-07-11,0
T14,Our Sticky Love,Q137835829,IT,it,Our Sticky Love,2026-07-12,0
T14,Our Sticky Love,Q137835829,IT,it,Our Sticky Love,2026-07-13,0
T14,Our Sticky Love,Q137835829,IT,it,Our Sticky Love,2026-07-14,0
T14,Our Sticky Love,Q137835829,IT,it,Our Sticky Love,2026-07-15,0
T14,Our Sticky Love,Q137835829,IT,it,Our Sticky Love,2026-07-16,0
T14,Our Sticky Love,Q137835829,IT,it,Our Sticky Love,2026-07-17,0
T14,Our Sticky Love,Q137835829,IT,it,Our Sticky Love,2026-07-18,0
T14,Our Sticky Love,Q137835829,IT,it,Our Sticky Love,2026-07-19,0
T14,Our Sticky Love,Q137835829,IT,it,Our Sticky Love,2026-07-20,0
T14,Our Sticky Love,Q137835829,IT,it,Our Sticky Love,2026-07-21,0
T14,Our Sticky Love,Q137835829,IT,it,Our Sticky Love,2026-07-22,0
T14,Our Sticky Love,Q137835829,IT,it,Our Sticky Love,2026-07-23,0
T14,Our Sticky Love,Q137835829,IT,it,Our Sticky Love,2026-07-24,0
T14,Our Sticky Love,Q137835829,IT,it,Our Sticky Love,2026-07-25,0
T14,Our Sticky Love,Q137835829,IT,it,Our Sticky Love,2026-07-26,0
T14,Our Sticky Love,Q137835829,IT,it,Our Sticky Love,2026-07-27,0
T14,Our Sticky Love,Q137835829,IT,it,Our Sticky Love,2026-07-28,0
T14,Our Sticky Love,Q137835829,IT,it,Our Sticky Love,2026-07-29,0
T14,Our Sticky Love,Q137835829,IT,it,Our Sticky Love,2026-07-30,0
T14,Our Sticky Love,Q137835829,IT,it,Our Sticky Love,2026-07-31,0
T14,Our Sticky Love,Q137835829,IT,it,Our Sticky Love,2026-08-01,0
T14,Our Sticky Love,Q137835829,IT,it,Our Sticky Love,2026-08-02,0
T14,Our Sticky Love,Q137835829,IT,it,Our Sticky Love,2026-08-03,0
T14,Our Sticky Love,Q137835829,IT,it,Our Sticky Love,2026-08-04,0
T14,Our Sticky Love,Q137835829,IT,it,Our Sticky Love,2026-08-05,0
T14,Our Sticky Love,Q137835829,IT,it,Our Sticky Love,2026-08-06,0
T14,Our Sticky Love,Q137835829,IT,it,Our Sticky Love,2026-08-07,0
T14,Our Sticky Love,Q137835829,IT,it,Our Sticky Love,2026-08-08,0
T14,Our Sticky Love,Q137835829,IT,it,Our Sticky Love,2026-08-09,0
T14,Our Sticky Love,Q137835829,IT,it,Our Sticky Love,2026-08-10,0
T14,Our Sticky Love,Q137835829,IT,it,Our Sticky Love,2026-08-11,0
T14,Our Sticky Love,Q137835829,IT,it,Our Sticky Love,2026-08-12,0
T14,Our Sticky Love,Q137835829,IT,it,Our Sticky Love,2026-08-13,0
T14,Our Sticky Love,Q137835829,IT,it,Our Sticky Love,2026-08-14,0
T14,Our Sticky Love,Q137835829,IT,it,Our Sticky Love,2026-08-15,0
T14,Our Sticky Love,Q137835829,IT,it,Our Sticky Love,2026-08-16,0
T14,Our Sticky Love,Q137835829,IT,it,Our Sticky Love,2026-08-17,0
T14,Our Sticky Love,Q137835829,IT,it,Our Sticky Love,2026-08-18,0
T14,Our Sticky Love,Q137835829,IT,it,Our Sticky Love,2026-08-19,0
T14,Our Sticky Love,Q137835829,IT,it,Our Sticky Love,2026-08-20,0
T14,Our Sticky Love,Q137835829,IT,it,Our Sticky Love,2026-08-21,0
T14,Our Sticky Love,Q137835829,IT,it,Our Sticky Love,2026-08-22,0
T14,Our Sticky Love,Q137835829,IT,it,Our Sticky Love,2026-08-23,0
T14,Our Sticky Love,Q137835829,IT,it,Our Sticky Love,2026-08-24,0
T14,Our Sticky Love,Q137835829,IT,it,Our Sticky Love,2026-08-25,0
T14,Our Sticky Love,Q137835829,IT,it,Our Sticky Love,2026-08-26,0
T14,Our Sticky Love,Q137835829,IT,it,Our Sticky Love,2026-08-27,0
T14,Our Sticky Love,Q137835829,IT,it,Our Sticky Love,2026-08-28,0
T14,Our Sticky Love,Q137835829,IT,it,Our Sticky Love,2026-08-29,0
T14,Our Sticky Love,Q137835829,IT,it,Our Sticky Love,2026-08-30,0
T14,Our Sticky Love,Q137835829,IT,it,Our Sticky Love,2026-08-31,0
T14,Our Sticky Love,Q137835829,IT,it,Our Sticky Love,2026-09-01,0
T14,Our Sticky Love,Q137835829,IT,it,Our Sticky Love,2026-09-02,0
T14,Our Sticky Love,Q137835829,IT,it,Our Sticky Love,2026-09-03,0
T14,Our Sticky Love,Q137835829,IT,it,Our Sticky Love,2026-09-04,0
T14,Our Sticky Love,Q137835829,IT,it,Our Sticky Love,2026-09-05,0
T14,Our Sticky Love,Q137835829,IT,it,Our Sticky Love,2026-09-06,0
T14,Our Sticky Love,Q137835829,IT,it,Our Sticky Love,2026-09-07,0
T14,Our Sticky Love,Q137835829,IT,it,Our Sticky Love,2026-09-08,0
T14,Our Sticky Love,Q137835829,IT,it,Our Sticky Love,2026-09-09,0
T14,Our Sticky Love,Q137835829,IT,it,Our Sticky Love,2026-09-10,0
T14,Our Sticky Love,Q137835829,IT,it,Our Sticky Love,2026-09-11,0
T14,Our Sticky Love,Q137835829,IT,it,Our Sticky Love,2026-09-12,0
T14,Our Sticky Love,Q137835829,IT,it,Our Sticky Love,2026-09-13,0
T14,Our Sticky Love,Q137835829,IT,it,Our Sticky Love,2026-09-14,0
T14,Our Sticky Love,Q137835829,IT,it,Our Sticky Love,2026-09-15,0
T14,Our Sticky Love,Q137835829,IT,it,Our Sticky Love,2026-09-16,45
T14,Our Sticky Love,Q137835829,IT,it,Our Sticky Love,2026-09-17,64
T14,Our Sticky Love,Q137835829,IT,it,Our Sticky Love,2026-09-18,35
T14,Our Sticky Love,Q137835829,IT,it,Our Sticky Love,2026-09-19,31
T14,Our Sticky Love,Q137835829,IT,it,Our Sticky Love,2026-09-20,82
T14,Our Sticky Love,Q137835829,KR,ko,이런 엿 같은 사랑,2026-06-01,8
T14,Our Sticky Love,Q137835829,KR,ko,이런 엿 같은 사랑,2026-06-02,12
T14,Our Sticky Love,Q137835829,KR,ko,이런 엿 같은 사랑,2026-06-03,11
T14,Our Sticky Love,Q137835829,KR,ko,이런 엿 같은 사랑,2026-06-04,14
T14,Our Sticky Love,Q137835829,KR,ko,이런 엿 같은 사랑,2026-06-05,12
T14,Our Sticky Love,Q137835829,KR,ko,이런 엿 같은 사랑,2026-06-06,15
T14,Our Sticky Love,Q137835829,KR,ko,이런 엿 같은 사랑,2026-06-07,23
T14,Our Sticky Love,Q137835829,KR,ko,이런 엿 같은 사랑,2026-06-08,30
T14,Our Sticky Love,Q137835829,KR,ko,이런 엿 같은 사랑,2026-06-09,22
T14,Our Sticky Love,Q137835829,KR,ko,이런 엿 같은 사랑,2026-06-10,20
T14,Our Sticky Love,Q137835829,KR,ko,이런 엿 같은 사랑,2026-06-11,16
T14,Our Sticky Love,Q137835829,KR,ko,이런 엿 같은 사랑,2026-06-12,7
T14,Our Sticky Love,Q137835829,KR,ko,이런 엿 같은 사랑,2026-06-13,15
T14,Our Sticky Love,Q137835829,KR,ko,이런 엿 같은 사랑,2026-06-14,15
T14,Our Sticky Love,Q137835829,KR,ko,이런 엿 같은 사랑,2026-06-15,37
T14,Our Sticky Love,Q137835829,KR,ko,이런 엿 같은 사랑,2026-06-16,15
T14,Our Sticky Love,Q137835829,KR,ko,이런 엿 같은 사랑,2026-06-17,6
T14,Our Sticky Love,Q137835829,KR,ko,이런 엿 같은 사랑,2026-06-18,15
T14,Our Sticky Love,Q137835829,KR,ko,이런 엿 같은 사랑,2026-06-19,12
T14,Our Sticky Love,Q137835829,KR,ko,이런 엿 같은 사랑,2026-06-20,12
T14,Our Sticky Love,Q137835829,KR,ko,이런 엿 같은 사랑,2026-06-21,19
T14,Our Sticky Love,Q137835829,KR,ko,이런 엿 같은 사랑,2026-06-22,30
T14,Our Sticky Love,Q137835829,KR,ko,이런 엿 같은 사랑,2026-06-23,13
T14,Our Sticky Love,Q137835829,KR,ko,이런 엿 같은 사랑,2026-06-24,6
T14,Our Sticky Love,Q137835829,KR,ko,이런 엿 같은 사랑,2026-06-25,8
T14,Our Sticky Love,Q137835829,KR,ko,이런 엿 같은 사랑,2026-06-26,14
T14,Our Sticky Love,Q137835829,KR,ko,이런 엿 같은 사랑,2026-06-27,19
T14,Our Sticky Love,Q137835829,KR,ko,이런 엿 같은 사랑,2026-06-28,12
T14,Our Sticky Love,Q137835829,KR,ko,이런 엿 같은 사랑,2026-06-29,8
T14,Our Sticky Love,Q137835829,KR,ko,이런 엿 같은 사랑,2026-06-30,12
T14,Our Sticky Love,Q137835829,KR,ko,이런 엿 같은 사랑,2026-07-01,28
T14,Our Sticky Love,Q137835829,KR,ko,이런 엿 같은 사랑,2026-07-02,17
T14,Our Sticky Love,Q137835829,KR,ko,이런 엿 같은 사랑,2026-07-03,15
T14,Our Sticky Love,Q137835829,KR,ko,이런 엿 같은 사랑,2026-07-04,6
T14,Our Sticky Love,Q137835829,KR,ko,이런 엿 같은 사랑,2026-07-05,11
T14,Our Sticky Love,Q137835829,KR,ko,이런 엿 같은 사랑,2026-07-06,11
T14,Our Sticky Love,Q137835829,KR,ko,이런 엿 같은 사랑,2026-07-07,9
T14,Our Sticky Love,Q137835829,KR,ko,이런 엿 같은 사랑,2026-07-08,18
T14,Our Sticky Love,Q137835829,KR,ko,이런 엿 같은 사랑,2026-07-09,22
T14,Our Sticky Love,Q137835829,KR,ko,이런 엿 같은 사랑,2026-07-10,84
T14,Our Sticky Love,Q137835829,KR,ko,이런 엿 같은 사랑,2026-07-11,46
T14,Our Sticky Love,Q137835829,KR,ko,이런 엿 같은 사랑,2026-07-12,31
T14,Our Sticky Love,Q137835829,KR,ko,이런 엿 같은 사랑,2026-07-13,46
T14,Our Sticky Love,Q137835829,KR,ko,이런 엿 같은 사랑,2026-07-14,17
T14,Our Sticky Love,Q137835829,KR,ko,이런 엿 같은 사랑,2026-07-15,26
T14,Our Sticky Love,Q137835829,KR,ko,이런 엿 같은 사랑,2026-07-16,56
T14,Our Sticky Love,Q137835829,KR,ko,이런 엿 같은 사랑,2026-07-17,23
T14,Our Sticky Love,Q137835829,KR,ko,이런 엿 같은 사랑,2026-07-18,22
T14,Our Sticky Love,Q137835829,KR,ko,이런 엿 같은 사랑,2026-07-19,18
T14,Our Sticky Love,Q137835829,KR,ko,이런 엿 같은 사랑,2026-07-20,10
T14,Our Sticky Love,Q137835829,KR,ko,이런 엿 같은 사랑,2026-07-21,11
T14,Our Sticky Love,Q137835829,KR,ko,이런 엿 같은 사랑,2026-07-22,9
T14,Our Sticky Love,Q137835829,KR,ko,이런 엿 같은 사랑,2026-07-23,9
T14,Our Sticky Love,Q137835829,KR,ko,이런 엿 같은 사랑,2026-07-24,60
T14,Our Sticky Love,Q137835829,KR,ko,이런 엿 같은 사랑,2026-07-25,78
T14,Our Sticky Love,Q137835829,KR,ko,이런 엿 같은 사랑,2026-07-26,51
T14,Our Sticky Love,Q137835829,KR,ko,이런 엿 같은 사랑,2026-07-27,50
T14,Our Sticky Love,Q137835829,KR,ko,이런 엿 같은 사랑,2026-07-28,48
T14,Our Sticky Love,Q137835829,KR,ko,이런 엿 같은 사랑,2026-07-29,31
T14,Our Sticky Love,Q137835829,KR,ko,이런 엿 같은 사랑,2026-07-30,30
T14,Our Sticky Love,Q137835829,KR,ko,이런 엿 같은 사랑,2026-07-31,30
T14,Our Sticky Love,Q137835829,KR,ko,이런 엿 같은 사랑,2026-08-01,66
T14,Our Sticky Love,Q137835829,KR,ko,이런 엿 같은 사랑,2026-08-02,77
T14,Our Sticky Love,Q137835829,KR,ko,이런 엿 같은 사랑,2026-08-03,37
T14,Our Sticky Love,Q137835829,KR,ko,이런 엿 같은 사랑,2026-08-04,34
T14,Our Sticky Love,Q137835829,KR,ko,이런 엿 같은 사랑,2026-08-05,72
T14,Our Sticky Love,Q137835829,KR,ko,이런 엿 같은 사랑,2026-08-06,102
T14,Our Sticky Love,Q137835829,KR,ko,이런 엿 같은 사랑,2026-08-07,1015
T14,Our Sticky Love,Q137835829,KR,ko,이런 엿 같은 사랑,2026-08-08,2613
T14,Our Sticky Love,Q137835829,KR,ko,이런 엿 같은 사랑,2026-08-09,3164
T14,Our Sticky Love,Q137835829,KR,ko,이런 엿 같은 사랑,2026-08-10,2160
T14,Our Sticky Love,Q137835829,KR,ko,이런 엿 같은 사랑,2026-08-11,2521
T14,Our Sticky Love,Q137835829,KR,ko,이런 엿 같은 사랑,2026-08-12,1802
T14,Our Sticky Love,Q137835829,KR,ko,이런 엿 같은 사랑,2026-08-13,1726
T14,Our Sticky Love,Q137835829,KR,ko,이런 엿 같은 사랑,2026-08-14,1862
T14,Our Sticky Love,Q137835829,KR,ko,이런 엿 같은 사랑,2026-08-15,1246
T14,Our Sticky Love,Q137835829,KR,ko,이런 엿 같은 사랑,2026-08-16,959
T14,Our Sticky Love,Q137835829,KR,ko,이런 엿 같은 사랑,2026-08-17,957
T14,Our Sticky Love,Q137835829,KR,ko,이런 엿 같은 사랑,2026-08-18,603
T14,Our Sticky Love,Q137835829,KR,ko,이런 엿 같은 사랑,2026-08-19,517
T14,Our Sticky Love,Q137835829,KR,ko,이런 엿 같은 사랑,2026-08-20,365
T14,Our Sticky Love,Q137835829,KR,ko,이런 엿 같은 사랑,2026-08-21,441
T14,Our Sticky Love,Q137835829,KR,ko,이런 엿 같은 사랑,2026-08-22,501
T14,Our Sticky Love,Q137835829,KR,ko,이런 엿 같은 사랑,2026-08-23,458
T14,Our Sticky Love,Q137835829,KR,ko,이런 엿 같은 사랑,2026-08-24,287
T14,Our Sticky Love,Q137835829,KR,ko,이런 엿 같은 사랑,2026-08-25,243
T14,Our Sticky Love,Q137835829,KR,ko,이런 엿 같은 사랑,2026-08-26,234
T14,Our Sticky Love,Q137835829,KR,ko,이런 엿 같은 사랑,2026-08-27,233
T14,Our Sticky Love,Q137835829,KR,ko,이런 엿 같은 사랑,2026-08-28,346
T14,Our Sticky Love,Q137835829,KR,ko,이런 엿 같은 사랑,2026-08-29,328
T14,Our Sticky Love,Q137835829,KR,ko,이런 엿 같은 사랑,2026-08-30,252
T14,Our Sticky Love,Q137835829,KR,ko,이런 엿 같은 사랑,2026-08-31,215
T14,Our Sticky Love,Q137835829,KR,ko,이런 엿 같은 사랑,2026-09-01,178
T14,Our Sticky Love,Q137835829,KR,ko,이런 엿 같은 사랑,2026-09-02,177
T14,Our Sticky Love,Q137835829,KR,ko,이런 엿 같은 사랑,2026-09-03,141
T14,Our Sticky Love,Q137835829,KR,ko,이런 엿 같은 사랑,2026-09-04,134
T14,Our Sticky Love,Q137835829,KR,ko,이런 엿 같은 사랑,2026-09-05,160
T14,Our Sticky Love,Q137835829,KR,ko,이런 엿 같은 사랑,2026-09-06,191
T14,Our Sticky Love,Q137835829,KR,ko,이런 엿 같은 사랑,2026-09-07,142
T14,Our Sticky Love,Q137835829,KR,ko,이런 엿 같은 사랑,2026-09-08,150
T14,Our Sticky Love,Q137835829,KR,ko,이런 엿 같은 사랑,2026-09-09,123
T14,Our Sticky Love,Q137835829,KR,ko,이런 엿 같은 사랑,2026-09-10,101
T14,Our Sticky Love,Q137835829,KR,ko,이런 엿 같은 사랑,2026-09-11,114
T14,Our Sticky Love,Q137835829,KR,ko,이런 엿 같은 사랑,2026-09-12,132
T14,Our Sticky Love,Q137835829,KR,ko,이런 엿 같은 사랑,2026-09-13,140
T14,Our Sticky Love,Q137835829,KR,ko,이런 엿 같은 사랑,2026-09-14,101
T14,Our Sticky Love,Q137835829,KR,ko,이런 엿 같은 사랑,2026-09-15,93
T14,Our Sticky Love,Q137835829,KR,ko,이런 엿 같은 사랑,2026-09-16,67
T14,Our Sticky Love,Q137835829,KR,ko,이런 엿 같은 사랑,2026-09-17,70
T14,Our Sticky Love,Q137835829,KR,ko,이런 엿 같은 사랑,2026-09-18,70
T14,Our Sticky Love,Q137835829,KR,ko,이런 엿 같은 사랑,2026-09-19,88
T14,Our Sticky Love,Q137835829,KR,ko,이런 엿 같은 사랑,2026-09-20,79
T17,My Life With the Walter Boys,Q113570499,DE,de,Ich und die Walter Boys,2026-06-01,0
T17,My Life With the Walter Boys,Q113570499,DE,de,Ich und die Walter Boys,2026-06-02,0
T17,My Life With the Walter Boys,Q113570499,DE,de,Ich und die Walter Boys,2026-06-03,0
T17,My Life With the Walter Boys,Q113570499,DE,de,Ich und die Walter Boys,2026-06-04,0
T17,My Life With the Walter Boys,Q113570499,DE,de,Ich und die Walter Boys,2026-06-05,0
T17,My Life With the Walter Boys,Q113570499,DE,de,Ich und die Walter Boys,2026-06-06,0
T17,My Life With the Walter Boys,Q113570499,DE,de,Ich und die Walter Boys,2026-06-07,0
T17,My Life With the Walter Boys,Q113570499,DE,de,Ich und die Walter Boys,2026-06-08,0
T17,My Life With the Walter Boys,Q113570499,DE,de,Ich und die Walter Boys,2026-06-09,0
T17,My Life With the Walter Boys,Q113570499,DE,de,Ich und die Walter Boys,2026-06-10,0
T17,My Life With the Walter Boys,Q113570499,DE,de,Ich und die Walter Boys,2026-06-11,0
T17,My Life With the Walter Boys,Q113570499,DE,de,Ich und die Walter Boys,2026-06-12,0
T17,My Life With the Walter Boys,Q113570499,DE,de,Ich und die Walter Boys,2026-06-13,0
T17,My Life With the Walter Boys,Q113570499,DE,de,Ich und die Walter Boys,2026-06-14,0
T17,My Life With the Walter Boys,Q113570499,DE,de,Ich und die Walter Boys,2026-06-15,0
T17,My Life With the Walter Boys,Q113570499,DE,de,Ich und die Walter Boys,2026-06-16,0
T17,My Life With the Walter Boys,Q113570499,DE,de,Ich und die Walter Boys,2026-06-17,0
T17,My Life With the Walter Boys,Q113570499,DE,de,Ich und die Walter Boys,2026-06-18,0
T17,My Life With the Walter Boys,Q113570499,DE,de,Ich und die Walter Boys,2026-06-19,0
T17,My Life With the Walter Boys,Q113570499,DE,de,Ich und die Walter Boys,2026-06-20,0
T17,My Life With the Walter Boys,Q113570499,DE,de,Ich und die Walter Boys,2026-06-21,0
T17,My Life With the Walter Boys,Q113570499,DE,de,Ich und die Walter Boys,2026-06-22,0
T17,My Life With the Walter Boys,Q113570499,DE,de,Ich und die Walter Boys,2026-06-23,0
T17,My Life With the Walter Boys,Q113570499,DE,de,Ich und die Walter Boys,2026-06-24,0
T17,My Life With the Walter Boys,Q113570499,DE,de,Ich und die Walter Boys,2026-06-25,0
T17,My Life With the Walter Boys,Q113570499,DE,de,Ich und die Walter Boys,2026-06-26,0
T17,My Life With the Walter Boys,Q113570499,DE,de,Ich und die Walter Boys,2026-06-27,0
T17,My Life With the Walter Boys,Q113570499,DE,de,Ich und die Walter Boys,2026-06-28,0
T17,My Life With the Walter Boys,Q113570499,DE,de,Ich und die Walter Boys,2026-06-29,0
T17,My Life With the Walter Boys,Q113570499,DE,de,Ich und die Walter Boys,2026-06-30,0
T17,My Life With the Walter Boys,Q113570499,DE,de,Ich und die Walter Boys,2026-07-01,0
T17,My Life With the Walter Boys,Q113570499,DE,de,Ich und die Walter Boys,2026-07-02,0
T17,My Life With the Walter Boys,Q113570499,DE,de,Ich und die Walter Boys,2026-07-03,0
T17,My Life With the Walter Boys,Q113570499,DE,de,Ich und die Walter Boys,2026-07-04,0
T17,My Life With the Walter Boys,Q113570499,DE,de,Ich und die Walter Boys,2026-07-05,0
T17,My Life With the Walter Boys,Q113570499,DE,de,Ich und die Walter Boys,2026-07-06,0
T17,My Life With the Walter Boys,Q113570499,DE,de,Ich und die Walter Boys,2026-07-07,0
T17,My Life With the Walter Boys,Q113570499,DE,de,Ich und die Walter Boys,2026-07-08,0
T17,My Life With the Walter Boys,Q113570499,DE,de,Ich und die Walter Boys,2026-07-09,0
T17,My Life With the Walter Boys,Q113570499,DE,de,Ich und die Walter Boys,2026-07-10,0
T17,My Life With the Walter Boys,Q113570499,DE,de,Ich und die Walter Boys,2026-07-11,0
T17,My Life With the Walter Boys,Q113570499,DE,de,Ich und die Walter Boys,2026-07-12,0
T17,My Life With the Walter Boys,Q113570499,DE,de,Ich und die Walter Boys,2026-07-13,0
T17,My Life With the Walter Boys,Q113570499,DE,de,Ich und die Walter Boys,2026-07-14,0
T17,My Life With the Walter Boys,Q113570499,DE,de,Ich und die Walter Boys,2026-07-15,0
T17,My Life With the Walter Boys,Q113570499,DE,de,Ich und die Walter Boys,2026-07-16,0
T17,My Life With the Walter Boys,Q113570499,DE,de,Ich und die Walter Boys,2026-07-17,0
T17,My Life With the Walter Boys,Q113570499,DE,de,Ich und die Walter Boys,2026-07-18,0
T17,My Life With the Walter Boys,Q113570499,DE,de,Ich und die Walter Boys,2026-07-19,0
T17,My Life With the Walter Boys,Q113570499,DE,de,Ich und die Walter Boys,2026-07-20,0
T17,My Life With the Walter Boys,Q113570499,DE,de,Ich und die Walter Boys,2026-07-21,0
T17,My Life With the Walter Boys,Q113570499,DE,de,Ich und die Walter Boys,2026-07-22,0
T17,My Life With the Walter Boys,Q113570499,DE,de,Ich und die Walter Boys,2026-07-23,0
T17,My Life With the Walter Boys,Q113570499,DE,de,Ich und die Walter Boys,2026-07-24,0
T17,My Life With the Walter Boys,Q113570499,DE,de,Ich und die Walter Boys,2026-07-25,0
T17,My Life With the Walter Boys,Q113570499,DE,de,Ich und die Walter Boys,2026-07-26,0
T17,My Life With the Walter Boys,Q113570499,DE,de,Ich und die Walter Boys,2026-07-27,0
T17,My Life With the Walter Boys,Q113570499,DE,de,Ich und die Walter Boys,2026-07-28,0
T17,My Life With the Walter Boys,Q113570499,DE,de,Ich und die Walter Boys,2026-07-29,0
T17,My Life With the Walter Boys,Q113570499,DE,de,Ich und die Walter Boys,2026-07-30,0
T17,My Life With the Walter Boys,Q113570499,DE,de,Ich und die Walter Boys,2026-07-31,0
T17,My Life With the Walter Boys,Q113570499,DE,de,Ich und die Walter Boys,2026-08-01,0
T17,My Life With the Walter Boys,Q113570499,DE,de,Ich und die Walter Boys,2026-08-02,0
T17,My Life With the Walter Boys,Q113570499,DE,de,Ich und die Walter Boys,2026-08-03,0
T17,My Life With the Walter Boys,Q113570499,DE,de,Ich und die Walter Boys,2026-08-04,0
T17,My Life With the Walter Boys,Q113570499,DE,de,Ich und die Walter Boys,2026-08-05,0
T17,My Life With the Walter Boys,Q113570499,DE,de,Ich und die Walter Boys,2026-08-06,0
T17,My Life With the Walter Boys,Q113570499,DE,de,Ich und die Walter Boys,2026-08-07,0
T17,My Life With the Walter Boys,Q113570499,DE,de,Ich und die Walter Boys,2026-08-08,0
T17,My Life With the Walter Boys,Q113570499,DE,de,Ich und die Walter Boys,2026-08-09,0
T17,My Life With the Walter Boys,Q113570499,DE,de,Ich und die Walter Boys,2026-08-10,0
T17,My Life With the Walter Boys,Q113570499,DE,de,Ich und die Walter Boys,2026-08-11,0
T17,My Life With the Walter Boys,Q113570499,DE,de,Ich und die Walter Boys,2026-08-12,0
T17,My Life With the Walter Boys,Q113570499,DE,de,Ich und die Walter Boys,2026-08-13,0
T17,My Life With the Walter Boys,Q113570499,DE,de,Ich und die Walter Boys,2026-08-14,0
T17,My Life With the Walter Boys,Q113570499,DE,de,Ich und die Walter Boys,2026-08-15,0
T17,My Life With the Walter Boys,Q113570499,DE,de,Ich und die Walter Boys,2026-08-16,0
T17,My Life With the Walter Boys,Q113570499,DE,de,Ich und die Walter Boys,2026-08-17,872
T17,My Life With the Walter Boys,Q113570499,DE,de,Ich und die Walter Boys,2026-08-18,1623
T17,My Life With the Walter Boys,Q113570499,DE,de,Ich und die Walter Boys,2026-08-19,1368
T17,My Life With the Walter Boys,Q113570499,DE,de,Ich und die Walter Boys,2026-08-20,1181
T17,My Life With the Walter Boys,Q113570499,DE,de,Ich und die Walter Boys,2026-08-21,1245
T17,My Life With the Walter Boys,Q113570499,DE,de,Ich und die Walter Boys,2026-08-22,1120
T17,My Life With the Walter Boys,Q113570499,DE,de,Ich und die Walter Boys,2026-08-23,1246
T17,My Life With the Walter Boys,Q113570499,DE,de,Ich und die Walter Boys,2026-08-24,918
T17,My Life With the Walter Boys,Q113570499,DE,de,Ich und die Walter Boys,2026-08-25,1170
T17,My Life With the Walter Boys,Q113570499,DE,de,Ich und die Walter Boys,2026-08-26,921
T17,My Life With the Walter Boys,Q113570499,DE,de,Ich und die Walter Boys,2026-08-27,874
T17,My Life With the Walter Boys,Q113570499,DE,de,Ich und die Walter Boys,2026-08-28,911
T17,My Life With the Walter Boys,Q113570499,DE,de,Ich und die Walter Boys,2026-08-29,814
T17,My Life With the Walter Boys,Q113570499,DE,de,Ich und die Walter Boys,2026-08-30,1033
T17,My Life With the Walter Boys,Q113570499,DE,de,Ich und die Walter Boys,2026-08-31,875
T17,My Life With the Walter Boys,Q113570499,DE,de,Ich und die Walter Boys,2026-09-01,799
T17,My Life With the Walter Boys,Q113570499,DE,de,Ich und die Walter Boys,2026-09-02,703
T17,My Life With the Walter Boys,Q113570499,DE,de,Ich und die Walter Boys,2026-09-03,668
T17,My Life With the Walter Boys,Q113570499,DE,de,Ich und die Walter Boys,2026-09-04,704
T17,My Life With the Walter Boys,Q113570499,DE,de,Ich und die Walter Boys,2026-09-05,686
T17,My Life With the Walter Boys,Q113570499,DE,de,Ich und die Walter Boys,2026-09-06,669
T17,My Life With the Walter Boys,Q113570499,DE,de,Ich und die Walter Boys,2026-09-07,583
T17,My Life With the Walter Boys,Q113570499,DE,de,Ich und die Walter Boys,2026-09-08,527
T17,My Life With the Walter Boys,Q113570499,DE,de,Ich und die Walter Boys,2026-09-09,526
T17,My Life With the Walter Boys,Q113570499,DE,de,Ich und die Walter Boys,2026-09-10,472
T17,My Life With the Walter Boys,Q113570499,DE,de,Ich und die Walter Boys,2026-09-11,436
T17,My Life With the Walter Boys,Q113570499,DE,de,Ich und die Walter Boys,2026-09-12,405
T17,My Life With the Walter Boys,Q113570499,DE,de,Ich und die Walter Boys,2026-09-13,541
T17,My Life With the Walter Boys,Q113570499,DE,de,Ich und die Walter Boys,2026-09-14,423
T17,My Life With the Walter Boys,Q113570499,DE,de,Ich und die Walter Boys,2026-09-15,421
T17,My Life With the Walter Boys,Q113570499,DE,de,Ich und die Walter Boys,2026-09-16,401
T17,My Life With the Walter Boys,Q113570499,DE,de,Ich und die Walter Boys,2026-09-17,374
T17,My Life With the Walter Boys,Q113570499,DE,de,Ich und die Walter Boys,2026-09-18,336
T17,My Life With the Walter Boys,Q113570499,DE,de,Ich und die Walter Boys,2026-09-19,341
T17,My Life With the Walter Boys,Q113570499,DE,de,Ich und die Walter Boys,2026-09-20,432
T17,My Life With the Walter Boys,Q113570499,FR,fr,Ma vie avec les Walter Boys,2026-06-01,102
T17,My Life With the Walter Boys,Q113570499,FR,fr,Ma vie avec les Walter Boys,2026-06-02,128
T17,My Life With the Walter Boys,Q113570499,FR,fr,Ma vie avec les Walter Boys,2026-06-03,95
T17,My Life With the Walter Boys,Q113570499,FR,fr,Ma vie avec les Walter Boys,2026-06-04,107
T17,My Life With the Walter Boys,Q113570499,FR,fr,Ma vie avec les Walter Boys,2026-06-05,100
T17,My Life With the Walter Boys,Q113570499,FR,fr,Ma vie avec les Walter Boys,2026-06-06,158
T17,My Life With the Walter Boys,Q113570499,FR,fr,Ma vie avec les Walter Boys,2026-06-07,141
T17,My Life With the Walter Boys,Q113570499,FR,fr,Ma vie avec les Walter Boys,2026-06-08,143
T17,My Life With the Walter Boys,Q113570499,FR,fr,Ma vie avec les Walter Boys,2026-06-09,102
T17,My Life With the Walter Boys,Q113570499,FR,fr,Ma vie avec les Walter Boys,2026-06-10,103
T17,My Life With the Walter Boys,Q113570499,FR,fr,Ma vie avec les Walter Boys,2026-06-11,137
T17,My Life With the Walter Boys,Q113570499,FR,fr,Ma vie avec les Walter Boys,2026-06-12,121
T17,My Life With the Walter Boys,Q113570499,FR,fr,Ma vie avec les Walter Boys,2026-06-13,91
T17,My Life With the Walter Boys,Q113570499,FR,fr,Ma vie avec les Walter Boys,2026-06-14,130
T17,My Life With the Walter Boys,Q113570499,FR,fr,Ma vie avec les Walter Boys,2026-06-15,128
T17,My Life With the Walter Boys,Q113570499,FR,fr,Ma vie avec les Walter Boys,2026-06-16,82
T17,My Life With the Walter Boys,Q113570499,FR,fr,Ma vie avec les Walter Boys,2026-06-17,114
T17,My Life With the Walter Boys,Q113570499,FR,fr,Ma vie avec les Walter Boys,2026-06-18,92
T17,My Life With the Walter Boys,Q113570499,FR,fr,Ma vie avec les Walter Boys,2026-06-19,94
T17,My Life With the Walter Boys,Q113570499,FR,fr,Ma vie avec les Walter Boys,2026-06-20,92
T17,My Life With the Walter Boys,Q113570499,FR,fr,Ma vie avec les Walter Boys,2026-06-21,105
T17,My Life With the Walter Boys,Q113570499,FR,fr,Ma vie avec les Walter Boys,2026-06-22,105
T17,My Life With the Walter Boys,Q113570499,FR,fr,Ma vie avec les Walter Boys,2026-06-23,105
T17,My Life With the Walter Boys,Q113570499,FR,fr,Ma vie avec les Walter Boys,2026-06-24,171
T17,My Life With the Walter Boys,Q113570499,FR,fr,Ma vie avec les Walter Boys,2026-06-25,182
T17,My Life With the Walter Boys,Q113570499,FR,fr,Ma vie avec les Walter Boys,2026-06-26,171
T17,My Life With the Walter Boys,Q113570499,FR,fr,Ma vie avec les Walter Boys,2026-06-27,147
T17,My Life With the Walter Boys,Q113570499,FR,fr,Ma vie avec les Walter Boys,2026-06-28,139
T17,My Life With the Walter Boys,Q113570499,FR,fr,Ma vie avec les Walter Boys,2026-06-29,143
T17,My Life With the Walter Boys,Q113570499,FR,fr,Ma vie avec les Walter Boys,2026-06-30,133
T17,My Life With the Walter Boys,Q113570499,FR,fr,Ma vie avec les Walter Boys,2026-07-01,95
T17,My Life With the Walter Boys,Q113570499,FR,fr,Ma vie avec les Walter Boys,2026-07-02,127
T17,My Life With the Walter Boys,Q113570499,FR,fr,Ma vie avec les Walter Boys,2026-07-03,97
T17,My Life With the Walter Boys,Q113570499,FR,fr,Ma vie avec les Walter Boys,2026-07-04,93
T17,My Life With the Walter Boys,Q113570499,FR,fr,Ma vie avec les Walter Boys,2026-07-05,120
T17,My Life With the Walter Boys,Q113570499,FR,fr,Ma vie avec les Walter Boys,2026-07-06,111
T17,My Life With the Walter Boys,Q113570499,FR,fr,Ma vie avec les Walter Boys,2026-07-07,117
T17,My Life With the Walter Boys,Q113570499,FR,fr,Ma vie avec les Walter Boys,2026-07-08,96
T17,My Life With the Walter Boys,Q113570499,FR,fr,Ma vie avec les Walter Boys,2026-07-09,132
T17,My Life With the Walter Boys,Q113570499,FR,fr,Ma vie avec les Walter Boys,2026-07-10,95
T17,My Life With the Walter Boys,Q113570499,FR,fr,Ma vie avec les Walter Boys,2026-07-11,129
T17,My Life With the Walter Boys,Q113570499,FR,fr,Ma vie avec les Walter Boys,2026-07-12,159
T17,My Life With the Walter Boys,Q113570499,FR,fr,Ma vie avec les Walter Boys,2026-07-13,151
T17,My Life With the Walter Boys,Q113570499,FR,fr,Ma vie avec les Walter Boys,2026-07-14,151
T17,My Life With the Walter Boys,Q113570499,FR,fr,Ma vie avec les Walter Boys,2026-07-15,258
T17,My Life With the Walter Boys,Q113570499,FR,fr,Ma vie avec les Walter Boys,2026-07-16,281
T17,My Life With the Walter Boys,Q113570499,FR,fr,Ma vie avec les Walter Boys,2026-07-17,200
T17,My Life With the Walter Boys,Q113570499,FR,fr,Ma vie avec les Walter Boys,2026-07-18,198
T17,My Life With the Walter Boys,Q113570499,FR,fr,Ma vie avec les Walter Boys,2026-07-19,187
T17,My Life With the Walter Boys,Q113570499,FR,fr,Ma vie avec les Walter Boys,2026-07-20,205
T17,My Life With the Walter Boys,Q113570499,FR,fr,Ma vie avec les Walter Boys,2026-07-21,207
T17,My Life With the Walter Boys,Q113570499,FR,fr,Ma vie avec les Walter Boys,2026-07-22,183
T17,My Life With the Walter Boys,Q113570499,FR,fr,Ma vie avec les Walter Boys,2026-07-23,199
T17,My Life With the Walter Boys,Q113570499,FR,fr,Ma vie avec les Walter Boys,2026-07-24,194
T17,My Life With the Walter Boys,Q113570499,FR,fr,Ma vie avec les Walter Boys,2026-07-25,160
T17,My Life With the Walter Boys,Q113570499,FR,fr,Ma vie avec les Walter Boys,2026-07-26,248
T17,My Life With the Walter Boys,Q113570499,FR,fr,Ma vie avec les Walter Boys,2026-07-27,221
T17,My Life With the Walter Boys,Q113570499,FR,fr,Ma vie avec les Walter Boys,2026-07-28,195
T17,My Life With the Walter Boys,Q113570499,FR,fr,Ma vie avec les Walter Boys,2026-07-29,224
T17,My Life With the Walter Boys,Q113570499,FR,fr,Ma vie avec les Walter Boys,2026-07-30,210
T17,My Life With the Walter Boys,Q113570499,FR,fr,Ma vie avec les Walter Boys,2026-07-31,266
T17,My Life With the Walter Boys,Q113570499,FR,fr,Ma vie avec les Walter Boys,2026-08-01,262
T17,My Life With the Walter Boys,Q113570499,FR,fr,Ma vie avec les Walter Boys,2026-08-02,394
T17,My Life With the Walter Boys,Q113570499,FR,fr,Ma vie avec les Walter Boys,2026-08-03,385
T17,My Life With the Walter Boys,Q113570499,FR,fr,Ma vie avec les Walter Boys,2026-08-04,362
T17,My Life With the Walter Boys,Q113570499,FR,fr,Ma vie avec les Walter Boys,2026-08-05,510
T17,My Life With the Walter Boys,Q113570499,FR,fr,Ma vie avec les Walter Boys,2026-08-06,2933
T17,My Life With the Walter Boys,Q113570499,FR,fr,Ma vie avec les Walter Boys,2026-08-07,3166
T17,My Life With the Walter Boys,Q113570499,FR,fr,Ma vie avec les Walter Boys,2026-08-08,3084
T17,My Life With the Walter Boys,Q113570499,FR,fr,Ma vie avec les Walter Boys,2026-08-09,3317
T17,My Life With the Walter Boys,Q113570499,FR,fr,Ma vie avec les Walter Boys,2026-08-10,2897
T17,My Life With the Walter Boys,Q113570499,FR,fr,Ma vie avec les Walter Boys,2026-08-11,2458
T17,My Life With the Walter Boys,Q113570499,FR,fr,Ma vie avec les Walter Boys,2026-08-12,1940
T17,My Life With the Walter Boys,Q113570499,FR,fr,Ma vie avec les Walter Boys,2026-08-13,1997
T17,My Life With the Walter Boys,Q113570499,FR,fr,Ma vie avec les Walter Boys,2026-08-14,1787
T17,My Life With the Walter Boys,Q113570499,FR,fr,Ma vie avec les Walter Boys,2026-08-15,1772
T17,My Life With the Walter Boys,Q113570499,FR,fr,Ma vie avec les Walter Boys,2026-08-16,1826
T17,My Life With the Walter Boys,Q113570499,FR,fr,Ma vie avec les Walter Boys,2026-08-17,1595
T17,My Life With the Walter Boys,Q113570499,FR,fr,Ma vie avec les Walter Boys,2026-08-18,1454
T17,My Life With the Walter Boys,Q113570499,FR,fr,Ma vie avec les Walter Boys,2026-08-19,1354
T17,My Life With the Walter Boys,Q113570499,FR,fr,Ma vie avec les Walter Boys,2026-08-20,1190
T17,My Life With the Walter Boys,Q113570499,FR,fr,Ma vie avec les Walter Boys,2026-08-21,1081
T17,My Life With the Walter Boys,Q113570499,FR,fr,Ma vie avec les Walter Boys,2026-08-22,942
T17,My Life With the Walter Boys,Q113570499,FR,fr,Ma vie avec les Walter Boys,2026-08-23,1114
T17,My Life With the Walter Boys,Q113570499,FR,fr,Ma vie avec les Walter Boys,2026-08-24,1012
T17,My Life With the Walter Boys,Q113570499,FR,fr,Ma vie avec les Walter Boys,2026-08-25,866
T17,My Life With the Walter Boys,Q113570499,FR,fr,Ma vie avec les Walter Boys,2026-08-26,849
T17,My Life With the Walter Boys,Q113570499,FR,fr,Ma vie avec les Walter Boys,2026-08-27,927
T17,My Life With the Walter Boys,Q113570499,FR,fr,Ma vie avec les Walter Boys,2026-08-28,690
T17,My Life With the Walter Boys,Q113570499,FR,fr,Ma vie avec les Walter Boys,2026-08-29,710
T17,My Life With the Walter Boys,Q113570499,FR,fr,Ma vie avec les Walter Boys,2026-08-30,799
T17,My Life With the Walter Boys,Q113570499,FR,fr,Ma vie avec les Walter Boys,2026-08-31,602
T17,My Life With the Walter Boys,Q113570499,FR,fr,Ma vie avec les Walter Boys,2026-09-01,513
T17,My Life With the Walter Boys,Q113570499,FR,fr,Ma vie avec les Walter Boys,2026-09-02,477
T17,My Life With the Walter Boys,Q113570499,FR,fr,Ma vie avec les Walter Boys,2026-09-03,477
T17,My Life With the Walter Boys,Q113570499,FR,fr,Ma vie avec les Walter Boys,2026-09-04,419
T17,My Life With the Walter Boys,Q113570499,FR,fr,Ma vie avec les Walter Boys,2026-09-05,464
T17,My Life With the Walter Boys,Q113570499,FR,fr,Ma vie avec les Walter Boys,2026-09-06,451
T17,My Life With the Walter Boys,Q113570499,FR,fr,Ma vie avec les Walter Boys,2026-09-07,430
T17,My Life With the Walter Boys,Q113570499,FR,fr,Ma vie avec les Walter Boys,2026-09-08,394
T17,My Life With the Walter Boys,Q113570499,FR,fr,Ma vie avec les Walter Boys,2026-09-09,408
T17,My Life With the Walter Boys,Q113570499,FR,fr,Ma vie avec les Walter Boys,2026-09-10,345
T17,My Life With the Walter Boys,Q113570499,FR,fr,Ma vie avec les Walter Boys,2026-09-11,285
T17,My Life With the Walter Boys,Q113570499,FR,fr,Ma vie avec les Walter Boys,2026-09-12,323
T17,My Life With the Walter Boys,Q113570499,FR,fr,Ma vie avec les Walter Boys,2026-09-13,375
T17,My Life With the Walter Boys,Q113570499,FR,fr,Ma vie avec les Walter Boys,2026-09-14,297
T17,My Life With the Walter Boys,Q113570499,FR,fr,Ma vie avec les Walter Boys,2026-09-15,221
T17,My Life With the Walter Boys,Q113570499,FR,fr,Ma vie avec les Walter Boys,2026-09-16,246
T17,My Life With the Walter Boys,Q113570499,FR,fr,Ma vie avec les Walter Boys,2026-09-17,238
T17,My Life With the Walter Boys,Q113570499,FR,fr,Ma vie avec les Walter Boys,2026-09-18,227
T17,My Life With the Walter Boys,Q113570499,FR,fr,Ma vie avec les Walter Boys,2026-09-19,229
T17,My Life With the Walter Boys,Q113570499,FR,fr,Ma vie avec les Walter Boys,2026-09-20,296
T17,My Life With the Walter Boys,Q113570499,BR,pt,My Life with the Walter Boys,2026-06-01,11
T17,My Life With the Walter Boys,Q113570499,BR,pt,My Life with the Walter Boys,2026-06-02,7
T17,My Life With the Walter Boys,Q113570499,BR,pt,My Life with the Walter Boys,2026-06-03,8
T17,My Life With the Walter Boys,Q113570499,BR,pt,My Life with the Walter Boys,2026-06-04,13
T17,My Life With the Walter Boys,Q113570499,BR,pt,My Life with the Walter Boys,2026-06-05,10
T17,My Life With the Walter Boys,Q113570499,BR,pt,My Life with the Walter Boys,2026-06-06,8
T17,My Life With the Walter Boys,Q113570499,BR,pt,My Life with the Walter Boys,2026-06-07,16
T17,My Life With the Walter Boys,Q113570499,BR,pt,My Life with the Walter Boys,2026-06-08,17
T17,My Life With the Walter Boys,Q113570499,BR,pt,My Life with the Walter Boys,2026-06-09,14
T17,My Life With the Walter Boys,Q113570499,BR,pt,My Life with the Walter Boys,2026-06-10,5
T17,My Life With the Walter Boys,Q113570499,BR,pt,My Life with the Walter Boys,2026-06-11,7
T17,My Life With the Walter Boys,Q113570499,BR,pt,My Life with the Walter Boys,2026-06-12,2
T17,My Life With the Walter Boys,Q113570499,BR,pt,My Life with the Walter Boys,2026-06-13,9
T17,My Life With the Walter Boys,Q113570499,BR,pt,My Life with the Walter Boys,2026-06-14,6
T17,My Life With the Walter Boys,Q113570499,BR,pt,My Life with the Walter Boys,2026-06-15,12
T17,My Life With the Walter Boys,Q113570499,BR,pt,My Life with the Walter Boys,2026-06-16,7
T17,My Life With the Walter Boys,Q113570499,BR,pt,My Life with the Walter Boys,2026-06-17,9
T17,My Life With the Walter Boys,Q113570499,BR,pt,My Life with the Walter Boys,2026-06-18,10
T17,My Life With the Walter Boys,Q113570499,BR,pt,My Life with the Walter Boys,2026-06-19,6
T17,My Life With the Walter Boys,Q113570499,BR,pt,My Life with the Walter Boys,2026-06-20,13
T17,My Life With the Walter Boys,Q113570499,BR,pt,My Life with the Walter Boys,2026-06-21,7
T17,My Life With the Walter Boys,Q113570499,BR,pt,My Life with the Walter Boys,2026-06-22,17
T17,My Life With the Walter Boys,Q113570499,BR,pt,My Life with the Walter Boys,2026-06-23,18
T17,My Life With the Walter Boys,Q113570499,BR,pt,My Life with the Walter Boys,2026-06-24,18
T17,My Life With the Walter Boys,Q113570499,BR,pt,My Life with the Walter Boys,2026-06-25,16
T17,My Life With the Walter Boys,Q113570499,BR,pt,My Life with the Walter Boys,2026-06-26,8
T17,My Life With the Walter Boys,Q113570499,BR,pt,My Life with the Walter Boys,2026-06-27,12
T17,My Life With the Walter Boys,Q113570499,BR,pt,My Life with the Walter Boys,2026-06-28,21
T17,My Life With the Walter Boys,Q113570499,BR,pt,My Life with the Walter Boys,2026-06-29,15
T17,My Life With the Walter Boys,Q113570499,BR,pt,My Life with the Walter Boys,2026-06-30,10
T17,My Life With the Walter Boys,Q113570499,BR,pt,My Life with the Walter Boys,2026-07-01,7
T17,My Life With the Walter Boys,Q113570499,BR,pt,My Life with the Walter Boys,2026-07-02,11
T17,My Life With the Walter Boys,Q113570499,BR,pt,My Life with the Walter Boys,2026-07-03,13
T17,My Life With the Walter Boys,Q113570499,BR,pt,My Life with the Walter Boys,2026-07-04,8
T17,My Life With the Walter Boys,Q113570499,BR,pt,My Life with the Walter Boys,2026-07-05,10
T17,My Life With the Walter Boys,Q113570499,BR,pt,My Life with the Walter Boys,2026-07-06,5
T17,My Life With the Walter Boys,Q113570499,BR,pt,My Life with the Walter Boys,2026-07-07,10
T17,My Life With the Walter Boys,Q113570499,BR,pt,My Life with the Walter Boys,2026-07-08,10
T17,My Life With the Walter Boys,Q113570499,BR,pt,My Life with the Walter Boys,2026-07-09,7
T17,My Life With the Walter Boys,Q113570499,BR,pt,My Life with the Walter Boys,2026-07-10,9
T17,My Life With the Walter Boys,Q113570499,BR,pt,My Life with the Walter Boys,2026-07-11,10
T17,My Life With the Walter Boys,Q113570499,BR,pt,My Life with the Walter Boys,2026-07-12,21
T17,My Life With the Walter Boys,Q113570499,BR,pt,My Life with the Walter Boys,2026-07-13,13
T17,My Life With the Walter Boys,Q113570499,BR,pt,My Life with the Walter Boys,2026-07-14,12
T17,My Life With the Walter Boys,Q113570499,BR,pt,My Life with the Walter Boys,2026-07-15,31
T17,My Life With the Walter Boys,Q113570499,BR,pt,My Life with the Walter Boys,2026-07-16,30
T17,My Life With the Walter Boys,Q113570499,BR,pt,My Life with the Walter Boys,2026-07-17,10
T17,My Life With the Walter Boys,Q113570499,BR,pt,My Life with the Walter Boys,2026-07-18,20
T17,My Life With the Walter Boys,Q113570499,BR,pt,My Life with the Walter Boys,2026-07-19,13
T17,My Life With the Walter Boys,Q113570499,BR,pt,My Life with the Walter Boys,2026-07-20,9
T17,My Life With the Walter Boys,Q113570499,BR,pt,My Life with the Walter Boys,2026-07-21,11
T17,My Life With the Walter Boys,Q113570499,BR,pt,My Life with the Walter Boys,2026-07-22,20
T17,My Life With the Walter Boys,Q113570499,BR,pt,My Life with the Walter Boys,2026-07-23,16
T17,My Life With the Walter Boys,Q113570499,BR,pt,My Life with the Walter Boys,2026-07-24,16
T17,My Life With the Walter Boys,Q113570499,BR,pt,My Life with the Walter Boys,2026-07-25,25
T17,My Life With the Walter Boys,Q113570499,BR,pt,My Life with the Walter Boys,2026-07-26,27
T17,My Life With the Walter Boys,Q113570499,BR,pt,My Life with the Walter Boys,2026-07-27,23
T17,My Life With the Walter Boys,Q113570499,BR,pt,My Life with the Walter Boys,2026-07-28,20
T17,My Life With the Walter Boys,Q113570499,BR,pt,My Life with the Walter Boys,2026-07-29,12
T17,My Life With the Walter Boys,Q113570499,BR,pt,My Life with the Walter Boys,2026-07-30,20
T17,My Life With the Walter Boys,Q113570499,BR,pt,My Life with the Walter Boys,2026-07-31,22
T17,My Life With the Walter Boys,Q113570499,BR,pt,My Life with the Walter Boys,2026-08-01,19
T17,My Life With the Walter Boys,Q113570499,BR,pt,My Life with the Walter Boys,2026-08-02,26
T17,My Life With the Walter Boys,Q113570499,BR,pt,My Life with the Walter Boys,2026-08-03,36
T17,My Life With the Walter Boys,Q113570499,BR,pt,My Life with the Walter Boys,2026-08-04,26
T17,My Life With the Walter Boys,Q113570499,BR,pt,My Life with the Walter Boys,2026-08-05,40
T17,My Life With the Walter Boys,Q113570499,BR,pt,My Life with the Walter Boys,2026-08-06,154
T17,My Life With the Walter Boys,Q113570499,BR,pt,My Life with the Walter Boys,2026-08-07,199
T17,My Life With the Walter Boys,Q113570499,BR,pt,My Life with the Walter Boys,2026-08-08,217
T17,My Life With the Walter Boys,Q113570499,BR,pt,My Life with the Walter Boys,2026-08-09,188
T17,My Life With the Walter Boys,Q113570499,BR,pt,My Life with the Walter Boys,2026-08-10,180
T17,My Life With the Walter Boys,Q113570499,BR,pt,My Life with the Walter Boys,2026-08-11,163
T17,My Life With the Walter Boys,Q113570499,BR,pt,My Life with the Walter Boys,2026-08-12,121
T17,My Life With the Walter Boys,Q113570499,BR,pt,My Life with the Walter Boys,2026-08-13,120
T17,My Life With the Walter Boys,Q113570499,BR,pt,My Life with the Walter Boys,2026-08-14,100
T17,My Life With the Walter Boys,Q113570499,BR,pt,My Life with the Walter Boys,2026-08-15,131
T17,My Life With the Walter Boys,Q113570499,BR,pt,My Life with the Walter Boys,2026-08-16,134
T17,My Life With the Walter Boys,Q113570499,BR,pt,My Life with the Walter Boys,2026-08-17,114
T17,My Life With the Walter Boys,Q113570499,BR,pt,My Life with the Walter Boys,2026-08-18,88
T17,My Life With the Walter Boys,Q113570499,BR,pt,My Life with the Walter Boys,2026-08-19,56
T17,My Life With the Walter Boys,Q113570499,BR,pt,My Life with the Walter Boys,2026-08-20,57
T17,My Life With the Walter Boys,Q113570499,BR,pt,My Life with the Walter Boys,2026-08-21,60
T17,My Life With the Walter Boys,Q113570499,BR,pt,My Life with the Walter Boys,2026-08-22,46
T17,My Life With the Walter Boys,Q113570499,BR,pt,My Life with the Walter Boys,2026-08-23,58
T17,My Life With the Walter Boys,Q113570499,BR,pt,My Life with the Walter Boys,2026-08-24,55
T17,My Life With the Walter Boys,Q113570499,BR,pt,My Life with the Walter Boys,2026-08-25,51
T17,My Life With the Walter Boys,Q113570499,BR,pt,My Life with the Walter Boys,2026-08-26,47
T17,My Life With the Walter Boys,Q113570499,BR,pt,My Life with the Walter Boys,2026-08-27,44
T17,My Life With the Walter Boys,Q113570499,BR,pt,My Life with the Walter Boys,2026-08-28,38
T17,My Life With the Walter Boys,Q113570499,BR,pt,My Life with the Walter Boys,2026-08-29,39
T17,My Life With the Walter Boys,Q113570499,BR,pt,My Life with the Walter Boys,2026-08-30,42
T17,My Life With the Walter Boys,Q113570499,BR,pt,My Life with the Walter Boys,2026-08-31,32
T17,My Life With the Walter Boys,Q113570499,BR,pt,My Life with the Walter Boys,2026-09-01,38
T17,My Life With the Walter Boys,Q113570499,BR,pt,My Life with the Walter Boys,2026-09-02,24
T17,My Life With the Walter Boys,Q113570499,BR,pt,My Life with the Walter Boys,2026-09-03,26
T17,My Life With the Walter Boys,Q113570499,BR,pt,My Life with the Walter Boys,2026-09-04,22
T17,My Life With the Walter Boys,Q113570499,BR,pt,My Life with the Walter Boys,2026-09-05,22
T17,My Life With the Walter Boys,Q113570499,BR,pt,My Life with the Walter Boys,2026-09-06,33
T17,My Life With the Walter Boys,Q113570499,BR,pt,My Life with the Walter Boys,2026-09-07,28
T17,My Life With the Walter Boys,Q113570499,BR,pt,My Life with the Walter Boys,2026-09-08,25
T17,My Life With the Walter Boys,Q113570499,BR,pt,My Life with the Walter Boys,2026-09-09,21
T17,My Life With the Walter Boys,Q113570499,BR,pt,My Life with the Walter Boys,2026-09-10,15
T17,My Life With the Walter Boys,Q113570499,BR,pt,My Life with the Walter Boys,2026-09-11,31
T17,My Life With the Walter Boys,Q113570499,BR,pt,My Life with the Walter Boys,2026-09-12,19
T17,My Life With the Walter Boys,Q113570499,BR,pt,My Life with the Walter Boys,2026-09-13,24
T17,My Life With the Walter Boys,Q113570499,BR,pt,My Life with the Walter Boys,2026-09-14,18
T17,My Life With the Walter Boys,Q113570499,BR,pt,My Life with the Walter Boys,2026-09-15,15
T17,My Life With the Walter Boys,Q113570499,BR,pt,My Life with the Walter Boys,2026-09-16,11
T17,My Life With the Walter Boys,Q113570499,BR,pt,My Life with the Walter Boys,2026-09-17,10
T17,My Life With the Walter Boys,Q113570499,BR,pt,My Life with the Walter Boys,2026-09-18,7
T17,My Life With the Walter Boys,Q113570499,BR,pt,My Life with the Walter Boys,2026-09-19,7
T17,My Life With the Walter Boys,Q113570499,BR,pt,My Life with the Walter Boys,2026-09-20,18
T17,My Life With the Walter Boys,Q113570499,IT,it,Uno splendido errore,2026-06-01,119
T17,My Life With the Walter Boys,Q113570499,IT,it,Uno splendido errore,2026-06-02,160
T17,My Life With the Walter Boys,Q113570499,IT,it,Uno splendido errore,2026-06-03,147
T17,My Life With the Walter Boys,Q113570499,IT,it,Uno splendido errore,2026-06-04,132
T17,My Life With the Walter Boys,Q113570499,IT,it,Uno splendido errore,2026-06-05,119
T17,My Life With the Walter Boys,Q113570499,IT,it,Uno splendido errore,2026-06-06,126
T17,My Life With the Walter Boys,Q113570499,IT,it,Uno splendido errore,2026-06-07,160
T17,My Life With the Walter Boys,Q113570499,IT,it,Uno splendido errore,2026-06-08,142
T17,My Life With the Walter Boys,Q113570499,IT,it,Uno splendido errore,2026-06-09,127
T17,My Life With the Walter Boys,Q113570499,IT,it,Uno splendido errore,2026-06-10,153
T17,My Life With the Walter Boys,Q113570499,IT,it,Uno splendido errore,2026-06-11,138
T17,My Life With the Walter Boys,Q113570499,IT,it,Uno splendido errore,2026-06-12,136
T17,My Life With the Walter Boys,Q113570499,IT,it,Uno splendido errore,2026-06-13,117
T17,My Life With the Walter Boys,Q113570499,IT,it,Uno splendido errore,2026-06-14,111
T17,My Life With the Walter Boys,Q113570499,IT,it,Uno splendido errore,2026-06-15,133
T17,My Life With the Walter Boys,Q113570499,IT,it,Uno splendido errore,2026-06-16,115
T17,My Life With the Walter Boys,Q113570499,IT,it,Uno splendido errore,2026-06-17,132
T17,My Life With the Walter Boys,Q113570499,IT,it,Uno splendido errore,2026-06-18,98
T17,My Life With the Walter Boys,Q113570499,IT,it,Uno splendido errore,2026-06-19,106
T17,My Life With the Walter Boys,Q113570499,IT,it,Uno splendido errore,2026-06-20,92
T17,My Life With the Walter Boys,Q113570499,IT,it,Uno splendido errore,2026-06-21,135
T17,My Life With the Walter Boys,Q113570499,IT,it,Uno splendido errore,2026-06-22,91
T17,My Life With the Walter Boys,Q113570499,IT,it,Uno splendido errore,2026-06-23,95
T17,My Life With the Walter Boys,Q113570499,IT,it,Uno splendido errore,2026-06-24,173
T17,My Life With the Walter Boys,Q113570499,IT,it,Uno splendido errore,2026-06-25,206
T17,My Life With the Walter Boys,Q113570499,IT,it,Uno splendido errore,2026-06-26,196
T17,My Life With the Walter Boys,Q113570499,IT,it,Uno splendido errore,2026-06-27,165
T17,My Life With the Walter Boys,Q113570499,IT,it,Uno splendido errore,2026-06-28,145
T17,My Life With the Walter Boys,Q113570499,IT,it,Uno splendido errore,2026-06-29,150
T17,My Life With the Walter Boys,Q113570499,IT,it,Uno splendido errore,2026-06-30,153
T17,My Life With the Walter Boys,Q113570499,IT,it,Uno splendido errore,2026-07-01,156
T17,My Life With the Walter Boys,Q113570499,IT,it,Uno splendido errore,2026-07-02,124
T17,My Life With the Walter Boys,Q113570499,IT,it,Uno splendido errore,2026-07-03,119
T17,My Life With the Walter Boys,Q113570499,IT,it,Uno splendido errore,2026-07-04,88
T17,My Life With the Walter Boys,Q113570499,IT,it,Uno splendido errore,2026-07-05,117
T17,My Life With the Walter Boys,Q113570499,IT,it,Uno splendido errore,2026-07-06,147
T17,My Life With the Walter Boys,Q113570499,IT,it,Uno splendido errore,2026-07-07,111
T17,My Life With the Walter Boys,Q113570499,IT,it,Uno splendido errore,2026-07-08,132
T17,My Life With the Walter Boys,Q113570499,IT,it,Uno splendido errore,2026-07-09,105
T17,My Life With the Walter Boys,Q113570499,IT,it,Uno splendido errore,2026-07-10,116
T17,My Life With the Walter Boys,Q113570499,IT,it,Uno splendido errore,2026-07-11,151
T17,My Life With the Walter Boys,Q113570499,IT,it,Uno splendido errore,2026-07-12,139
T17,My Life With the Walter Boys,Q113570499,IT,it,Uno splendido errore,2026-07-13,155
T17,My Life With the Walter Boys,Q113570499,IT,it,Uno splendido errore,2026-07-14,155
T17,My Life With the Walter Boys,Q113570499,IT,it,Uno splendido errore,2026-07-15,250
T17,My Life With the Walter Boys,Q113570499,IT,it,Uno splendido errore,2026-07-16,318
T17,My Life With the Walter Boys,Q113570499,IT,it,Uno splendido errore,2026-07-17,220
T17,My Life With the Walter Boys,Q113570499,IT,it,Uno splendido errore,2026-07-18,203
T17,My Life With the Walter Boys,Q113570499,IT,it,Uno splendido errore,2026-07-19,154
T17,My Life With the Walter Boys,Q113570499,IT,it,Uno splendido errore,2026-07-20,196
T17,My Life With the Walter Boys,Q113570499,IT,it,Uno splendido errore,2026-07-21,209
T17,My Life With the Walter Boys,Q113570499,IT,it,Uno splendido errore,2026-07-22,156
T17,My Life With the Walter Boys,Q113570499,IT,it,Uno splendido errore,2026-07-23,170
T17,My Life With the Walter Boys,Q113570499,IT,it,Uno splendido errore,2026-07-24,156
T17,My Life With the Walter Boys,Q113570499,IT,it,Uno splendido errore,2026-07-25,187
T17,My Life With the Walter Boys,Q113570499,IT,it,Uno splendido errore,2026-07-26,218
T17,My Life With the Walter Boys,Q113570499,IT,it,Uno splendido errore,2026-07-27,204
T17,My Life With the Walter Boys,Q113570499,IT,it,Uno splendido errore,2026-07-28,205
T17,My Life With the Walter Boys,Q113570499,IT,it,Uno splendido errore,2026-07-29,163
T17,My Life With the Walter Boys,Q113570499,IT,it,Uno splendido errore,2026-07-30,218
T17,My Life With the Walter Boys,Q113570499,IT,it,Uno splendido errore,2026-07-31,199
T17,My Life With the Walter Boys,Q113570499,IT,it,Uno splendido errore,2026-08-01,259
T17,My Life With the Walter Boys,Q113570499,IT,it,Uno splendido errore,2026-08-02,266
T17,My Life With the Walter Boys,Q113570499,IT,it,Uno splendido errore,2026-08-03,300
T17,My Life With the Walter Boys,Q113570499,IT,it,Uno splendido errore,2026-08-04,357
T17,My Life With the Walter Boys,Q113570499,IT,it,Uno splendido errore,2026-08-05,581
T17,My Life With the Walter Boys,Q113570499,IT,it,Uno splendido errore,2026-08-06,3127
T17,My Life With the Walter Boys,Q113570499,IT,it,Uno splendido errore,2026-08-07,3527
T17,My Life With the Walter Boys,Q113570499,IT,it,Uno splendido errore,2026-08-08,2776
T17,My Life With the Walter Boys,Q113570499,IT,it,Uno splendido errore,2026-08-09,2735
T17,My Life With the Walter Boys,Q113570499,IT,it,Uno splendido errore,2026-08-10,2363
T17,My Life With the Walter Boys,Q113570499,IT,it,Uno splendido errore,2026-08-11,1956
T17,My Life With the Walter Boys,Q113570499,IT,it,Uno splendido errore,2026-08-12,1751
T17,My Life With the Walter Boys,Q113570499,IT,it,Uno splendido errore,2026-08-13,1604
T17,My Life With the Walter Boys,Q113570499,IT,it,Uno splendido errore,2026-08-14,1432
T17,My Life With the Walter Boys,Q113570499,IT,it,Uno splendido errore,2026-08-15,1217
T17,My Life With the Walter Boys,Q113570499,IT,it,Uno splendido errore,2026-08-16,1384
T17,My Life With the Walter Boys,Q113570499,IT,it,Uno splendido errore,2026-08-17,1338
T17,My Life With the Walter Boys,Q113570499,IT,it,Uno splendido errore,2026-08-18,1311
T17,My Life With the Walter Boys,Q113570499,IT,it,Uno splendido errore,2026-08-19,1149
T17,My Life With the Walter Boys,Q113570499,IT,it,Uno splendido errore,2026-08-20,1211
T17,My Life With the Walter Boys,Q113570499,IT,it,Uno splendido errore,2026-08-21,1106
T17,My Life With the Walter Boys,Q113570499,IT,it,Uno splendido errore,2026-08-22,893
T17,My Life With the Walter Boys,Q113570499,IT,it,Uno splendido errore,2026-08-23,975
T17,My Life With the Walter Boys,Q113570499,IT,it,Uno splendido errore,2026-08-24,1088
T17,My Life With the Walter Boys,Q113570499,IT,it,Uno splendido errore,2026-08-25,959
T17,My Life With the Walter Boys,Q113570499,IT,it,Uno splendido errore,2026-08-26,875
T17,My Life With the Walter Boys,Q113570499,IT,it,Uno splendido errore,2026-08-27,839
T17,My Life With the Walter Boys,Q113570499,IT,it,Uno splendido errore,2026-08-28,752
T17,My Life With the Walter Boys,Q113570499,IT,it,Uno splendido errore,2026-08-29,869
T17,My Life With the Walter Boys,Q113570499,IT,it,Uno splendido errore,2026-08-30,880
T17,My Life With the Walter Boys,Q113570499,IT,it,Uno splendido errore,2026-08-31,767
T17,My Life With the Walter Boys,Q113570499,IT,it,Uno splendido errore,2026-09-01,726
T17,My Life With the Walter Boys,Q113570499,IT,it,Uno splendido errore,2026-09-02,729
T17,My Life With the Walter Boys,Q113570499,IT,it,Uno splendido errore,2026-09-03,617
T17,My Life With the Walter Boys,Q113570499,IT,it,Uno splendido errore,2026-09-04,586
T17,My Life With the Walter Boys,Q113570499,IT,it,Uno splendido errore,2026-09-05,502
T17,My Life With the Walter Boys,Q113570499,IT,it,Uno splendido errore,2026-09-06,528
T17,My Life With the Walter Boys,Q113570499,IT,it,Uno splendido errore,2026-09-07,470
T17,My Life With the Walter Boys,Q113570499,IT,it,Uno splendido errore,2026-09-08,487
T17,My Life With the Walter Boys,Q113570499,IT,it,Uno splendido errore,2026-09-09,482
T17,My Life With the Walter Boys,Q113570499,IT,it,Uno splendido errore,2026-09-10,430
T17,My Life With the Walter Boys,Q113570499,IT,it,Uno splendido errore,2026-09-11,356
T17,My Life With the Walter Boys,Q113570499,IT,it,Uno splendido errore,2026-09-12,319
T17,My Life With the Walter Boys,Q113570499,IT,it,Uno splendido errore,2026-09-13,399
T17,My Life With the Walter Boys,Q113570499,IT,it,Uno splendido errore,2026-09-14,379
T17,My Life With the Walter Boys,Q113570499,IT,it,Uno splendido errore,2026-09-15,357
T17,My Life With the Walter Boys,Q113570499,IT,it,Uno splendido errore,2026-09-16,287
T17,My Life With the Walter Boys,Q113570499,IT,it,Uno splendido errore,2026-09-17,286
T17,My Life With the Walter Boys,Q113570499,IT,it,Uno splendido errore,2026-09-18,246
T17,My Life With the Walter Boys,Q113570499,IT,it,Uno splendido errore,2026-09-19,236
T17,My Life With the Walter Boys,Q113570499,IT,it,Uno splendido errore,2026-09-20,275
T20,Outer Banks,Q89414035,DE,de,Outer Banks (Fernsehserie),2026-06-01,207
T20,Outer Banks,Q89414035,DE,de,Outer Banks (Fernsehserie),2026-06-02,211
T20,Outer Banks,Q89414035,DE,de,Outer Banks (Fernsehserie),2026-06-03,205
T20,Outer Banks,Q89414035,DE,de,Outer Banks (Fernsehserie),2026-06-04,252
T20,Outer Banks,Q89414035,DE,de,Outer Banks (Fernsehserie),2026-06-05,238
T20,Outer Banks,Q89414035,DE,de,Outer Banks (Fernsehserie),2026-06-06,196
T20,Outer Banks,Q89414035,DE,de,Outer Banks (Fernsehserie),2026-06-07,302
T20,Outer Banks,Q89414035,DE,de,Outer Banks (Fernsehserie),2026-06-08,234
T20,Outer Banks,Q89414035,DE,de,Outer Banks (Fernsehserie),2026-06-09,265
T20,Outer Banks,Q89414035,DE,de,Outer Banks (Fernsehserie),2026-06-10,200
T20,Outer Banks,Q89414035,DE,de,Outer Banks (Fernsehserie),2026-06-11,188
T20,Outer Banks,Q89414035,DE,de,Outer Banks (Fernsehserie),2026-06-12,212
T20,Outer Banks,Q89414035,DE,de,Outer Banks (Fernsehserie),2026-06-13,190
T20,Outer Banks,Q89414035,DE,de,Outer Banks (Fernsehserie),2026-06-14,189
T20,Outer Banks,Q89414035,DE,de,Outer Banks (Fernsehserie),2026-06-15,179
T20,Outer Banks,Q89414035,DE,de,Outer Banks (Fernsehserie),2026-06-16,193
T20,Outer Banks,Q89414035,DE,de,Outer Banks (Fernsehserie),2026-06-17,144
T20,Outer Banks,Q89414035,DE,de,Outer Banks (Fernsehserie),2026-06-18,264
T20,Outer Banks,Q89414035,DE,de,Outer Banks (Fernsehserie),2026-06-19,346
T20,Outer Banks,Q89414035,DE,de,Outer Banks (Fernsehserie),2026-06-20,296
T20,Outer Banks,Q89414035,DE,de,Outer Banks (Fernsehserie),2026-06-21,312
T20,Outer Banks,Q89414035,DE,de,Outer Banks (Fernsehserie),2026-06-22,217
T20,Outer Banks,Q89414035,DE,de,Outer Banks (Fernsehserie),2026-06-23,202
T20,Outer Banks,Q89414035,DE,de,Outer Banks (Fernsehserie),2026-06-24,184
T20,Outer Banks,Q89414035,DE,de,Outer Banks (Fernsehserie),2026-06-25,198
T20,Outer Banks,Q89414035,DE,de,Outer Banks (Fernsehserie),2026-06-26,210
T20,Outer Banks,Q89414035,DE,de,Outer Banks (Fernsehserie),2026-06-27,257
T20,Outer Banks,Q89414035,DE,de,Outer Banks (Fernsehserie),2026-06-28,315
T20,Outer Banks,Q89414035,DE,de,Outer Banks (Fernsehserie),2026-06-29,224
T20,Outer Banks,Q89414035,DE,de,Outer Banks (Fernsehserie),2026-06-30,206
T20,Outer Banks,Q89414035,DE,de,Outer Banks (Fernsehserie),2026-07-01,214
T20,Outer Banks,Q89414035,DE,de,Outer Banks (Fernsehserie),2026-07-02,168
T20,Outer Banks,Q89414035,DE,de,Outer Banks (Fernsehserie),2026-07-03,193
T20,Outer Banks,Q89414035,DE,de,Outer Banks (Fernsehserie),2026-07-04,258
T20,Outer Banks,Q89414035,DE,de,Outer Banks (Fernsehserie),2026-07-05,239
T20,Outer Banks,Q89414035,DE,de,Outer Banks (Fernsehserie),2026-07-06,227
T20,Outer Banks,Q89414035,DE,de,Outer Banks (Fernsehserie),2026-07-07,213
T20,Outer Banks,Q89414035,DE,de,Outer Banks (Fernsehserie),2026-07-08,205
T20,Outer Banks,Q89414035,DE,de,Outer Banks (Fernsehserie),2026-07-09,180
T20,Outer Banks,Q89414035,DE,de,Outer Banks (Fernsehserie),2026-07-10,178
T20,Outer Banks,Q89414035,DE,de,Outer Banks (Fernsehserie),2026-07-11,205
T20,Outer Banks,Q89414035,DE,de,Outer Banks (Fernsehserie),2026-07-12,244
T20,Outer Banks,Q89414035,DE,de,Outer Banks (Fernsehserie),2026-07-13,232
T20,Outer Banks,Q89414035,DE,de,Outer Banks (Fernsehserie),2026-07-14,243
T20,Outer Banks,Q89414035,DE,de,Outer Banks (Fernsehserie),2026-07-15,179
T20,Outer Banks,Q89414035,DE,de,Outer Banks (Fernsehserie),2026-07-16,186
T20,Outer Banks,Q89414035,DE,de,Outer Banks (Fernsehserie),2026-07-17,190
T20,Outer Banks,Q89414035,DE,de,Outer Banks (Fernsehserie),2026-07-18,196
T20,Outer Banks,Q89414035,DE,de,Outer Banks (Fernsehserie),2026-07-19,244
T20,Outer Banks,Q89414035,DE,de,Outer Banks (Fernsehserie),2026-07-20,243
T20,Outer Banks,Q89414035,DE,de,Outer Banks (Fernsehserie),2026-07-21,234
T20,Outer Banks,Q89414035,DE,de,Outer Banks (Fernsehserie),2026-07-22,292
T20,Outer Banks,Q89414035,DE,de,Outer Banks (Fernsehserie),2026-07-23,270
T20,Outer Banks,Q89414035,DE,de,Outer Banks (Fernsehserie),2026-07-24,233
T20,Outer Banks,Q89414035,DE,de,Outer Banks (Fernsehserie),2026-07-25,232
T20,Outer Banks,Q89414035,DE,de,Outer Banks (Fernsehserie),2026-07-26,345
T20,Outer Banks,Q89414035,DE,de,Outer Banks (Fernsehserie),2026-07-27,323
T20,Outer Banks,Q89414035,DE,de,Outer Banks (Fernsehserie),2026-07-28,333
T20,Outer Banks,Q89414035,DE,de,Outer Banks (Fernsehserie),2026-07-29,436
T20,Outer Banks,Q89414035,DE,de,Outer Banks (Fernsehserie),2026-07-30,441
T20,Outer Banks,Q89414035,DE,de,Outer Banks (Fernsehserie),2026-07-31,369
T20,Outer Banks,Q89414035,DE,de,Outer Banks (Fernsehserie),2026-08-01,380
T20,Outer Banks,Q89414035,DE,de,Outer Banks (Fernsehserie),2026-08-02,431
T20,Outer Banks,Q89414035,DE,de,Outer Banks (Fernsehserie),2026-08-03,388
T20,Outer Banks,Q89414035,DE,de,Outer Banks (Fernsehserie),2026-08-04,404
T20,Outer Banks,Q89414035,DE,de,Outer Banks (Fernsehserie),2026-08-05,356
T20,Outer Banks,Q89414035,DE,de,Outer Banks (Fernsehserie),2026-08-06,344
T20,Outer Banks,Q89414035,DE,de,Outer Banks (Fernsehserie),2026-08-07,344
T20,Outer Banks,Q89414035,DE,de,Outer Banks (Fernsehserie),2026-08-08,375
T20,Outer Banks,Q89414035,DE,de,Outer Banks (Fernsehserie),2026-08-09,489
T20,Outer Banks,Q89414035,DE,de,Outer Banks (Fernsehserie),2026-08-10,472
T20,Outer Banks,Q89414035,DE,de,Outer Banks (Fernsehserie),2026-08-11,478
T20,Outer Banks,Q89414035,DE,de,Outer Banks (Fernsehserie),2026-08-12,351
T20,Outer Banks,Q89414035,DE,de,Outer Banks (Fernsehserie),2026-08-13,413
T20,Outer Banks,Q89414035,DE,de,Outer Banks (Fernsehserie),2026-08-14,364
T20,Outer Banks,Q89414035,DE,de,Outer Banks (Fernsehserie),2026-08-15,525
T20,Outer Banks,Q89414035,DE,de,Outer Banks (Fernsehserie),2026-08-16,817
T20,Outer Banks,Q89414035,DE,de,Outer Banks (Fernsehserie),2026-08-17,846
T20,Outer Banks,Q89414035,DE,de,Outer Banks (Fernsehserie),2026-08-18,778
T20,Outer Banks,Q89414035,DE,de,Outer Banks (Fernsehserie),2026-08-19,832
T20,Outer Banks,Q89414035,DE,de,Outer Banks (Fernsehserie),2026-08-20,3540
T20,Outer Banks,Q89414035,DE,de,Outer Banks (Fernsehserie),2026-08-21,3624
T20,Outer Banks,Q89414035,DE,de,Outer Banks (Fernsehserie),2026-08-22,3353
T20,Outer Banks,Q89414035,DE,de,Outer Banks (Fernsehserie),2026-08-23,4360
T20,Outer Banks,Q89414035,DE,de,Outer Banks (Fernsehserie),2026-08-24,3324
T20,Outer Banks,Q89414035,DE,de,Outer Banks (Fernsehserie),2026-08-25,3211
T20,Outer Banks,Q89414035,DE,de,Outer Banks (Fernsehserie),2026-08-26,2547
T20,Outer Banks,Q89414035,DE,de,Outer Banks (Fernsehserie),2026-08-27,2214
T20,Outer Banks,Q89414035,DE,de,Outer Banks (Fernsehserie),2026-08-28,2162
T20,Outer Banks,Q89414035,DE,de,Outer Banks (Fernsehserie),2026-08-29,2191
T20,Outer Banks,Q89414035,DE,de,Outer Banks (Fernsehserie),2026-08-30,2711
T20,Outer Banks,Q89414035,DE,de,Outer Banks (Fernsehserie),2026-08-31,2233
T20,Outer Banks,Q89414035,DE,de,Outer Banks (Fernsehserie),2026-09-01,1850
T20,Outer Banks,Q89414035,DE,de,Outer Banks (Fernsehserie),2026-09-02,1582
T20,Outer Banks,Q89414035,DE,de,Outer Banks (Fernsehserie),2026-09-03,1516
T20,Outer Banks,Q89414035,DE,de,Outer Banks (Fernsehserie),2026-09-04,1368
T20,Outer Banks,Q89414035,DE,de,Outer Banks (Fernsehserie),2026-09-05,1451
T20,Outer Banks,Q89414035,DE,de,Outer Banks (Fernsehserie),2026-09-06,1695
T20,Outer Banks,Q89414035,DE,de,Outer Banks (Fernsehserie),2026-09-07,1450
T20,Outer Banks,Q89414035,DE,de,Outer Banks (Fernsehserie),2026-09-08,1132
T20,Outer Banks,Q89414035,DE,de,Outer Banks (Fernsehserie),2026-09-09,1106
T20,Outer Banks,Q89414035,DE,de,Outer Banks (Fernsehserie),2026-09-10,1043
T20,Outer Banks,Q89414035,DE,de,Outer Banks (Fernsehserie),2026-09-11,1066
T20,Outer Banks,Q89414035,DE,de,Outer Banks (Fernsehserie),2026-09-12,961
T20,Outer Banks,Q89414035,DE,de,Outer Banks (Fernsehserie),2026-09-13,1414
T20,Outer Banks,Q89414035,DE,de,Outer Banks (Fernsehserie),2026-09-14,1047
T20,Outer Banks,Q89414035,DE,de,Outer Banks (Fernsehserie),2026-09-15,961
T20,Outer Banks,Q89414035,DE,de,Outer Banks (Fernsehserie),2026-09-16,860
T20,Outer Banks,Q89414035,DE,de,Outer Banks (Fernsehserie),2026-09-17,779
T20,Outer Banks,Q89414035,DE,de,Outer Banks (Fernsehserie),2026-09-18,740
T20,Outer Banks,Q89414035,DE,de,Outer Banks (Fernsehserie),2026-09-19,775
T20,Outer Banks,Q89414035,DE,de,Outer Banks (Fernsehserie),2026-09-20,842
T20,Outer Banks,Q89414035,FR,fr,Outer Banks (série télévisée),2026-06-01,209
T20,Outer Banks,Q89414035,FR,fr,Outer Banks (série télévisée),2026-06-02,197
T20,Outer Banks,Q89414035,FR,fr,Outer Banks (série télévisée),2026-06-03,176
T20,Outer Banks,Q89414035,FR,fr,Outer Banks (série télévisée),2026-06-04,163
T20,Outer Banks,Q89414035,FR,fr,Outer Banks (série télévisée),2026-06-05,161
T20,Outer Banks,Q89414035,FR,fr,Outer Banks (série télévisée),2026-06-06,165
T20,Outer Banks,Q89414035,FR,fr,Outer Banks (série télévisée),2026-06-07,188
T20,Outer Banks,Q89414035,FR,fr,Outer Banks (série télévisée),2026-06-08,187
T20,Outer Banks,Q89414035,FR,fr,Outer Banks (série télévisée),2026-06-09,155
T20,Outer Banks,Q89414035,FR,fr,Outer Banks (série télévisée),2026-06-10,192
T20,Outer Banks,Q89414035,FR,fr,Outer Banks (série télévisée),2026-06-11,168
T20,Outer Banks,Q89414035,FR,fr,Outer Banks (série télévisée),2026-06-12,154
T20,Outer Banks,Q89414035,FR,fr,Outer Banks (série télévisée),2026-06-13,173
T20,Outer Banks,Q89414035,FR,fr,Outer Banks (série télévisée),2026-06-14,200
T20,Outer Banks,Q89414035,FR,fr,Outer Banks (série télévisée),2026-06-15,160
T20,Outer Banks,Q89414035,FR,fr,Outer Banks (série télévisée),2026-06-16,159
T20,Outer Banks,Q89414035,FR,fr,Outer Banks (série télévisée),2026-06-17,159
T20,Outer Banks,Q89414035,FR,fr,Outer Banks (série télévisée),2026-06-18,344
T20,Outer Banks,Q89414035,FR,fr,Outer Banks (série télévisée),2026-06-19,374
T20,Outer Banks,Q89414035,FR,fr,Outer Banks (série télévisée),2026-06-20,284
T20,Outer Banks,Q89414035,FR,fr,Outer Banks (série télévisée),2026-06-21,217
T20,Outer Banks,Q89414035,FR,fr,Outer Banks (série télévisée),2026-06-22,223
T20,Outer Banks,Q89414035,FR,fr,Outer Banks (série télévisée),2026-06-23,204
T20,Outer Banks,Q89414035,FR,fr,Outer Banks (série télévisée),2026-06-24,238
T20,Outer Banks,Q89414035,FR,fr,Outer Banks (série télévisée),2026-06-25,217
T20,Outer Banks,Q89414035,FR,fr,Outer Banks (série télévisée),2026-06-26,190
T20,Outer Banks,Q89414035,FR,fr,Outer Banks (série télévisée),2026-06-27,206
T20,Outer Banks,Q89414035,FR,fr,Outer Banks (série télévisée),2026-06-28,271
T20,Outer Banks,Q89414035,FR,fr,Outer Banks (série télévisée),2026-06-29,241
T20,Outer Banks,Q89414035,FR,fr,Outer Banks (série télévisée),2026-06-30,222
T20,Outer Banks,Q89414035,FR,fr,Outer Banks (série télévisée),2026-07-01,184
T20,Outer Banks,Q89414035,FR,fr,Outer Banks (série télévisée),2026-07-02,207
T20,Outer Banks,Q89414035,FR,fr,Outer Banks (série télévisée),2026-07-03,194
T20,Outer Banks,Q89414035,FR,fr,Outer Banks (série télévisée),2026-07-04,161
T20,Outer Banks,Q89414035,FR,fr,Outer Banks (série télévisée),2026-07-05,211
T20,Outer Banks,Q89414035,FR,fr,Outer Banks (série télévisée),2026-07-06,200
T20,Outer Banks,Q89414035,FR,fr,Outer Banks (série télévisée),2026-07-07,170
T20,Outer Banks,Q89414035,FR,fr,Outer Banks (série télévisée),2026-07-08,174
T20,Outer Banks,Q89414035,FR,fr,Outer Banks (série télévisée),2026-07-09,175
T20,Outer Banks,Q89414035,FR,fr,Outer Banks (série télévisée),2026-07-10,187
T20,Outer Banks,Q89414035,FR,fr,Outer Banks (série télévisée),2026-07-11,189
T20,Outer Banks,Q89414035,FR,fr,Outer Banks (série télévisée),2026-07-12,203
T20,Outer Banks,Q89414035,FR,fr,Outer Banks (série télévisée),2026-07-13,236
T20,Outer Banks,Q89414035,FR,fr,Outer Banks (série télévisée),2026-07-14,233
T20,Outer Banks,Q89414035,FR,fr,Outer Banks (série télévisée),2026-07-15,215
T20,Outer Banks,Q89414035,FR,fr,Outer Banks (série télévisée),2026-07-16,237
T20,Outer Banks,Q89414035,FR,fr,Outer Banks (série télévisée),2026-07-17,202
T20,Outer Banks,Q89414035,FR,fr,Outer Banks (série télévisée),2026-07-18,209
T20,Outer Banks,Q89414035,FR,fr,Outer Banks (série télévisée),2026-07-19,207
T20,Outer Banks,Q89414035,FR,fr,Outer Banks (série télévisée),2026-07-20,232
T20,Outer Banks,Q89414035,FR,fr,Outer Banks (série télévisée),2026-07-21,233
T20,Outer Banks,Q89414035,FR,fr,Outer Banks (série télévisée),2026-07-22,215
T20,Outer Banks,Q89414035,FR,fr,Outer Banks (série télévisée),2026-07-23,224
T20,Outer Banks,Q89414035,FR,fr,Outer Banks (série télévisée),2026-07-24,198
T20,Outer Banks,Q89414035,FR,fr,Outer Banks (série télévisée),2026-07-25,215
T20,Outer Banks,Q89414035,FR,fr,Outer Banks (série télévisée),2026-07-26,284
T20,Outer Banks,Q89414035,FR,fr,Outer Banks (série télévisée),2026-07-27,285
T20,Outer Banks,Q89414035,FR,fr,Outer Banks (série télévisée),2026-07-28,331
T20,Outer Banks,Q89414035,FR,fr,Outer Banks (série télévisée),2026-07-29,512
T20,Outer Banks,Q89414035,FR,fr,Outer Banks (série télévisée),2026-07-30,429
T20,Outer Banks,Q89414035,FR,fr,Outer Banks (série télévisée),2026-07-31,359
T20,Outer Banks,Q89414035,FR,fr,Outer Banks (série télévisée),2026-08-01,331
T20,Outer Banks,Q89414035,FR,fr,Outer Banks (série télévisée),2026-08-02,388
T20,Outer Banks,Q89414035,FR,fr,Outer Banks (série télévisée),2026-08-03,409
T20,Outer Banks,Q89414035,FR,fr,Outer Banks (série télévisée),2026-08-04,352
T20,Outer Banks,Q89414035,FR,fr,Outer Banks (série télévisée),2026-08-05,336
T20,Outer Banks,Q89414035,FR,fr,Outer Banks (série télévisée),2026-08-06,291
T20,Outer Banks,Q89414035,FR,fr,Outer Banks (série télévisée),2026-08-07,331
T20,Outer Banks,Q89414035,FR,fr,Outer Banks (série télévisée),2026-08-08,258
T20,Outer Banks,Q89414035,FR,fr,Outer Banks (série télévisée),2026-08-09,384
T20,Outer Banks,Q89414035,FR,fr,Outer Banks (série télévisée),2026-08-10,401
T20,Outer Banks,Q89414035,FR,fr,Outer Banks (série télévisée),2026-08-11,357
T20,Outer Banks,Q89414035,FR,fr,Outer Banks (série télévisée),2026-08-12,314
T20,Outer Banks,Q89414035,FR,fr,Outer Banks (série télévisée),2026-08-13,379
T20,Outer Banks,Q89414035,FR,fr,Outer Banks (série télévisée),2026-08-14,415
T20,Outer Banks,Q89414035,FR,fr,Outer Banks (série télévisée),2026-08-15,419
T20,Outer Banks,Q89414035,FR,fr,Outer Banks (série télévisée),2026-08-16,588
T20,Outer Banks,Q89414035,FR,fr,Outer Banks (série télévisée),2026-08-17,571
T20,Outer Banks,Q89414035,FR,fr,Outer Banks (série télévisée),2026-08-18,626
T20,Outer Banks,Q89414035,FR,fr,Outer Banks (série télévisée),2026-08-19,831
T20,Outer Banks,Q89414035,FR,fr,Outer Banks (série télévisée),2026-08-20,3498
T20,Outer Banks,Q89414035,FR,fr,Outer Banks (série télévisée),2026-08-21,3394
T20,Outer Banks,Q89414035,FR,fr,Outer Banks (série télévisée),2026-08-22,2892
T20,Outer Banks,Q89414035,FR,fr,Outer Banks (série télévisée),2026-08-23,3427
T20,Outer Banks,Q89414035,FR,fr,Outer Banks (série télévisée),2026-08-24,3096
T20,Outer Banks,Q89414035,FR,fr,Outer Banks (série télévisée),2026-08-25,2560
T20,Outer Banks,Q89414035,FR,fr,Outer Banks (série télévisée),2026-08-26,2395
T20,Outer Banks,Q89414035,FR,fr,Outer Banks (série télévisée),2026-08-27,1940
T20,Outer Banks,Q89414035,FR,fr,Outer Banks (série télévisée),2026-08-28,1544
T20,Outer Banks,Q89414035,FR,fr,Outer Banks (série télévisée),2026-08-29,1509
T20,Outer Banks,Q89414035,FR,fr,Outer Banks (série télévisée),2026-08-30,1926
T20,Outer Banks,Q89414035,FR,fr,Outer Banks (série télévisée),2026-08-31,1515
T20,Outer Banks,Q89414035,FR,fr,Outer Banks (série télévisée),2026-09-01,1249
T20,Outer Banks,Q89414035,FR,fr,Outer Banks (série télévisée),2026-09-02,1178
T20,Outer Banks,Q89414035,FR,fr,Outer Banks (série télévisée),2026-09-03,1113
T20,Outer Banks,Q89414035,FR,fr,Outer Banks (série télévisée),2026-09-04,1000
T20,Outer Banks,Q89414035,FR,fr,Outer Banks (série télévisée),2026-09-05,929
T20,Outer Banks,Q89414035,FR,fr,Outer Banks (série télévisée),2026-09-06,1200
T20,Outer Banks,Q89414035,FR,fr,Outer Banks (série télévisée),2026-09-07,943
T20,Outer Banks,Q89414035,FR,fr,Outer Banks (série télévisée),2026-09-08,871
T20,Outer Banks,Q89414035,FR,fr,Outer Banks (série télévisée),2026-09-09,733
T20,Outer Banks,Q89414035,FR,fr,Outer Banks (série télévisée),2026-09-10,724
T20,Outer Banks,Q89414035,FR,fr,Outer Banks (série télévisée),2026-09-11,626
T20,Outer Banks,Q89414035,FR,fr,Outer Banks (série télévisée),2026-09-12,670
T20,Outer Banks,Q89414035,FR,fr,Outer Banks (série télévisée),2026-09-13,894
T20,Outer Banks,Q89414035,FR,fr,Outer Banks (série télévisée),2026-09-14,712
T20,Outer Banks,Q89414035,FR,fr,Outer Banks (série télévisée),2026-09-15,541
T20,Outer Banks,Q89414035,FR,fr,Outer Banks (série télévisée),2026-09-16,518
T20,Outer Banks,Q89414035,FR,fr,Outer Banks (série télévisée),2026-09-17,512
T20,Outer Banks,Q89414035,FR,fr,Outer Banks (série télévisée),2026-09-18,438
T20,Outer Banks,Q89414035,FR,fr,Outer Banks (série télévisée),2026-09-19,471
T20,Outer Banks,Q89414035,FR,fr,Outer Banks (série télévisée),2026-09-20,582
T20,Outer Banks,Q89414035,JP,ja,アウターバンクス (テレビドラマ),2026-06-01,29
T20,Outer Banks,Q89414035,JP,ja,アウターバンクス (テレビドラマ),2026-06-02,41
T20,Outer Banks,Q89414035,JP,ja,アウターバンクス (テレビドラマ),2026-06-03,38
T20,Outer Banks,Q89414035,JP,ja,アウターバンクス (テレビドラマ),2026-06-04,24
T20,Outer Banks,Q89414035,JP,ja,アウターバンクス (テレビドラマ),2026-06-05,37
T20,Outer Banks,Q89414035,JP,ja,アウターバンクス (テレビドラマ),2026-06-06,44
T20,Outer Banks,Q89414035,JP,ja,アウターバンクス (テレビドラマ),2026-06-07,30
T20,Outer Banks,Q89414035,JP,ja,アウターバンクス (テレビドラマ),2026-06-08,33
T20,Outer Banks,Q89414035,JP,ja,アウターバンクス (テレビドラマ),2026-06-09,34
T20,Outer Banks,Q89414035,JP,ja,アウターバンクス (テレビドラマ),2026-06-10,20
T20,Outer Banks,Q89414035,JP,ja,アウターバンクス (テレビドラマ),2026-06-11,22
T20,Outer Banks,Q89414035,JP,ja,アウターバンクス (テレビドラマ),2026-06-12,32
T20,Outer Banks,Q89414035,JP,ja,アウターバンクス (テレビドラマ),2026-06-13,31
T20,Outer Banks,Q89414035,JP,ja,アウターバンクス (テレビドラマ),2026-06-14,44
T20,Outer Banks,Q89414035,JP,ja,アウターバンクス (テレビドラマ),2026-06-15,25
T20,Outer Banks,Q89414035,JP,ja,アウターバンクス (テレビドラマ),2026-06-16,29
T20,Outer Banks,Q89414035,JP,ja,アウターバンクス (テレビドラマ),2026-06-17,26
T20,Outer Banks,Q89414035,JP,ja,アウターバンクス (テレビドラマ),2026-06-18,42
T20,Outer Banks,Q89414035,JP,ja,アウターバンクス (テレビドラマ),2026-06-19,57
T20,Outer Banks,Q89414035,JP,ja,アウターバンクス (テレビドラマ),2026-06-20,37
T20,Outer Banks,Q89414035,JP,ja,アウターバンクス (テレビドラマ),2026-06-21,18
T20,Outer Banks,Q89414035,JP,ja,アウターバンクス (テレビドラマ),2026-06-22,27
T20,Outer Banks,Q89414035,JP,ja,アウターバンクス (テレビドラマ),2026-06-23,24
T20,Outer Banks,Q89414035,JP,ja,アウターバンクス (テレビドラマ),2026-06-24,25
T20,Outer Banks,Q89414035,JP,ja,アウターバンクス (テレビドラマ),2026-06-25,25
T20,Outer Banks,Q89414035,JP,ja,アウターバンクス (テレビドラマ),2026-06-26,35
T20,Outer Banks,Q89414035,JP,ja,アウターバンクス (テレビドラマ),2026-06-27,46
T20,Outer Banks,Q89414035,JP,ja,アウターバンクス (テレビドラマ),2026-06-28,47
T20,Outer Banks,Q89414035,JP,ja,アウターバンクス (テレビドラマ),2026-06-29,27
T20,Outer Banks,Q89414035,JP,ja,アウターバンクス (テレビドラマ),2026-06-30,24
T20,Outer Banks,Q89414035,JP,ja,アウターバンクス (テレビドラマ),2026-07-01,20
T20,Outer Banks,Q89414035,JP,ja,アウターバンクス (テレビドラマ),2026-07-02,34
T20,Outer Banks,Q89414035,JP,ja,アウターバンクス (テレビドラマ),2026-07-03,19
T20,Outer Banks,Q89414035,JP,ja,アウターバンクス (テレビドラマ),2026-07-04,24
T20,Outer Banks,Q89414035,JP,ja,アウターバンクス (テレビドラマ),2026-07-05,22
T20,Outer Banks,Q89414035,JP,ja,アウターバンクス (テレビドラマ),2026-07-06,22
T20,Outer Banks,Q89414035,JP,ja,アウターバンクス (テレビドラマ),2026-07-07,29
T20,Outer Banks,Q89414035,JP,ja,アウターバンクス (テレビドラマ),2026-07-08,20
T20,Outer Banks,Q89414035,JP,ja,アウターバンクス (テレビドラマ),2026-07-09,15
T20,Outer Banks,Q89414035,JP,ja,アウターバンクス (テレビドラマ),2026-07-10,14
T20,Outer Banks,Q89414035,JP,ja,アウターバンクス (テレビドラマ),2026-07-11,28
T20,Outer Banks,Q89414035,JP,ja,アウターバンクス (テレビドラマ),2026-07-12,54
T20,Outer Banks,Q89414035,JP,ja,アウターバンクス (テレビドラマ),2026-07-13,48
T20,Outer Banks,Q89414035,JP,ja,アウターバンクス (テレビドラマ),2026-07-14,19
T20,Outer Banks,Q89414035,JP,ja,アウターバンクス (テレビドラマ),2026-07-15,19
T20,Outer Banks,Q89414035,JP,ja,アウターバンクス (テレビドラマ),2026-07-16,23
T20,Outer Banks,Q89414035,JP,ja,アウターバンクス (テレビドラマ),2026-07-17,131
T20,Outer Banks,Q89414035,JP,ja,アウターバンクス (テレビドラマ),2026-07-18,62
T20,Outer Banks,Q89414035,JP,ja,アウターバンクス (テレビドラマ),2026-07-19,28
T20,Outer Banks,Q89414035,JP,ja,アウターバンクス (テレビドラマ),2026-07-20,35
T20,Outer Banks,Q89414035,JP,ja,アウターバンクス (テレビドラマ),2026-07-21,30
T20,Outer Banks,Q89414035,JP,ja,アウターバンクス (テレビドラマ),2026-07-22,32
T20,Outer Banks,Q89414035,JP,ja,アウターバンクス (テレビドラマ),2026-07-23,35
T20,Outer Banks,Q89414035,JP,ja,アウターバンクス (テレビドラマ),2026-07-24,45
T20,Outer Banks,Q89414035,JP,ja,アウターバンクス (テレビドラマ),2026-07-25,28
T20,Outer Banks,Q89414035,JP,ja,アウターバンクス (テレビドラマ),2026-07-26,26
T20,Outer Banks,Q89414035,JP,ja,アウターバンクス (テレビドラマ),2026-07-27,41
T20,Outer Banks,Q89414035,JP,ja,アウターバンクス (テレビドラマ),2026-07-28,24
T20,Outer Banks,Q89414035,JP,ja,アウターバンクス (テレビドラマ),2026-07-29,48
T20,Outer Banks,Q89414035,JP,ja,アウターバンクス (テレビドラマ),2026-07-30,46
T20,Outer Banks,Q89414035,JP,ja,アウターバンクス (テレビドラマ),2026-07-31,53
T20,Outer Banks,Q89414035,JP,ja,アウターバンクス (テレビドラマ),2026-08-01,56
T20,Outer Banks,Q89414035,JP,ja,アウターバンクス (テレビドラマ),2026-08-02,63
T20,Outer Banks,Q89414035,JP,ja,アウターバンクス (テレビドラマ),2026-08-03,65
T20,Outer Banks,Q89414035,JP,ja,アウターバンクス (テレビドラマ),2026-08-04,51
T20,Outer Banks,Q89414035,JP,ja,アウターバンクス (テレビドラマ),2026-08-05,53
T20,Outer Banks,Q89414035,JP,ja,アウターバンクス (テレビドラマ),2026-08-06,44
T20,Outer Banks,Q89414035,JP,ja,アウターバンクス (テレビドラマ),2026-08-07,47
T20,Outer Banks,Q89414035,JP,ja,アウターバンクス (テレビドラマ),2026-08-08,49
T20,Outer Banks,Q89414035,JP,ja,アウターバンクス (テレビドラマ),2026-08-09,65
T20,Outer Banks,Q89414035,JP,ja,アウターバンクス (テレビドラマ),2026-08-10,44
T20,Outer Banks,Q89414035,JP,ja,アウターバンクス (テレビドラマ),2026-08-11,73
T20,Outer Banks,Q89414035,JP,ja,アウターバンクス (テレビドラマ),2026-08-12,57
T20,Outer Banks,Q89414035,JP,ja,アウターバンクス (テレビドラマ),2026-08-13,72
T20,Outer Banks,Q89414035,JP,ja,アウターバンクス (テレビドラマ),2026-08-14,77
T20,Outer Banks,Q89414035,JP,ja,アウターバンクス (テレビドラマ),2026-08-15,74
T20,Outer Banks,Q89414035,JP,ja,アウターバンクス (テレビドラマ),2026-08-16,66
T20,Outer Banks,Q89414035,JP,ja,アウターバンクス (テレビドラマ),2026-08-17,56
T20,Outer Banks,Q89414035,JP,ja,アウターバンクス (テレビドラマ),2026-08-18,57
T20,Outer Banks,Q89414035,JP,ja,アウターバンクス (テレビドラマ),2026-08-19,65
T20,Outer Banks,Q89414035,JP,ja,アウターバンクス (テレビドラマ),2026-08-20,196
T20,Outer Banks,Q89414035,JP,ja,アウターバンクス (テレビドラマ),2026-08-21,226
T20,Outer Banks,Q89414035,JP,ja,アウターバンクス (テレビドラマ),2026-08-22,227
T20,Outer Banks,Q89414035,JP,ja,アウターバンクス (テレビドラマ),2026-08-23,292
T20,Outer Banks,Q89414035,JP,ja,アウターバンクス (テレビドラマ),2026-08-24,278
T20,Outer Banks,Q89414035,JP,ja,アウターバンクス (テレビドラマ),2026-08-25,223
T20,Outer Banks,Q89414035,JP,ja,アウターバンクス (テレビドラマ),2026-08-26,317
T20,Outer Banks,Q89414035,JP,ja,アウターバンクス (テレビドラマ),2026-08-27,286
T20,Outer Banks,Q89414035,JP,ja,アウターバンクス (テレビドラマ),2026-08-28,239
T20,Outer Banks,Q89414035,JP,ja,アウターバンクス (テレビドラマ),2026-08-29,247
T20,Outer Banks,Q89414035,JP,ja,アウターバンクス (テレビドラマ),2026-08-30,258
T20,Outer Banks,Q89414035,JP,ja,アウターバンクス (テレビドラマ),2026-08-31,203
T20,Outer Banks,Q89414035,JP,ja,アウターバンクス (テレビドラマ),2026-09-01,211
T20,Outer Banks,Q89414035,JP,ja,アウターバンクス (テレビドラマ),2026-09-02,174
T20,Outer Banks,Q89414035,JP,ja,アウターバンクス (テレビドラマ),2026-09-03,151
T20,Outer Banks,Q89414035,JP,ja,アウターバンクス (テレビドラマ),2026-09-04,156
T20,Outer Banks,Q89414035,JP,ja,アウターバンクス (テレビドラマ),2026-09-05,158
T20,Outer Banks,Q89414035,JP,ja,アウターバンクス (テレビドラマ),2026-09-06,156
T20,Outer Banks,Q89414035,JP,ja,アウターバンクス (テレビドラマ),2026-09-07,166
T20,Outer Banks,Q89414035,JP,ja,アウターバンクス (テレビドラマ),2026-09-08,113
T20,Outer Banks,Q89414035,JP,ja,アウターバンクス (テレビドラマ),2026-09-09,118
T20,Outer Banks,Q89414035,JP,ja,アウターバンクス (テレビドラマ),2026-09-10,100
T20,Outer Banks,Q89414035,JP,ja,アウターバンクス (テレビドラマ),2026-09-11,119
T20,Outer Banks,Q89414035,JP,ja,アウターバンクス (テレビドラマ),2026-09-12,111
T20,Outer Banks,Q89414035,JP,ja,アウターバンクス (テレビドラマ),2026-09-13,150
T20,Outer Banks,Q89414035,JP,ja,アウターバンクス (テレビドラマ),2026-09-14,104
T20,Outer Banks,Q89414035,JP,ja,アウターバンクス (テレビドラマ),2026-09-15,101
T20,Outer Banks,Q89414035,JP,ja,アウターバンクス (テレビドラマ),2026-09-16,83
T20,Outer Banks,Q89414035,JP,ja,アウターバンクス (テレビドラマ),2026-09-17,77
T20,Outer Banks,Q89414035,JP,ja,アウターバンクス (テレビドラマ),2026-09-18,72
T20,Outer Banks,Q89414035,JP,ja,アウターバンクス (テレビドラマ),2026-09-19,67
T20,Outer Banks,Q89414035,JP,ja,アウターバンクス (テレビドラマ),2026-09-20,90
T20,Outer Banks,Q89414035,BR,pt,Outer Banks (série de televisão),2026-06-01,29
T20,Outer Banks,Q89414035,BR,pt,Outer Banks (série de televisão),2026-06-02,30
T20,Outer Banks,Q89414035,BR,pt,Outer Banks (série de televisão),2026-06-03,39
T20,Outer Banks,Q89414035,BR,pt,Outer Banks (série de televisão),2026-06-04,24
T20,Outer Banks,Q89414035,BR,pt,Outer Banks (série de televisão),2026-06-05,25
T20,Outer Banks,Q89414035,BR,pt,Outer Banks (série de televisão),2026-06-06,29
T20,Outer Banks,Q89414035,BR,pt,Outer Banks (série de televisão),2026-06-07,27
T20,Outer Banks,Q89414035,BR,pt,Outer Banks (série de televisão),2026-06-08,30
T20,Outer Banks,Q89414035,BR,pt,Outer Banks (série de televisão),2026-06-09,30
T20,Outer Banks,Q89414035,BR,pt,Outer Banks (série de televisão),2026-06-10,20
T20,Outer Banks,Q89414035,BR,pt,Outer Banks (série de televisão),2026-06-11,26
T20,Outer Banks,Q89414035,BR,pt,Outer Banks (série de televisão),2026-06-12,28
T20,Outer Banks,Q89414035,BR,pt,Outer Banks (série de televisão),2026-06-13,22
T20,Outer Banks,Q89414035,BR,pt,Outer Banks (série de televisão),2026-06-14,23
T20,Outer Banks,Q89414035,BR,pt,Outer Banks (série de televisão),2026-06-15,29
T20,Outer Banks,Q89414035,BR,pt,Outer Banks (série de televisão),2026-06-16,29
T20,Outer Banks,Q89414035,BR,pt,Outer Banks (série de televisão),2026-06-17,30
T20,Outer Banks,Q89414035,BR,pt,Outer Banks (série de televisão),2026-06-18,65
T20,Outer Banks,Q89414035,BR,pt,Outer Banks (série de televisão),2026-06-19,42
T20,Outer Banks,Q89414035,BR,pt,Outer Banks (série de televisão),2026-06-20,27
T20,Outer Banks,Q89414035,BR,pt,Outer Banks (série de televisão),2026-06-21,50
T20,Outer Banks,Q89414035,BR,pt,Outer Banks (série de televisão),2026-06-22,34
T20,Outer Banks,Q89414035,BR,pt,Outer Banks (série de televisão),2026-06-23,36
T20,Outer Banks,Q89414035,BR,pt,Outer Banks (série de televisão),2026-06-24,36
T20,Outer Banks,Q89414035,BR,pt,Outer Banks (série de televisão),2026-06-25,31
T20,Outer Banks,Q89414035,BR,pt,Outer Banks (série de televisão),2026-06-26,50
T20,Outer Banks,Q89414035,BR,pt,Outer Banks (série de televisão),2026-06-27,32
T20,Outer Banks,Q89414035,BR,pt,Outer Banks (série de televisão),2026-06-28,40
T20,Outer Banks,Q89414035,BR,pt,Outer Banks (série de televisão),2026-06-29,40
T20,Outer Banks,Q89414035,BR,pt,Outer Banks (série de televisão),2026-06-30,28
T20,Outer Banks,Q89414035,BR,pt,Outer Banks (série de televisão),2026-07-01,27
T20,Outer Banks,Q89414035,BR,pt,Outer Banks (série de televisão),2026-07-02,25
T20,Outer Banks,Q89414035,BR,pt,Outer Banks (série de televisão),2026-07-03,25
T20,Outer Banks,Q89414035,BR,pt,Outer Banks (série de televisão),2026-07-04,22
T20,Outer Banks,Q89414035,BR,pt,Outer Banks (série de televisão),2026-07-05,26
T20,Outer Banks,Q89414035,BR,pt,Outer Banks (série de televisão),2026-07-06,32
T20,Outer Banks,Q89414035,BR,pt,Outer Banks (série de televisão),2026-07-07,35
T20,Outer Banks,Q89414035,BR,pt,Outer Banks (série de televisão),2026-07-08,35
T20,Outer Banks,Q89414035,BR,pt,Outer Banks (série de televisão),2026-07-09,27
T20,Outer Banks,Q89414035,BR,pt,Outer Banks (série de televisão),2026-07-10,30
T20,Outer Banks,Q89414035,BR,pt,Outer Banks (série de televisão),2026-07-11,20
T20,Outer Banks,Q89414035,BR,pt,Outer Banks (série de televisão),2026-07-12,31
T20,Outer Banks,Q89414035,BR,pt,Outer Banks (série de televisão),2026-07-13,48
T20,Outer Banks,Q89414035,BR,pt,Outer Banks (série de televisão),2026-07-14,39
T20,Outer Banks,Q89414035,BR,pt,Outer Banks (série de televisão),2026-07-15,34
T20,Outer Banks,Q89414035,BR,pt,Outer Banks (série de televisão),2026-07-16,30
T20,Outer Banks,Q89414035,BR,pt,Outer Banks (série de televisão),2026-07-17,36
T20,Outer Banks,Q89414035,BR,pt,Outer Banks (série de televisão),2026-07-18,24
T20,Outer Banks,Q89414035,BR,pt,Outer Banks (série de televisão),2026-07-19,41
T20,Outer Banks,Q89414035,BR,pt,Outer Banks (série de televisão),2026-07-20,35
T20,Outer Banks,Q89414035,BR,pt,Outer Banks (série de televisão),2026-07-21,28
T20,Outer Banks,Q89414035,BR,pt,Outer Banks (série de televisão),2026-07-22,31
T20,Outer Banks,Q89414035,BR,pt,Outer Banks (série de televisão),2026-07-23,27
T20,Outer Banks,Q89414035,BR,pt,Outer Banks (série de televisão),2026-07-24,43
T20,Outer Banks,Q89414035,BR,pt,Outer Banks (série de televisão),2026-07-25,37
T20,Outer Banks,Q89414035,BR,pt,Outer Banks (série de televisão),2026-07-26,41
T20,Outer Banks,Q89414035,BR,pt,Outer Banks (série de televisão),2026-07-27,60
T20,Outer Banks,Q89414035,BR,pt,Outer Banks (série de televisão),2026-07-28,50
T20,Outer Banks,Q89414035,BR,pt,Outer Banks (série de televisão),2026-07-29,61
T20,Outer Banks,Q89414035,BR,pt,Outer Banks (série de televisão),2026-07-30,59
T20,Outer Banks,Q89414035,BR,pt,Outer Banks (série de televisão),2026-07-31,48
T20,Outer Banks,Q89414035,BR,pt,Outer Banks (série de televisão),2026-08-01,51
T20,Outer Banks,Q89414035,BR,pt,Outer Banks (série de televisão),2026-08-02,55
T20,Outer Banks,Q89414035,BR,pt,Outer Banks (série de televisão),2026-08-03,47
T20,Outer Banks,Q89414035,BR,pt,Outer Banks (série de televisão),2026-08-04,47
T20,Outer Banks,Q89414035,BR,pt,Outer Banks (série de televisão),2026-08-05,55
T20,Outer Banks,Q89414035,BR,pt,Outer Banks (série de televisão),2026-08-06,42
T20,Outer Banks,Q89414035,BR,pt,Outer Banks (série de televisão),2026-08-07,43
T20,Outer Banks,Q89414035,BR,pt,Outer Banks (série de televisão),2026-08-08,40
T20,Outer Banks,Q89414035,BR,pt,Outer Banks (série de televisão),2026-08-09,42
T20,Outer Banks,Q89414035,BR,pt,Outer Banks (série de televisão),2026-08-10,55
T20,Outer Banks,Q89414035,BR,pt,Outer Banks (série de televisão),2026-08-11,59
T20,Outer Banks,Q89414035,BR,pt,Outer Banks (série de televisão),2026-08-12,31
T20,Outer Banks,Q89414035,BR,pt,Outer Banks (série de televisão),2026-08-13,67
T20,Outer Banks,Q89414035,BR,pt,Outer Banks (série de televisão),2026-08-14,60
T20,Outer Banks,Q89414035,BR,pt,Outer Banks (série de televisão),2026-08-15,53
T20,Outer Banks,Q89414035,BR,pt,Outer Banks (série de televisão),2026-08-16,70
T20,Outer Banks,Q89414035,BR,pt,Outer Banks (série de televisão),2026-08-17,94
T20,Outer Banks,Q89414035,BR,pt,Outer Banks (série de televisão),2026-08-18,59
T20,Outer Banks,Q89414035,BR,pt,Outer Banks (série de televisão),2026-08-19,119
T20,Outer Banks,Q89414035,BR,pt,Outer Banks (série de televisão),2026-08-20,321
T20,Outer Banks,Q89414035,BR,pt,Outer Banks (série de televisão),2026-08-21,370
T20,Outer Banks,Q89414035,BR,pt,Outer Banks (série de televisão),2026-08-22,339
T20,Outer Banks,Q89414035,BR,pt,Outer Banks (série de televisão),2026-08-23,399
T20,Outer Banks,Q89414035,BR,pt,Outer Banks (série de televisão),2026-08-24,349
T20,Outer Banks,Q89414035,BR,pt,Outer Banks (série de televisão),2026-08-25,298
T20,Outer Banks,Q89414035,BR,pt,Outer Banks (série de televisão),2026-08-26,275
T20,Outer Banks,Q89414035,BR,pt,Outer Banks (série de televisão),2026-08-27,185
T20,Outer Banks,Q89414035,BR,pt,Outer Banks (série de televisão),2026-08-28,192
T20,Outer Banks,Q89414035,BR,pt,Outer Banks (série de televisão),2026-08-29,179
T20,Outer Banks,Q89414035,BR,pt,Outer Banks (série de televisão),2026-08-30,179
T20,Outer Banks,Q89414035,BR,pt,Outer Banks (série de televisão),2026-08-31,204
T20,Outer Banks,Q89414035,BR,pt,Outer Banks (série de televisão),2026-09-01,145
T20,Outer Banks,Q89414035,BR,pt,Outer Banks (série de televisão),2026-09-02,105
T20,Outer Banks,Q89414035,BR,pt,Outer Banks (série de televisão),2026-09-03,123
T20,Outer Banks,Q89414035,BR,pt,Outer Banks (série de televisão),2026-09-04,128
T20,Outer Banks,Q89414035,BR,pt,Outer Banks (série de televisão),2026-09-05,177
T20,Outer Banks,Q89414035,BR,pt,Outer Banks (série de televisão),2026-09-06,166
T20,Outer Banks,Q89414035,BR,pt,Outer Banks (série de televisão),2026-09-07,192
T20,Outer Banks,Q89414035,BR,pt,Outer Banks (série de televisão),2026-09-08,111
T20,Outer Banks,Q89414035,BR,pt,Outer Banks (série de televisão),2026-09-09,118
T20,Outer Banks,Q89414035,BR,pt,Outer Banks (série de televisão),2026-09-10,101
T20,Outer Banks,Q89414035,BR,pt,Outer Banks (série de televisão),2026-09-11,81
T20,Outer Banks,Q89414035,BR,pt,Outer Banks (série de televisão),2026-09-12,92
T20,Outer Banks,Q89414035,BR,pt,Outer Banks (série de televisão),2026-09-13,93
T20,Outer Banks,Q89414035,BR,pt,Outer Banks (série de televisão),2026-09-14,71
T20,Outer Banks,Q89414035,BR,pt,Outer Banks (série de televisão),2026-09-15,67
T20,Outer Banks,Q89414035,BR,pt,Outer Banks (série de televisão),2026-09-16,40
T20,Outer Banks,Q89414035,BR,pt,Outer Banks (série de televisão),2026-09-17,36
T20,Outer Banks,Q89414035,BR,pt,Outer Banks (série de televisão),2026-09-18,44
T20,Outer Banks,Q89414035,BR,pt,Outer Banks (série de televisão),2026-09-19,35
T20,Outer Banks,Q89414035,BR,pt,Outer Banks (série de televisão),2026-09-20,54
T20,Outer Banks,Q89414035,IT,it,Outer Banks (serie televisiva),2026-06-01,202
T20,Outer Banks,Q89414035,IT,it,Outer Banks (serie televisiva),2026-06-02,228
T20,Outer Banks,Q89414035,IT,it,Outer Banks (serie televisiva),2026-06-03,207
T20,Outer Banks,Q89414035,IT,it,Outer Banks (serie televisiva),2026-06-04,141
T20,Outer Banks,Q89414035,IT,it,Outer Banks (serie televisiva),2026-06-05,169
T20,Outer Banks,Q89414035,IT,it,Outer Banks (serie televisiva),2026-06-06,133
T20,Outer Banks,Q89414035,IT,it,Outer Banks (serie televisiva),2026-06-07,194
T20,Outer Banks,Q89414035,IT,it,Outer Banks (serie televisiva),2026-06-08,174
T20,Outer Banks,Q89414035,IT,it,Outer Banks (serie televisiva),2026-06-09,188
T20,Outer Banks,Q89414035,IT,it,Outer Banks (serie televisiva),2026-06-10,181
T20,Outer Banks,Q89414035,IT,it,Outer Banks (serie televisiva),2026-06-11,170
T20,Outer Banks,Q89414035,IT,it,Outer Banks (serie televisiva),2026-06-12,130
T20,Outer Banks,Q89414035,IT,it,Outer Banks (serie televisiva),2026-06-13,129
T20,Outer Banks,Q89414035,IT,it,Outer Banks (serie televisiva),2026-06-14,172
T20,Outer Banks,Q89414035,IT,it,Outer Banks (serie televisiva),2026-06-15,183
T20,Outer Banks,Q89414035,IT,it,Outer Banks (serie televisiva),2026-06-16,190
T20,Outer Banks,Q89414035,IT,it,Outer Banks (serie televisiva),2026-06-17,148
T20,Outer Banks,Q89414035,IT,it,Outer Banks (serie televisiva),2026-06-18,414
T20,Outer Banks,Q89414035,IT,it,Outer Banks (serie televisiva),2026-06-19,430
T20,Outer Banks,Q89414035,IT,it,Outer Banks (serie televisiva),2026-06-20,272
T20,Outer Banks,Q89414035,IT,it,Outer Banks (serie televisiva),2026-06-21,317
T20,Outer Banks,Q89414035,IT,it,Outer Banks (serie televisiva),2026-06-22,236
T20,Outer Banks,Q89414035,IT,it,Outer Banks (serie televisiva),2026-06-23,269
T20,Outer Banks,Q89414035,IT,it,Outer Banks (serie televisiva),2026-06-24,267
T20,Outer Banks,Q89414035,IT,it,Outer Banks (serie televisiva),2026-06-25,240
T20,Outer Banks,Q89414035,IT,it,Outer Banks (serie televisiva),2026-06-26,203
T20,Outer Banks,Q89414035,IT,it,Outer Banks (serie televisiva),2026-06-27,219
T20,Outer Banks,Q89414035,IT,it,Outer Banks (serie televisiva),2026-06-28,233
T20,Outer Banks,Q89414035,IT,it,Outer Banks (serie televisiva),2026-06-29,199
T20,Outer Banks,Q89414035,IT,it,Outer Banks (serie televisiva),2026-06-30,197
T20,Outer Banks,Q89414035,IT,it,Outer Banks (serie televisiva),2026-07-01,192
T20,Outer Banks,Q89414035,IT,it,Outer Banks (serie televisiva),2026-07-02,147
T20,Outer Banks,Q89414035,IT,it,Outer Banks (serie televisiva),2026-07-03,183
T20,Outer Banks,Q89414035,IT,it,Outer Banks (serie televisiva),2026-07-04,154
T20,Outer Banks,Q89414035,IT,it,Outer Banks (serie televisiva),2026-07-05,176
T20,Outer Banks,Q89414035,IT,it,Outer Banks (serie televisiva),2026-07-06,250
T20,Outer Banks,Q89414035,IT,it,Outer Banks (serie televisiva),2026-07-07,253
T20,Outer Banks,Q89414035,IT,it,Outer Banks (serie televisiva),2026-07-08,188
T20,Outer Banks,Q89414035,IT,it,Outer Banks (serie televisiva),2026-07-09,171
T20,Outer Banks,Q89414035,IT,it,Outer Banks (serie televisiva),2026-07-10,165
T20,Outer Banks,Q89414035,IT,it,Outer Banks (serie televisiva),2026-07-11,190
T20,Outer Banks,Q89414035,IT,it,Outer Banks (serie televisiva),2026-07-12,186
T20,Outer Banks,Q89414035,IT,it,Outer Banks (serie televisiva),2026-07-13,219
T20,Outer Banks,Q89414035,IT,it,Outer Banks (serie televisiva),2026-07-14,185
T20,Outer Banks,Q89414035,IT,it,Outer Banks (serie televisiva),2026-07-15,186
T20,Outer Banks,Q89414035,IT,it,Outer Banks (serie televisiva),2026-07-16,182
T20,Outer Banks,Q89414035,IT,it,Outer Banks (serie televisiva),2026-07-17,153
T20,Outer Banks,Q89414035,IT,it,Outer Banks (serie televisiva),2026-07-18,151
T20,Outer Banks,Q89414035,IT,it,Outer Banks (serie televisiva),2026-07-19,159
T20,Outer Banks,Q89414035,IT,it,Outer Banks (serie televisiva),2026-07-20,201
T20,Outer Banks,Q89414035,IT,it,Outer Banks (serie televisiva),2026-07-21,187
T20,Outer Banks,Q89414035,IT,it,Outer Banks (serie televisiva),2026-07-22,164
T20,Outer Banks,Q89414035,IT,it,Outer Banks (serie televisiva),2026-07-23,160
T20,Outer Banks,Q89414035,IT,it,Outer Banks (serie televisiva),2026-07-24,186
T20,Outer Banks,Q89414035,IT,it,Outer Banks (serie televisiva),2026-07-25,208
T20,Outer Banks,Q89414035,IT,it,Outer Banks (serie televisiva),2026-07-26,244
T20,Outer Banks,Q89414035,IT,it,Outer Banks (serie televisiva),2026-07-27,250
T20,Outer Banks,Q89414035,IT,it,Outer Banks (serie televisiva),2026-07-28,240
T20,Outer Banks,Q89414035,IT,it,Outer Banks (serie televisiva),2026-07-29,398
T20,Outer Banks,Q89414035,IT,it,Outer Banks (serie televisiva),2026-07-30,335
T20,Outer Banks,Q89414035,IT,it,Outer Banks (serie televisiva),2026-07-31,288
T20,Outer Banks,Q89414035,IT,it,Outer Banks (serie televisiva),2026-08-01,309
T20,Outer Banks,Q89414035,IT,it,Outer Banks (serie televisiva),2026-08-02,333
T20,Outer Banks,Q89414035,IT,it,Outer Banks (serie televisiva),2026-08-03,332
T20,Outer Banks,Q89414035,IT,it,Outer Banks (serie televisiva),2026-08-04,391
T20,Outer Banks,Q89414035,IT,it,Outer Banks (serie televisiva),2026-08-05,327
T20,Outer Banks,Q89414035,IT,it,Outer Banks (serie televisiva),2026-08-06,341
T20,Outer Banks,Q89414035,IT,it,Outer Banks (serie televisiva),2026-08-07,311
T20,Outer Banks,Q89414035,IT,it,Outer Banks (serie televisiva),2026-08-08,257
T20,Outer Banks,Q89414035,IT,it,Outer Banks (serie televisiva),2026-08-09,324
T20,Outer Banks,Q89414035,IT,it,Outer Banks (serie televisiva),2026-08-10,309
T20,Outer Banks,Q89414035,IT,it,Outer Banks (serie televisiva),2026-08-11,337
T20,Outer Banks,Q89414035,IT,it,Outer Banks (serie televisiva),2026-08-12,346
T20,Outer Banks,Q89414035,IT,it,Outer Banks (serie televisiva),2026-08-13,373
T20,Outer Banks,Q89414035,IT,it,Outer Banks (serie televisiva),2026-08-14,443
T20,Outer Banks,Q89414035,IT,it,Outer Banks (serie televisiva),2026-08-15,388
T20,Outer Banks,Q89414035,IT,it,Outer Banks (serie televisiva),2026-08-16,527
T20,Outer Banks,Q89414035,IT,it,Outer Banks (serie televisiva),2026-08-17,577
T20,Outer Banks,Q89414035,IT,it,Outer Banks (serie televisiva),2026-08-18,736
T20,Outer Banks,Q89414035,IT,it,Outer Banks (serie televisiva),2026-08-19,1148
T20,Outer Banks,Q89414035,IT,it,Outer Banks (serie televisiva),2026-08-20,4550
T20,Outer Banks,Q89414035,IT,it,Outer Banks (serie televisiva),2026-08-21,3960
T20,Outer Banks,Q89414035,IT,it,Outer Banks (serie televisiva),2026-08-22,3087
T20,Outer Banks,Q89414035,IT,it,Outer Banks (serie televisiva),2026-08-23,3331
T20,Outer Banks,Q89414035,IT,it,Outer Banks (serie televisiva),2026-08-24,3013
T20,Outer Banks,Q89414035,IT,it,Outer Banks (serie televisiva),2026-08-25,3031
T20,Outer Banks,Q89414035,IT,it,Outer Banks (serie televisiva),2026-08-26,2489
T20,Outer Banks,Q89414035,IT,it,Outer Banks (serie televisiva),2026-08-27,2413
T20,Outer Banks,Q89414035,IT,it,Outer Banks (serie televisiva),2026-08-28,1923
T20,Outer Banks,Q89414035,IT,it,Outer Banks (serie televisiva),2026-08-29,1748
T20,Outer Banks,Q89414035,IT,it,Outer Banks (serie televisiva),2026-08-30,2003
T20,Outer Banks,Q89414035,IT,it,Outer Banks (serie televisiva),2026-08-31,1746
T20,Outer Banks,Q89414035,IT,it,Outer Banks (serie televisiva),2026-09-01,1505
T20,Outer Banks,Q89414035,IT,it,Outer Banks (serie televisiva),2026-09-02,1415
T20,Outer Banks,Q89414035,IT,it,Outer Banks (serie televisiva),2026-09-03,1197
T20,Outer Banks,Q89414035,IT,it,Outer Banks (serie televisiva),2026-09-04,1104
T20,Outer Banks,Q89414035,IT,it,Outer Banks (serie televisiva),2026-09-05,1141
T20,Outer Banks,Q89414035,IT,it,Outer Banks (serie televisiva),2026-09-06,1074
T20,Outer Banks,Q89414035,IT,it,Outer Banks (serie televisiva),2026-09-07,974
T20,Outer Banks,Q89414035,IT,it,Outer Banks (serie televisiva),2026-09-08,978
T20,Outer Banks,Q89414035,IT,it,Outer Banks (serie televisiva),2026-09-09,953
T20,Outer Banks,Q89414035,IT,it,Outer Banks (serie televisiva),2026-09-10,898
T20,Outer Banks,Q89414035,IT,it,Outer Banks (serie televisiva),2026-09-11,714
T20,Outer Banks,Q89414035,IT,it,Outer Banks (serie televisiva),2026-09-12,643
T20,Outer Banks,Q89414035,IT,it,Outer Banks (serie televisiva),2026-09-13,702
T20,Outer Banks,Q89414035,IT,it,Outer Banks (serie televisiva),2026-09-14,659
T20,Outer Banks,Q89414035,IT,it,Outer Banks (serie televisiva),2026-09-15,612
T20,Outer Banks,Q89414035,IT,it,Outer Banks (serie televisiva),2026-09-16,485
T20,Outer Banks,Q89414035,IT,it,Outer Banks (serie televisiva),2026-09-17,492
T20,Outer Banks,Q89414035,IT,it,Outer Banks (serie televisiva),2026-09-18,419
T20,Outer Banks,Q89414035,IT,it,Outer Banks (serie televisiva),2026-09-19,424
T20,Outer Banks,Q89414035,IT,it,Outer Banks (serie televisiva),2026-09-20,496
T20,Outer Banks,Q89414035,KR,ko,아우터뱅크스 (드라마),2026-06-01,1
T20,Outer Banks,Q89414035,KR,ko,아우터뱅크스 (드라마),2026-06-02,1
T20,Outer Banks,Q89414035,KR,ko,아우터뱅크스 (드라마),2026-06-03,1
T20,Outer Banks,Q89414035,KR,ko,아우터뱅크스 (드라마),2026-06-04,0
T20,Outer Banks,Q89414035,KR,ko,아우터뱅크스 (드라마),2026-06-05,3
T20,Outer Banks,Q89414035,KR,ko,아우터뱅크스 (드라마),2026-06-06,0
T20,Outer Banks,Q89414035,KR,ko,아우터뱅크스 (드라마),2026-06-07,4
T20,Outer Banks,Q89414035,KR,ko,아우터뱅크스 (드라마),2026-06-08,2
T20,Outer Banks,Q89414035,KR,ko,아우터뱅크스 (드라마),2026-06-09,2
T20,Outer Banks,Q89414035,KR,ko,아우터뱅크스 (드라마),2026-06-10,2
T20,Outer Banks,Q89414035,KR,ko,아우터뱅크스 (드라마),2026-06-11,0
T20,Outer Banks,Q89414035,KR,ko,아우터뱅크스 (드라마),2026-06-12,2
T20,Outer Banks,Q89414035,KR,ko,아우터뱅크스 (드라마),2026-06-13,2
T20,Outer Banks,Q89414035,KR,ko,아우터뱅크스 (드라마),2026-06-14,0
T20,Outer Banks,Q89414035,KR,ko,아우터뱅크스 (드라마),2026-06-15,1
T20,Outer Banks,Q89414035,KR,ko,아우터뱅크스 (드라마),2026-06-16,3
T20,Outer Banks,Q89414035,KR,ko,아우터뱅크스 (드라마),2026-06-17,1
T20,Outer Banks,Q89414035,KR,ko,아우터뱅크스 (드라마),2026-06-18,0
T20,Outer Banks,Q89414035,KR,ko,아우터뱅크스 (드라마),2026-06-19,3
T20,Outer Banks,Q89414035,KR,ko,아우터뱅크스 (드라마),2026-06-20,4
T20,Outer Banks,Q89414035,KR,ko,아우터뱅크스 (드라마),2026-06-21,5
T20,Outer Banks,Q89414035,KR,ko,아우터뱅크스 (드라마),2026-06-22,1
T20,Outer Banks,Q89414035,KR,ko,아우터뱅크스 (드라마),2026-06-23,2
T20,Outer Banks,Q89414035,KR,ko,아우터뱅크스 (드라마),2026-06-24,2
T20,Outer Banks,Q89414035,KR,ko,아우터뱅크스 (드라마),2026-06-25,1
T20,Outer Banks,Q89414035,KR,ko,아우터뱅크스 (드라마),2026-06-26,0
T20,Outer Banks,Q89414035,KR,ko,아우터뱅크스 (드라마),2026-06-27,1
T20,Outer Banks,Q89414035,KR,ko,아우터뱅크스 (드라마),2026-06-28,3
T20,Outer Banks,Q89414035,KR,ko,아우터뱅크스 (드라마),2026-06-29,0
T20,Outer Banks,Q89414035,KR,ko,아우터뱅크스 (드라마),2026-06-30,0
T20,Outer Banks,Q89414035,KR,ko,아우터뱅크스 (드라마),2026-07-01,2
T20,Outer Banks,Q89414035,KR,ko,아우터뱅크스 (드라마),2026-07-02,0
T20,Outer Banks,Q89414035,KR,ko,아우터뱅크스 (드라마),2026-07-03,1
T20,Outer Banks,Q89414035,KR,ko,아우터뱅크스 (드라마),2026-07-04,6
T20,Outer Banks,Q89414035,KR,ko,아우터뱅크스 (드라마),2026-07-05,0
T20,Outer Banks,Q89414035,KR,ko,아우터뱅크스 (드라마),2026-07-06,0
T20,Outer Banks,Q89414035,KR,ko,아우터뱅크스 (드라마),2026-07-07,3
T20,Outer Banks,Q89414035,KR,ko,아우터뱅크스 (드라마),2026-07-08,2
T20,Outer Banks,Q89414035,KR,ko,아우터뱅크스 (드라마),2026-07-09,0
T20,Outer Banks,Q89414035,KR,ko,아우터뱅크스 (드라마),2026-07-10,1
T20,Outer Banks,Q89414035,KR,ko,아우터뱅크스 (드라마),2026-07-11,1
T20,Outer Banks,Q89414035,KR,ko,아우터뱅크스 (드라마),2026-07-12,1
T20,Outer Banks,Q89414035,KR,ko,아우터뱅크스 (드라마),2026-07-13,1
T20,Outer Banks,Q89414035,KR,ko,아우터뱅크스 (드라마),2026-07-14,0
T20,Outer Banks,Q89414035,KR,ko,아우터뱅크스 (드라마),2026-07-15,1
T20,Outer Banks,Q89414035,KR,ko,아우터뱅크스 (드라마),2026-07-16,1
T20,Outer Banks,Q89414035,KR,ko,아우터뱅크스 (드라마),2026-07-17,1
T20,Outer Banks,Q89414035,KR,ko,아우터뱅크스 (드라마),2026-07-18,2
T20,Outer Banks,Q89414035,KR,ko,아우터뱅크스 (드라마),2026-07-19,2
T20,Outer Banks,Q89414035,KR,ko,아우터뱅크스 (드라마),2026-07-20,1
T20,Outer Banks,Q89414035,KR,ko,아우터뱅크스 (드라마),2026-07-21,0
T20,Outer Banks,Q89414035,KR,ko,아우터뱅크스 (드라마),2026-07-22,1
T20,Outer Banks,Q89414035,KR,ko,아우터뱅크스 (드라마),2026-07-23,0
T20,Outer Banks,Q89414035,KR,ko,아우터뱅크스 (드라마),2026-07-24,0
T20,Outer Banks,Q89414035,KR,ko,아우터뱅크스 (드라마),2026-07-25,4
T20,Outer Banks,Q89414035,KR,ko,아우터뱅크스 (드라마),2026-07-26,2
T20,Outer Banks,Q89414035,KR,ko,아우터뱅크스 (드라마),2026-07-27,2
T20,Outer Banks,Q89414035,KR,ko,아우터뱅크스 (드라마),2026-07-28,1
T20,Outer Banks,Q89414035,KR,ko,아우터뱅크스 (드라마),2026-07-29,1
T20,Outer Banks,Q89414035,KR,ko,아우터뱅크스 (드라마),2026-07-30,4
T20,Outer Banks,Q89414035,KR,ko,아우터뱅크스 (드라마),2026-07-31,3
T20,Outer Banks,Q89414035,KR,ko,아우터뱅크스 (드라마),2026-08-01,4
T20,Outer Banks,Q89414035,KR,ko,아우터뱅크스 (드라마),2026-08-02,4
T20,Outer Banks,Q89414035,KR,ko,아우터뱅크스 (드라마),2026-08-03,3
T20,Outer Banks,Q89414035,KR,ko,아우터뱅크스 (드라마),2026-08-04,3
T20,Outer Banks,Q89414035,KR,ko,아우터뱅크스 (드라마),2026-08-05,1
T20,Outer Banks,Q89414035,KR,ko,아우터뱅크스 (드라마),2026-08-06,1
T20,Outer Banks,Q89414035,KR,ko,아우터뱅크스 (드라마),2026-08-07,1
T20,Outer Banks,Q89414035,KR,ko,아우터뱅크스 (드라마),2026-08-08,2
T20,Outer Banks,Q89414035,KR,ko,아우터뱅크스 (드라마),2026-08-09,5
T20,Outer Banks,Q89414035,KR,ko,아우터뱅크스 (드라마),2026-08-10,1
T20,Outer Banks,Q89414035,KR,ko,아우터뱅크스 (드라마),2026-08-11,1
T20,Outer Banks,Q89414035,KR,ko,아우터뱅크스 (드라마),2026-08-12,0
T20,Outer Banks,Q89414035,KR,ko,아우터뱅크스 (드라마),2026-08-13,3
T20,Outer Banks,Q89414035,KR,ko,아우터뱅크스 (드라마),2026-08-14,11
T20,Outer Banks,Q89414035,KR,ko,아우터뱅크스 (드라마),2026-08-15,6
T20,Outer Banks,Q89414035,KR,ko,아우터뱅크스 (드라마),2026-08-16,2
T20,Outer Banks,Q89414035,KR,ko,아우터뱅크스 (드라마),2026-08-17,3
T20,Outer Banks,Q89414035,KR,ko,아우터뱅크스 (드라마),2026-08-18,1
T20,Outer Banks,Q89414035,KR,ko,아우터뱅크스 (드라마),2026-08-19,3
T20,Outer Banks,Q89414035,KR,ko,아우터뱅크스 (드라마),2026-08-20,28
T20,Outer Banks,Q89414035,KR,ko,아우터뱅크스 (드라마),2026-08-21,38
T20,Outer Banks,Q89414035,KR,ko,아우터뱅크스 (드라마),2026-08-22,46
T20,Outer Banks,Q89414035,KR,ko,아우터뱅크스 (드라마),2026-08-23,55
T20,Outer Banks,Q89414035,KR,ko,아우터뱅크스 (드라마),2026-08-24,31
T20,Outer Banks,Q89414035,KR,ko,아우터뱅크스 (드라마),2026-08-25,65
T20,Outer Banks,Q89414035,KR,ko,아우터뱅크스 (드라마),2026-08-26,61
T20,Outer Banks,Q89414035,KR,ko,아우터뱅크스 (드라마),2026-08-27,39
T20,Outer Banks,Q89414035,KR,ko,아우터뱅크스 (드라마),2026-08-28,48
T20,Outer Banks,Q89414035,KR,ko,아우터뱅크스 (드라마),2026-08-29,23
T20,Outer Banks,Q89414035,KR,ko,아우터뱅크스 (드라마),2026-08-30,51
T20,Outer Banks,Q89414035,KR,ko,아우터뱅크스 (드라마),2026-08-31,39
T20,Outer Banks,Q89414035,KR,ko,아우터뱅크스 (드라마),2026-09-01,40
T20,Outer Banks,Q89414035,KR,ko,아우터뱅크스 (드라마),2026-09-02,22
T20,Outer Banks,Q89414035,KR,ko,아우터뱅크스 (드라마),2026-09-03,28
T20,Outer Banks,Q89414035,KR,ko,아우터뱅크스 (드라마),2026-09-04,28
T20,Outer Banks,Q89414035,KR,ko,아우터뱅크스 (드라마),2026-09-05,37
T20,Outer Banks,Q89414035,KR,ko,아우터뱅크스 (드라마),2026-09-06,26
T20,Outer Banks,Q89414035,KR,ko,아우터뱅크스 (드라마),2026-09-07,16
T20,Outer Banks,Q89414035,KR,ko,아우터뱅크스 (드라마),2026-09-08,30
T20,Outer Banks,Q89414035,KR,ko,아우터뱅크스 (드라마),2026-09-09,23
T20,Outer Banks,Q89414035,KR,ko,아우터뱅크스 (드라마),2026-09-10,20
T20,Outer Banks,Q89414035,KR,ko,아우터뱅크스 (드라마),2026-09-11,21
T20,Outer Banks,Q89414035,KR,ko,아우터뱅크스 (드라마),2026-09-12,15
T20,Outer Banks,Q89414035,KR,ko,아우터뱅크스 (드라마),2026-09-13,15
T20,Outer Banks,Q89414035,KR,ko,아우터뱅크스 (드라마),2026-09-14,16
T20,Outer Banks,Q89414035,KR,ko,아우터뱅크스 (드라마),2026-09-15,12
T20,Outer Banks,Q89414035,KR,ko,아우터뱅크스 (드라마),2026-09-16,9
T20,Outer Banks,Q89414035,KR,ko,아우터뱅크스 (드라마),2026-09-17,10
T20,Outer Banks,Q89414035,KR,ko,아우터뱅크스 (드라마),2026-09-18,7
T20,Outer Banks,Q89414035,KR,ko,아우터뱅크스 (드라마),2026-09-19,11
T20,Outer Banks,Q89414035,KR,ko,아우터뱅크스 (드라마),2026-09-20,9
