variant,market,category,week_end,title_id,show_title,article,match_status,n,netflix_rank,netflix_rank_in_set,views,pageview_rank_in_set,rank_gap,norm_gap,is_discrepancy,direction
all,FR,Films,2026-08-09,T247,Turbulence,Turbulences à 30 000 pieds,contested_kept,9,3,3,112,9.0,-6.0,0.75,True,netflix_ahead
excl_contested_kept,BR,Films,2026-08-09,T002,The Last House,A Última Casa (2026),ok,6,1,1,0,6.0,-5.0,1.0,True,netflix_ahead
all,BR,Films,2026-08-09,T002,The Last House,A Última Casa (2026),ok,6,1,1,0,6.0,-5.0,1.0,True,netflix_ahead
all,BR,Films,2026-09-06,T153,13 Minutes,Elser – Er hätte die Welt verändert,contested_kept,7,3,2,4,7.0,-5.0,0.8333333333333334,True,netflix_ahead
all,FR,Films,2026-08-30,T011,The Secret Woman,"La Femme secrète (film, 2026)",ok,7,4,2,0,7.0,-5.0,0.8333333333333334,True,netflix_ahead
all,FR,Films,2026-08-16,T204,Say Cheese,On sourit pour la photo,ok,8,5,3,1386,8.0,-5.0,0.7142857142857143,True,netflix_ahead
excl_contested_kept,FR,Films,2026-08-16,T204,Say Cheese,On sourit pour la photo,ok,8,5,3,1386,8.0,-5.0,0.7142857142857143,True,netflix_ahead
all,FR,Films,2026-07-05,T021,Voicemails for Isabelle,Si tu m'écoutes,ok,7,3,2,0,7.0,-5.0,0.8333333333333334,True,netflix_ahead
all,IT,Films,2026-07-19,T255,Journey 2: The Mysterious Island,Viaggio nell'isola misteriosa,ok,6,4,1,1733,6.0,-5.0,1.0,True,netflix_ahead
excl_contested_kept,JP,TV,2026-09-20,T233,Plastic Beauty,ダウンタイム,ok,6,1,1,420,6.0,-5.0,1.0,True,netflix_ahead
all,JP,TV,2026-09-20,T233,Plastic Beauty,ダウンタイム,ok,6,1,1,420,6.0,-5.0,1.0,True,netflix_ahead
excl_contested_kept,KR,TV,2026-08-16,T121,I am Solo,나는 SOLO,ok,8,2,2,431,7.0,-5.0,0.7142857142857143,True,netflix_ahead
all,KR,TV,2026-08-09,T121,I am Solo,나는 SOLO,ok,6,1,1,532,6.0,-5.0,1.0,True,netflix_ahead
all,KR,TV,2026-08-16,T121,I am Solo,나는 SOLO,ok,8,2,2,431,7.0,-5.0,0.7142857142857143,True,netflix_ahead
excl_contested_kept,KR,TV,2026-08-09,T121,I am Solo,나는 SOLO,ok,6,1,1,532,6.0,-5.0,1.0,True,netflix_ahead
excl_contested_kept,FR,Films,2026-07-26,T004,Elize: Shadows of a Woman,Elize : Surgie de l'ombre,ok,6,1,1,0,5.5,-4.5,0.9,True,netflix_ahead
all,FR,Films,2026-07-26,T004,Elize: Shadows of a Woman,Elize : Surgie de l'ombre,ok,6,1,1,0,5.5,-4.5,0.9,True,netflix_ahead
excl_contested_kept,IT,Films,2026-08-09,T010,72 HOURS,72 Hours (film 2026),ok,8,2,2,2252,6.0,-4.0,0.5714285714285714,True,netflix_ahead
all,IT,Films,2026-08-09,T010,72 HOURS,72 Hours (film 2026),ok,8,2,2,2252,6.0,-4.0,0.5714285714285714,True,netflix_ahead
all,DE,Films,2026-08-23,T006,Facing El Chapo,Die Festnahme (2026),ok,6,2,2,0,6.0,-4.0,0.8,True,netflix_ahead
all,FR,Films,2026-09-20,T188,How to Train Your Dragon,"Dragons (film, 2025)",resolved_by_date,9,3,3,3105,7.0,-4.0,0.5,True,netflix_ahead
all,IT,Films,2026-07-05,T005,Enola Holmes 3,Enola Holmes 3,ok,7,1,1,2862,5.0,-4.0,0.6666666666666666,True,netflix_ahead
excl_contested_kept,FR,Films,2026-08-30,T011,The Secret Woman,"La Femme secrète (film, 2026)",ok,6,4,2,0,6.0,-4.0,0.8,True,netflix_ahead
all,DE,TV,2026-07-12,T009,I Will Find You,Nur für dein Leben,ok,5,1,1,0,5.0,-4.0,1.0,True,netflix_ahead
all,IT,TV,2026-09-13,T084,Physical 100: Italy,Physical Italia: da 100 a 1,ok,6,2,2,4583,6.0,-4.0,0.8,True,netflix_ahead
excl_contested_kept,IT,TV,2026-09-13,T084,Physical 100: Italy,Physical Italia: da 100 a 1,ok,6,2,2,4583,6.0,-4.0,0.8,True,netflix_ahead
all,IT,Films,2026-08-02,T015,The Debt Collector,The Debt Collector (film 2018),contested_kept,7,4,3,0,7.0,-4.0,0.6666666666666666,True,netflix_ahead
all,JP,TV,2026-07-12,T076,Human Vapor,ガス人間,ok,5,1,1,6472,5.0,-4.0,1.0,True,netflix_ahead
excl_contested_kept,JP,TV,2026-07-12,T076,Human Vapor,ガス人間,ok,5,1,1,6472,5.0,-4.0,1.0,True,netflix_ahead
all,JP,TV,2026-08-09,T074,Badly in Love,ラヴ上等,ok,7,1,1,12799,5.0,-4.0,0.6666666666666666,True,netflix_ahead
excl_contested_kept,JP,TV,2026-08-09,T074,Badly in Love,ラヴ上等,ok,7,1,1,12799,5.0,-4.0,0.6666666666666666,True,netflix_ahead
all,KR,TV,2026-08-23,T121,I am Solo,나는 SOLO,ok,5,1,1,484,5.0,-4.0,1.0,True,netflix_ahead
excl_contested_kept,KR,TV,2026-08-23,T121,I am Solo,나는 SOLO,ok,5,1,1,484,5.0,-4.0,1.0,True,netflix_ahead
all,JP,Films,2026-09-13,T273,"One Second Ahead, One Second Behind",1秒先の彼,ok,4,5,1,15,4.0,-3.0,1.0,True,netflix_ahead
excl_contested_kept,JP,Films,2026-09-13,T273,"One Second Ahead, One Second Behind",1秒先の彼,ok,4,5,1,15,4.0,-3.0,1.0,True,netflix_ahead
all,BR,Films,2026-08-16,T002,The Last House,A Última Casa (2026),ok,4,2,1,373,4.0,-3.0,1.0,True,netflix_ahead
excl_contested_kept,BR,Films,2026-08-16,T002,The Last House,A Última Casa (2026),ok,4,2,1,373,4.0,-3.0,1.0,True,netflix_ahead
all,DE,Films,2026-07-05,T269,Bride Hard,Bride Hard,ok,7,5,3,2773,6.0,-3.0,0.5,True,netflix_ahead
excl_contested_kept,DE,Films,2026-08-23,T006,Facing El Chapo,Die Festnahme (2026),ok,5,2,2,0,5.0,-3.0,0.75,True,netflix_ahead
excl_contested_kept,FR,Films,2026-09-20,T188,How to Train Your Dragon,"Dragons (film, 2025)",resolved_by_date,8,3,3,3105,6.0,-3.0,0.42857142857142855,False,netflix_ahead
all,BR,Films,2026-08-30,T153,13 Minutes,Elser – Er hätte die Welt verändert,contested_kept,5,5,2,2,5.0,-3.0,0.75,True,netflix_ahead
excl_contested_kept,FR,Films,2026-08-09,T090,Meg 2: The Trench,En eaux très troubles,ok,8,4,3,3147,6.0,-3.0,0.42857142857142855,False,netflix_ahead
excl_contested_kept,IT,Films,2026-07-05,T005,Enola Holmes 3,Enola Holmes 3,ok,5,1,1,2862,4.0,-3.0,0.75,True,netflix_ahead
excl_contested_kept,IT,Films,2026-09-13,T059,The Little Things,Fino all'ultimo indizio,ok,6,1,1,4710,4.0,-3.0,0.6,True,netflix_ahead
excl_contested_kept,IT,Films,2026-09-20,T059,The Little Things,Fino all'ultimo indizio,ok,6,1,1,3901,4.0,-3.0,0.6,True,netflix_ahead
all,IT,Films,2026-09-13,T059,The Little Things,Fino all'ultimo indizio,ok,6,1,1,4710,4.0,-3.0,0.6,True,netflix_ahead
all,IT,Films,2026-09-20,T059,The Little Things,Fino all'ultimo indizio,ok,6,1,1,3901,4.0,-3.0,0.6,True,netflix_ahead
all,DE,Films,2026-07-05,T172,Infinite,Infinite – Lebe unendlich,ok,7,2,1,8893,4.0,-3.0,0.5,True,netflix_ahead
all,FR,Films,2026-09-20,T277,The Nun II,La Nonne : La Malédiction de Sainte-Lucie,ok,9,5,5,3013,8.0,-3.0,0.375,False,netflix_ahead
excl_contested_kept,FR,Films,2026-09-20,T277,The Nun II,La Nonne : La Malédiction de Sainte-Lucie,ok,8,5,4,3013,7.0,-3.0,0.42857142857142855,False,netflix_ahead
all,FR,Films,2026-08-30,T206,The Morning After,Le Lendemain du crime,contested_kept,7,5,3,38,6.0,-3.0,0.5,True,netflix_ahead
excl_contested_kept,FR,TV,2026-08-23,T017,My Life With the Walter Boys,Ma vie avec les Walter Boys,ok,6,4,3,8730,6.0,-3.0,0.6,True,netflix_ahead
all,FR,TV,2026-08-23,T017,My Life With the Walter Boys,Ma vie avec les Walter Boys,ok,6,4,3,8730,6.0,-3.0,0.6,True,netflix_ahead
excl_contested_kept,FR,TV,2026-08-09,T017,My Life With the Walter Boys,Ma vie avec les Walter Boys,ok,6,1,1,13757,4.0,-3.0,0.6,True,netflix_ahead
all,FR,TV,2026-08-09,T017,My Life With the Walter Boys,Ma vie avec les Walter Boys,ok,6,1,1,13757,4.0,-3.0,0.6,True,netflix_ahead
all,FR,TV,2026-08-30,T017,My Life With the Walter Boys,Ma vie avec les Walter Boys,ok,6,7,3,5853,6.0,-3.0,0.6,True,netflix_ahead
excl_contested_kept,FR,TV,2026-08-30,T017,My Life With the Walter Boys,Ma vie avec les Walter Boys,ok,6,7,3,5853,6.0,-3.0,0.6,True,netflix_ahead
excl_contested_kept,BR,Films,2026-07-19,T090,Meg 2: The Trench,Meg 2: The Trench,ok,5,2,1,145,4.0,-3.0,0.75,True,netflix_ahead
all,BR,Films,2026-07-19,T090,Meg 2: The Trench,Meg 2: The Trench,ok,5,2,1,145,4.0,-3.0,0.75,True,netflix_ahead
all,DE,Films,2026-08-09,T245,Momo,Momo (1986),ok,6,3,2,3426,5.0,-3.0,0.6,True,netflix_ahead
excl_contested_kept,DE,Films,2026-08-09,T245,Momo,Momo (1986),ok,6,3,2,3426,5.0,-3.0,0.6,True,netflix_ahead
excl_contested_kept,FR,TV,2026-08-30,T145,Rhythm + Flow France,Nouvelle École (émission de téléréalité),ok,6,1,1,8805,4.0,-3.0,0.6,True,netflix_ahead
all,FR,TV,2026-08-30,T145,Rhythm + Flow France,Nouvelle École (émission de téléréalité),ok,6,1,1,8805,4.0,-3.0,0.6,True,netflix_ahead
all,DE,TV,2026-07-05,T009,I Will Find You,Nur für dein Leben,ok,4,1,1,0,4.0,-3.0,1.0,True,netflix_ahead
all,DE,TV,2026-08-23,T009,I Will Find You,Nur für dein Leben,ok,6,6,3,0,6.0,-3.0,0.6,True,netflix_ahead
all,DE,TV,2026-07-19,T009,I Will Find You,Nur für dein Leben,ok,4,2,1,0,4.0,-3.0,1.0,True,netflix_ahead
excl_contested_kept,DE,TV,2026-07-12,T009,I Will Find You,Nur für dein Leben,ok,4,1,1,0,4.0,-3.0,1.0,True,netflix_ahead
excl_contested_kept,DE,TV,2026-08-23,T009,I Will Find You,Nur für dein Leben,ok,6,6,3,0,6.0,-3.0,0.6,True,netflix_ahead
excl_contested_kept,FR,Films,2026-08-09,T176,Paulette,Paulette (film),ok,8,2,2,3848,5.0,-3.0,0.42857142857142855,False,netflix_ahead
all,FR,Films,2026-08-09,T176,Paulette,Paulette (film),ok,9,2,2,3848,5.0,-3.0,0.375,False,netflix_ahead
excl_contested_kept,FR,Films,2026-07-05,T021,Voicemails for Isabelle,Si tu m'écoutes,ok,5,3,2,0,5.0,-3.0,0.75,True,netflix_ahead
excl_contested_kept,FR,Films,2026-07-12,T021,Voicemails for Isabelle,Si tu m'écoutes,ok,5,4,2,0,5.0,-3.0,0.75,True,netflix_ahead
all,FR,Films,2026-07-12,T021,Voicemails for Isabelle,Si tu m'écoutes,ok,5,4,2,0,5.0,-3.0,0.75,True,netflix_ahead
all,FR,Films,2026-07-19,T021,Voicemails for Isabelle,Si tu m'écoutes,ok,5,4,2,0,5.0,-3.0,0.75,True,netflix_ahead
all,IT,Films,2026-07-05,T065,Sonic the Hedgehog 3,Sonic 3 - Il film,ok,7,4,3,1526,6.0,-3.0,0.5,True,netflix_ahead
all,FR,Films,2026-07-05,T103,The Contractor,The Contractor,contested_kept,7,4,3,1464,6.0,-3.0,0.5,True,netflix_ahead
all,IT,Films,2026-07-05,T103,The Contractor,The Contractor - Rischio supremo,contested_kept,7,6,4,840,7.0,-3.0,0.5,True,netflix_ahead
excl_contested_kept,BR,Films,2026-09-06,T066,The Hard Corps,The Hard Corps,ok,6,4,2,59,5.0,-3.0,0.6,True,netflix_ahead
excl_contested_kept,BR,Films,2026-09-20,T250,A Minecraft Movie,Um Filme Minecraft,ok,6,4,1,316,4.0,-3.0,0.6,True,netflix_ahead
all,BR,Films,2026-09-20,T250,A Minecraft Movie,Um Filme Minecraft,ok,6,4,1,316,4.0,-3.0,0.6,True,netflix_ahead
all,FR,Films,2026-09-20,T059,The Little Things,Une affaire de détails,ok,9,2,2,7519,5.0,-3.0,0.375,False,netflix_ahead
excl_contested_kept,IT,Films,2026-07-19,T255,Journey 2: The Mysterious Island,Viaggio nell'isola misteriosa,ok,4,4,1,1733,4.0,-3.0,1.0,True,netflix_ahead
all,JP,TV,2026-09-13,T074,Badly in Love,ラヴ上等,ok,5,1,1,30263,4.0,-3.0,0.75,True,netflix_ahead
excl_contested_kept,JP,TV,2026-09-13,T074,Badly in Love,ラヴ上等,ok,5,1,1,30263,4.0,-3.0,0.75,True,netflix_ahead
excl_contested_kept,JP,TV,2026-07-05,T025,Teach You a Lesson,鉄槌教師,ok,5,3,2,68,5.0,-3.0,0.75,True,netflix_ahead
all,JP,TV,2026-07-05,T025,Teach You a Lesson,鉄槌教師,ok,5,3,2,68,5.0,-3.0,0.75,True,netflix_ahead
all,KR,Films,2026-09-20,T237,Black Bag,블랙 백,ok,5,2,2,50,5.0,-3.0,0.75,True,netflix_ahead
excl_contested_kept,KR,Films,2026-09-20,T237,Black Bag,블랙 백,ok,5,2,2,50,5.0,-3.0,0.75,True,netflix_ahead
all,KR,Films,2026-07-12,T161,People and Meat,사람과 고기,ok,6,4,1,85,4.0,-3.0,0.6,True,netflix_ahead
excl_contested_kept,KR,Films,2026-07-12,T161,People and Meat,사람과 고기,ok,6,4,1,85,4.0,-3.0,0.6,True,netflix_ahead
all,KR,Films,2026-09-13,T183,Vanishing Point,소실점 (영화),ok,4,2,1,0,4.0,-3.0,1.0,True,netflix_ahead
excl_contested_kept,KR,Films,2026-09-13,T183,Vanishing Point,소실점 (영화),ok,4,2,1,0,4.0,-3.0,1.0,True,netflix_ahead
all,KR,Films,2026-08-23,T127,Wild Sing,와일드 씽 (2026년 영화),ok,5,2,1,182,4.0,-3.0,0.75,True,netflix_ahead
excl_contested_kept,KR,Films,2026-08-23,T127,Wild Sing,와일드 씽 (2026년 영화),ok,5,2,1,182,4.0,-3.0,0.75,True,netflix_ahead
excl_contested_kept,KR,TV,2026-08-16,T309,Whenever Possible,"틈만나면,",ok,8,7,5,387,8.0,-3.0,0.42857142857142855,False,netflix_ahead
all,KR,TV,2026-08-16,T309,Whenever Possible,"틈만나면,",ok,8,7,5,387,8.0,-3.0,0.42857142857142855,False,netflix_ahead
excl_contested_kept,KR,TV,2026-09-20,T132,"Four Hands, Two Sonatas",포핸즈,ok,5,2,2,0,5.0,-3.0,0.75,True,netflix_ahead
all,KR,TV,2026-09-20,T132,"Four Hands, Two Sonatas",포핸즈,ok,5,2,2,0,5.0,-3.0,0.75,True,netflix_ahead
all,DE,TV,2026-08-16,T017,My Life With the Walter Boys,Ich und die Walter Boys,ok,4,1,1,0,3.5,-2.5,0.8333333333333334,True,netflix_ahead
excl_contested_kept,DE,TV,2026-08-09,T017,My Life With the Walter Boys,Ich und die Walter Boys,ok,4,1,1,0,3.5,-2.5,0.8333333333333334,True,netflix_ahead
all,DE,TV,2026-08-09,T017,My Life With the Walter Boys,Ich und die Walter Boys,ok,4,1,1,0,3.5,-2.5,0.8333333333333334,True,netflix_ahead
excl_contested_kept,DE,TV,2026-08-16,T017,My Life With the Walter Boys,Ich und die Walter Boys,ok,4,1,1,0,3.5,-2.5,0.8333333333333334,True,netflix_ahead
all,DE,TV,2026-07-26,T009,I Will Find You,Nur für dein Leben,ok,5,3,2,0,4.5,-2.5,0.625,True,netflix_ahead
excl_contested_kept,FR,Films,2026-08-09,T010,72 HOURS,72 Heures (film),ok,8,6,5,2758,7.0,-2.0,0.2857142857142857,False,netflix_ahead
all,IT,Films,2026-08-02,T010,72 HOURS,72 Hours (film 2026),ok,7,1,1,4535,3.0,-2.0,0.3333333333333333,False,netflix_ahead
excl_contested_kept,IT,Films,2026-08-02,T010,72 HOURS,72 Hours (film 2026),ok,5,1,1,4535,3.0,-2.0,0.5,True,netflix_ahead
all,FR,TV,2026-07-12,T001,Agent Kim Reactivated,Agent Kim Reactivated,ok,5,5,3,166,5.0,-2.0,0.5,True,netflix_ahead
all,FR,TV,2026-07-05,T001,Agent Kim Reactivated,Agent Kim Reactivated,ok,5,6,3,0,5.0,-2.0,0.5,True,netflix_ahead
all,FR,TV,2026-07-19,T001,Agent Kim Reactivated,Agent Kim Reactivated,ok,5,5,3,4263,5.0,-2.0,0.5,True,netflix_ahead
excl_contested_kept,FR,TV,2026-07-05,T001,Agent Kim Reactivated,Agent Kim Reactivated,ok,4,6,2,0,4.0,-2.0,0.6666666666666666,True,netflix_ahead
excl_contested_kept,IT,Films,2026-09-06,T008,Anacondas: Trail of Blood,Anaconda - Sentiero di sangue,ok,6,7,4,1022,6.0,-2.0,0.4,False,netflix_ahead
all,IT,Films,2026-09-06,T008,Anacondas: Trail of Blood,Anaconda - Sentiero di sangue,ok,6,7,4,1022,6.0,-2.0,0.4,False,netflix_ahead
all,BR,Films,2026-09-20,T214,Bee Movie,Bee Movie,ok,6,7,3,160,5.0,-2.0,0.4,False,netflix_ahead
excl_contested_kept,BR,Films,2026-09-20,T214,Bee Movie,Bee Movie,ok,6,7,3,160,5.0,-2.0,0.4,False,netflix_ahead
excl_contested_kept,DE,Films,2026-07-05,T269,Bride Hard,Bride Hard,ok,6,5,3,2773,5.0,-2.0,0.4,False,netflix_ahead
all,IT,Films,2026-08-30,T306,The Heat,Corpi da reato,ok,6,7,4,1388,6.0,-2.0,0.4,False,netflix_ahead
excl_contested_kept,IT,Films,2026-08-30,T306,The Heat,Corpi da reato,ok,6,7,4,1388,6.0,-2.0,0.4,False,netflix_ahead
all,DE,TV,2026-09-13,T037,Crew Girl,Crew Girl,ok,4,2,2,4792,4.0,-2.0,0.6666666666666666,True,netflix_ahead
excl_contested_kept,DE,TV,2026-09-13,T037,Crew Girl,Crew Girl,ok,4,2,2,4792,4.0,-2.0,0.6666666666666666,True,netflix_ahead
excl_contested_kept,IT,TV,2026-09-20,T037,Crew Girl,Crew Girl,ok,5,2,2,8861,4.0,-2.0,0.5,True,netflix_ahead
all,IT,TV,2026-09-20,T037,Crew Girl,Crew Girl,ok,5,2,2,8861,4.0,-2.0,0.5,True,netflix_ahead
excl_contested_kept,DE,Films,2026-08-30,T006,Facing El Chapo,Die Festnahme (2026),ok,6,4,3,5704,5.0,-2.0,0.4,False,netflix_ahead
all,DE,Films,2026-08-30,T006,Facing El Chapo,Die Festnahme (2026),ok,6,4,3,5704,5.0,-2.0,0.4,False,netflix_ahead
all,FR,Films,2026-08-02,T270,Drop,Drop Game,resolved_by_date,7,5,5,1741,7.0,-2.0,0.3333333333333333,False,netflix_ahead
excl_contested_kept,FR,Films,2026-08-02,T270,Drop,Drop Game,resolved_by_date,7,5,5,1741,7.0,-2.0,0.3333333333333333,False,netflix_ahead
all,FR,Films,2026-08-09,T090,Meg 2: The Trench,En eaux très troubles,ok,9,4,4,3147,6.0,-2.0,0.25,False,netflix_ahead
all,IT,Films,2026-07-12,T005,Enola Holmes 3,Enola Holmes 3,ok,6,1,1,6289,3.0,-2.0,0.4,False,netflix_ahead
all,DE,Films,2026-07-12,T281,F9: The Fast Saga,Fast & Furious 9,ok,6,6,4,2311,6.0,-2.0,0.4,False,netflix_ahead
all,DE,Films,2026-09-06,T066,The Hard Corps,Hard Corps,ok,7,8,5,1445,7.0,-2.0,0.3333333333333333,False,netflix_ahead
excl_contested_kept,DE,Films,2026-09-06,T066,The Hard Corps,Hard Corps,ok,7,8,5,1445,7.0,-2.0,0.3333333333333333,False,netflix_ahead
excl_contested_kept,DE,TV,2026-08-23,T017,My Life With the Walter Boys,Ich und die Walter Boys,ok,6,3,2,8655,4.0,-2.0,0.4,False,netflix_ahead
all,DE,TV,2026-08-23,T017,My Life With the Walter Boys,Ich und die Walter Boys,ok,6,3,2,8655,4.0,-2.0,0.4,False,netflix_ahead
excl_contested_kept,DE,Films,2026-07-05,T172,Infinite,Infinite – Lebe unendlich,ok,6,2,1,8893,3.0,-2.0,0.4,False,netflix_ahead
all,DE,Films,2026-07-12,T172,Infinite,Infinite – Lebe unendlich,ok,6,5,3,4503,5.0,-2.0,0.4,False,netflix_ahead
all,DE,TV,2026-07-26,T126,Kaulitz & Kaulitz,Kaulitz & Kaulitz,ok,5,1,1,2624,3.0,-2.0,0.5,True,netflix_ahead
excl_contested_kept,BR,Films,2026-07-19,T216,Killer Elite,Killer Elite,ok,5,7,3,113,5.0,-2.0,0.5,True,netflix_ahead
all,BR,Films,2026-07-19,T216,Killer Elite,Killer Elite,ok,5,7,3,113,5.0,-2.0,0.5,True,netflix_ahead
excl_contested_kept,IT,Films,2026-09-13,T089,Kraven the Hunter,Kraven - Il cacciatore,ok,6,4,3,4067,5.0,-2.0,0.4,False,netflix_ahead
all,IT,Films,2026-09-13,T089,Kraven the Hunter,Kraven - Il cacciatore,ok,6,4,3,4067,5.0,-2.0,0.4,False,netflix_ahead
excl_contested_kept,IT,Films,2026-09-06,T196,L'Amore sta bene su tutto,L'amore sta bene su tutto,ok,6,4,2,6957,4.0,-2.0,0.4,False,netflix_ahead
all,IT,Films,2026-09-06,T196,L'Amore sta bene su tutto,L'amore sta bene su tutto,ok,6,4,2,6957,4.0,-2.0,0.4,False,netflix_ahead
all,IT,Films,2026-09-06,T006,Facing El Chapo,La Captura,ok,6,5,3,3771,5.0,-2.0,0.4,False,netflix_ahead
excl_contested_kept,IT,Films,2026-09-06,T006,Facing El Chapo,La Captura,ok,6,5,3,3771,5.0,-2.0,0.4,False,netflix_ahead
all,IT,Films,2026-08-30,T006,Facing El Chapo,La Captura,ok,6,3,2,11534,4.0,-2.0,0.4,False,netflix_ahead
excl_contested_kept,IT,Films,2026-08-30,T006,Facing El Chapo,La Captura,ok,6,3,2,11534,4.0,-2.0,0.4,False,netflix_ahead
all,IT,TV,2026-07-12,T023,Little House on the Prairie,La casa nella prateria (serie televisiva 2026),ok,4,4,1,4229,3.0,-2.0,0.6666666666666666,True,netflix_ahead
excl_contested_kept,IT,Films,2026-08-09,T034,The Truthers,Los Creyentes - Oltre la verità,ok,8,6,5,2128,7.0,-2.0,0.2857142857142857,False,netflix_ahead
all,IT,Films,2026-08-09,T034,The Truthers,Los Creyentes - Oltre la verità,ok,8,6,5,2128,7.0,-2.0,0.2857142857142857,False,netflix_ahead
excl_contested_kept,FR,TV,2026-08-16,T033,My Brilliant Career,Ma brillante carrière (série télévisée),ok,6,4,3,7740,5.0,-2.0,0.4,False,netflix_ahead
all,FR,TV,2026-08-16,T033,My Brilliant Career,Ma brillante carrière (série télévisée),ok,6,4,3,7740,5.0,-2.0,0.4,False,netflix_ahead
excl_contested_kept,FR,TV,2026-08-16,T017,My Life With the Walter Boys,Ma vie avec les Walter Boys,ok,6,1,1,14677,3.0,-2.0,0.4,False,netflix_ahead
all,FR,TV,2026-08-16,T017,My Life With the Walter Boys,Ma vie avec les Walter Boys,ok,6,1,1,14677,3.0,-2.0,0.4,False,netflix_ahead
all,DE,Films,2026-08-23,T083,"My Best Friend, His Girlfriend and Me","Mein bester Freund, seine Freundin & ich",ok,6,1,1,10797,3.0,-2.0,0.4,False,netflix_ahead
excl_contested_kept,DE,Films,2026-08-23,T083,"My Best Friend, His Girlfriend and Me","Mein bester Freund, seine Freundin & ich",ok,5,1,1,10797,3.0,-2.0,0.5,True,netflix_ahead
excl_contested_kept,BR,Films,2026-08-30,T284,Mickey 17,Mickey 17,ok,4,6,2,176,4.0,-2.0,0.6666666666666666,True,netflix_ahead
excl_contested_kept,FR,Films,2026-08-09,T204,Say Cheese,On sourit pour la photo,ok,8,7,6,1690,8.0,-2.0,0.2857142857142857,False,netflix_ahead
all,IT,Films,2026-08-02,T274,Someone Like You,Qualcuno come te,contested_kept,7,5,4,212,6.0,-2.0,0.3333333333333333,False,netflix_ahead
excl_contested_kept,FR,Films,2026-07-19,T021,Voicemails for Isabelle,Si tu m'écoutes,ok,4,4,2,0,4.0,-2.0,0.6666666666666666,True,netflix_ahead
excl_contested_kept,IT,Films,2026-07-05,T065,Sonic the Hedgehog 3,Sonic 3 - Il film,ok,5,4,3,1526,5.0,-2.0,0.5,True,netflix_ahead
all,BR,Films,2026-09-13,T066,The Hard Corps,The Hard Corps,ok,5,5,2,65,4.0,-2.0,0.5,True,netflix_ahead
excl_contested_kept,BR,Films,2026-09-13,T066,The Hard Corps,The Hard Corps,ok,4,5,2,65,4.0,-2.0,0.6666666666666666,True,netflix_ahead
all,BR,Films,2026-09-06,T066,The Hard Corps,The Hard Corps,ok,7,4,3,59,5.0,-2.0,0.3333333333333333,False,netflix_ahead
excl_contested_kept,FR,Films,2026-09-20,T059,The Little Things,Une affaire de détails,ok,8,2,2,7519,4.0,-2.0,0.2857142857142857,False,netflix_ahead
all,FR,Films,2026-07-19,T181,The Retirement Plan,Une retraite d'enfer,ok,5,2,1,2427,3.0,-2.0,0.5,True,netflix_ahead
excl_contested_kept,FR,Films,2026-07-19,T181,The Retirement Plan,Une retraite d'enfer,ok,4,2,1,2427,3.0,-2.0,0.6666666666666666,True,netflix_ahead
all,DE,Films,2026-07-12,T021,Voicemails for Isabelle,Voicemails for Isabelle,ok,6,2,1,8426,3.0,-2.0,0.4,False,netflix_ahead
all,JP,Films,2026-09-06,T008,Anacondas: Trail of Blood,アナコンダ4,ok,4,3,2,1280,4.0,-2.0,0.6666666666666666,True,netflix_ahead
excl_contested_kept,JP,Films,2026-09-06,T008,Anacondas: Trail of Blood,アナコンダ4,ok,4,3,2,1280,4.0,-2.0,0.6666666666666666,True,netflix_ahead
excl_contested_kept,JP,TV,2026-07-05,T076,Human Vapor,ガス人間,ok,5,1,1,3717,3.0,-2.0,0.5,True,netflix_ahead
excl_contested_kept,JP,TV,2026-08-09,T076,Human Vapor,ガス人間,ok,7,7,5,727,7.0,-2.0,0.3333333333333333,False,netflix_ahead
all,JP,TV,2026-07-05,T076,Human Vapor,ガス人間,ok,5,1,1,3717,3.0,-2.0,0.5,True,netflix_ahead
all,JP,TV,2026-07-26,T076,Human Vapor,ガス人間,ok,4,3,2,1641,4.0,-2.0,0.6666666666666666,True,netflix_ahead
all,JP,TV,2026-08-09,T076,Human Vapor,ガス人間,ok,7,7,5,727,7.0,-2.0,0.3333333333333333,False,netflix_ahead
excl_contested_kept,JP,TV,2026-07-26,T076,Human Vapor,ガス人間,ok,4,3,2,1641,4.0,-2.0,0.6666666666666666,True,netflix_ahead
excl_contested_kept,JP,TV,2026-09-20,T074,Badly in Love,ラヴ上等,ok,6,4,3,15245,5.0,-2.0,0.4,False,netflix_ahead
excl_contested_kept,JP,TV,2026-08-30,T074,Badly in Love,ラヴ上等,ok,5,1,1,34739,3.0,-2.0,0.5,True,netflix_ahead
all,JP,TV,2026-08-30,T074,Badly in Love,ラヴ上等,ok,5,1,1,34739,3.0,-2.0,0.5,True,netflix_ahead
excl_contested_kept,JP,TV,2026-09-06,T074,Badly in Love,ラヴ上等,ok,4,1,1,27661,3.0,-2.0,0.6666666666666666,True,netflix_ahead
all,JP,TV,2026-09-20,T074,Badly in Love,ラヴ上等,ok,6,4,3,15245,5.0,-2.0,0.4,False,netflix_ahead
excl_contested_kept,JP,TV,2026-08-23,T074,Badly in Love,ラヴ上等,ok,5,1,1,49037,3.0,-2.0,0.5,True,netflix_ahead
all,JP,TV,2026-08-16,T074,Badly in Love,ラヴ上等,ok,5,1,1,39077,3.0,-2.0,0.5,True,netflix_ahead
all,JP,TV,2026-08-23,T074,Badly in Love,ラヴ上等,ok,5,1,1,49037,3.0,-2.0,0.5,True,netflix_ahead
excl_contested_kept,JP,TV,2026-08-16,T074,Badly in Love,ラヴ上等,ok,5,1,1,39077,3.0,-2.0,0.5,True,netflix_ahead
all,JP,TV,2026-09-06,T074,Badly in Love,ラヴ上等,ok,4,1,1,27661,3.0,-2.0,0.6666666666666666,True,netflix_ahead
excl_contested_kept,KR,TV,2026-08-30,T121,I am Solo,나는 SOLO,ok,5,3,2,404,4.0,-2.0,0.5,True,netflix_ahead
all,KR,TV,2026-08-30,T121,I am Solo,나는 SOLO,ok,5,3,2,404,4.0,-2.0,0.5,True,netflix_ahead
all,KR,Films,2026-07-26,T077,Husbands in Action,남편들 (2026년 영화),ok,5,7,2,64,4.0,-2.0,0.5,True,netflix_ahead
excl_contested_kept,KR,Films,2026-07-26,T077,Husbands in Action,남편들 (2026년 영화),ok,5,7,2,64,4.0,-2.0,0.5,True,netflix_ahead
excl_contested_kept,KR,TV,2026-07-19,T039,The East Palace,동궁 (드라마),ok,7,1,1,4717,3.0,-2.0,0.3333333333333333,False,netflix_ahead
all,KR,TV,2026-07-26,T039,The East Palace,동궁 (드라마),ok,5,1,1,4187,3.0,-2.0,0.5,True,netflix_ahead
all,KR,TV,2026-07-19,T039,The East Palace,동궁 (드라마),ok,7,1,1,4717,3.0,-2.0,0.3333333333333333,False,netflix_ahead
excl_contested_kept,KR,TV,2026-08-02,T039,The East Palace,동궁 (드라마),ok,5,1,1,3565,3.0,-2.0,0.5,True,netflix_ahead
excl_contested_kept,KR,TV,2026-07-26,T039,The East Palace,동궁 (드라마),ok,5,1,1,4187,3.0,-2.0,0.5,True,netflix_ahead
all,KR,TV,2026-08-02,T039,The East Palace,동궁 (드라마),ok,5,1,1,3565,3.0,-2.0,0.5,True,netflix_ahead
all,KR,Films,2026-07-12,T221,The Noisy Mansion,백수아파트,ok,6,7,3,64,5.0,-2.0,0.4,False,netflix_ahead
excl_contested_kept,KR,Films,2026-07-12,T221,The Noisy Mansion,백수아파트,ok,6,7,3,64,5.0,-2.0,0.4,False,netflix_ahead
excl_contested_kept,KR,Films,2026-07-19,T161,People and Meat,사람과 고기,ok,5,4,2,71,4.0,-2.0,0.5,True,netflix_ahead
all,KR,Films,2026-07-19,T161,People and Meat,사람과 고기,ok,5,4,2,71,4.0,-2.0,0.5,True,netflix_ahead
all,KR,Films,2026-08-09,T127,Wild Sing,와일드 씽 (2026년 영화),ok,5,1,1,631,3.0,-2.0,0.5,True,netflix_ahead
excl_contested_kept,KR,Films,2026-08-02,T127,Wild Sing,와일드 씽 (2026년 영화),ok,5,2,1,693,3.0,-2.0,0.5,True,netflix_ahead
excl_contested_kept,KR,Films,2026-08-09,T127,Wild Sing,와일드 씽 (2026년 영화),ok,5,1,1,631,3.0,-2.0,0.5,True,netflix_ahead
all,KR,Films,2026-08-02,T127,Wild Sing,와일드 씽 (2026년 영화),ok,5,2,1,693,3.0,-2.0,0.5,True,netflix_ahead
all,KR,Films,2026-08-16,T127,Wild Sing,와일드 씽 (2026년 영화),ok,5,2,1,296,3.0,-2.0,0.5,True,netflix_ahead
excl_contested_kept,KR,Films,2026-08-16,T127,Wild Sing,와일드 씽 (2026년 영화),ok,5,2,1,296,3.0,-2.0,0.5,True,netflix_ahead
all,KR,TV,2026-07-19,T025,Teach You a Lesson,참교육,ok,7,6,4,2073,6.0,-2.0,0.3333333333333333,False,netflix_ahead
excl_contested_kept,KR,TV,2026-07-19,T025,Teach You a Lesson,참교육,ok,7,6,4,2073,6.0,-2.0,0.3333333333333333,False,netflix_ahead
all,KR,TV,2026-09-06,T132,"Four Hands, Two Sonatas",포핸즈,ok,4,2,2,0,4.0,-2.0,0.6666666666666666,True,netflix_ahead
excl_contested_kept,KR,TV,2026-09-06,T132,"Four Hands, Two Sonatas",포핸즈,ok,4,2,2,0,4.0,-2.0,0.6666666666666666,True,netflix_ahead
all,IT,TV,2026-07-26,T001,Agent Kim Reactivated,Agent Kim Reactivated,ok,4,8,2,0,3.5,-1.5,0.5,True,netflix_ahead
excl_contested_kept,IT,TV,2026-07-26,T001,Agent Kim Reactivated,Agent Kim Reactivated,ok,4,8,2,0,3.5,-1.5,0.5,True,netflix_ahead
excl_contested_kept,FR,Films,2026-07-26,T034,The Truthers,Leur vérité,ok,6,6,4,0,5.5,-1.5,0.3,False,netflix_ahead
all,FR,Films,2026-07-26,T034,The Truthers,Leur vérité,ok,6,6,4,0,5.5,-1.5,0.3,False,netflix_ahead
excl_contested_kept,DE,TV,2026-07-26,T009,I Will Find You,Nur für dein Leben,ok,4,3,2,0,3.5,-1.5,0.5,True,netflix_ahead
all,FR,Films,2026-08-09,T010,72 HOURS,72 Heures (film),ok,9,6,6,2758,7.0,-1.0,0.125,False,netflix_ahead
all,IT,Films,2026-07-26,T010,72 HOURS,72 Hours (film 2026),ok,4,3,1,2887,2.0,-1.0,0.3333333333333333,False,netflix_ahead
excl_contested_kept,IT,Films,2026-08-16,T010,72 HOURS,72 Hours (film 2026),ok,5,7,4,1513,5.0,-1.0,0.25,False,netflix_ahead
all,IT,Films,2026-08-23,T010,72 HOURS,72 Hours (film 2026),ok,4,8,3,1473,4.0,-1.0,0.3333333333333333,False,netflix_ahead
excl_contested_kept,IT,Films,2026-08-23,T010,72 HOURS,72 Hours (film 2026),ok,4,8,3,1473,4.0,-1.0,0.3333333333333333,False,netflix_ahead
all,IT,Films,2026-08-16,T010,72 HOURS,72 Hours (film 2026),ok,5,7,4,1513,5.0,-1.0,0.25,False,netflix_ahead
all,BR,Films,2026-08-23,T296,A Cinderella Story,A Cinderella Story,ok,4,7,2,441,3.0,-1.0,0.3333333333333333,False,netflix_ahead
all,BR,Films,2026-08-23,T002,The Last House,A Última Casa (2026),ok,4,4,1,936,2.0,-1.0,0.3333333333333333,False,netflix_ahead
excl_contested_kept,FR,TV,2026-07-19,T001,Agent Kim Reactivated,Agent Kim Reactivated,ok,4,5,3,4263,4.0,-1.0,0.3333333333333333,False,netflix_ahead
all,IT,TV,2026-07-05,T001,Agent Kim Reactivated,Agent Kim Reactivated,ok,4,8,3,0,4.0,-1.0,0.3333333333333333,False,netflix_ahead
excl_contested_kept,FR,TV,2026-07-26,T001,Agent Kim Reactivated,Agent Kim Reactivated,ok,6,5,3,11229,4.0,-1.0,0.2,False,netflix_ahead
excl_contested_kept,FR,TV,2026-07-12,T001,Agent Kim Reactivated,Agent Kim Reactivated,ok,4,5,3,166,4.0,-1.0,0.3333333333333333,False,netflix_ahead
all,FR,TV,2026-07-26,T001,Agent Kim Reactivated,Agent Kim Reactivated,ok,6,5,3,11229,4.0,-1.0,0.2,False,netflix_ahead
excl_contested_kept,BR,Films,2026-09-06,T008,Anacondas: Trail of Blood,Anacondas: Trail of Blood,ok,6,7,5,50,6.0,-1.0,0.2,False,netflix_ahead
all,IT,TV,2026-07-05,T024,Avatar: The Last Airbender,Avatar - La leggenda di Aang (serie televisiva),contested_kept,4,4,1,8560,2.0,-1.0,0.3333333333333333,False,netflix_ahead
excl_contested_kept,FR,Films,2026-08-30,T286,My Summer in Provence,Avis de mistral,ok,6,6,3,5118,4.0,-1.0,0.2,False,netflix_ahead
excl_contested_kept,DE,Films,2026-08-16,T185,Black Adam,Black Adam (Film),ok,4,3,3,6535,4.0,-1.0,0.3333333333333333,False,netflix_ahead
all,DE,Films,2026-08-16,T185,Black Adam,Black Adam (Film),ok,5,3,3,6535,4.0,-1.0,0.25,False,netflix_ahead
all,IT,Films,2026-07-12,T268,Blood and Bone,Blood and Bone,ok,6,5,4,1138,5.0,-1.0,0.2,False,netflix_ahead
excl_contested_kept,IT,Films,2026-07-12,T268,Blood and Bone,Blood and Bone,ok,5,5,3,1138,4.0,-1.0,0.25,False,netflix_ahead
excl_contested_kept,FR,Films,2026-08-30,T298,Colombiana,Colombiana,ok,6,7,4,1511,5.0,-1.0,0.2,False,netflix_ahead
excl_contested_kept,BR,Films,2026-08-02,T079,Despicable Me 4,Despicable Me 4,ok,4,9,3,203,4.0,-1.0,0.3333333333333333,False,netflix_ahead
all,BR,Films,2026-07-26,T079,Despicable Me 4,Despicable Me 4,ok,5,8,4,213,5.0,-1.0,0.25,False,netflix_ahead
excl_contested_kept,BR,Films,2026-07-26,T079,Despicable Me 4,Despicable Me 4,ok,5,8,4,213,5.0,-1.0,0.25,False,netflix_ahead
all,BR,Films,2026-08-02,T079,Despicable Me 4,Despicable Me 4,ok,4,9,3,203,4.0,-1.0,0.3333333333333333,False,netflix_ahead
all,DE,Films,2026-08-16,T095,Breaking In,Die Traumtänzer,contested_kept,5,6,4,17,5.0,-1.0,0.25,False,netflix_ahead
excl_contested_kept,IT,Films,2026-08-16,T105,Edge of Tomorrow,Edge of Tomorrow - Senza domani,ok,5,5,2,3031,3.0,-1.0,0.25,False,netflix_ahead
all,IT,Films,2026-08-16,T105,Edge of Tomorrow,Edge of Tomorrow - Senza domani,ok,5,5,2,3031,3.0,-1.0,0.25,False,netflix_ahead
all,FR,Films,2026-08-02,T004,Elize: Shadows of a Woman,Elize : Surgie de l'ombre,ok,7,1,1,4578,2.0,-1.0,0.16666666666666666,False,netflix_ahead
excl_contested_kept,FR,Films,2026-08-02,T004,Elize: Shadows of a Woman,Elize : Surgie de l'ombre,ok,7,1,1,4578,2.0,-1.0,0.16666666666666666,False,netflix_ahead
all,BR,Films,2026-09-13,T153,13 Minutes,Elser – Er hätte die Welt verändert,contested_kept,5,8,4,1,5.0,-1.0,0.25,False,netflix_ahead
all,IT,Films,2026-07-19,T005,Enola Holmes 3,Enola Holmes 3,ok,6,5,2,3333,3.0,-1.0,0.2,False,netflix_ahead
excl_contested_kept,IT,Films,2026-07-12,T005,Enola Holmes 3,Enola Holmes 3,ok,5,1,1,6289,2.0,-1.0,0.25,False,netflix_ahead
excl_contested_kept,DE,Films,2026-07-12,T281,F9: The Fast Saga,Fast & Furious 9,ok,5,6,4,2311,5.0,-1.0,0.25,False,netflix_ahead
all,FR,TV,2026-09-20,T053,Gabby's Dollhouse,Gabby et la Maison magique,ok,5,7,4,858,5.0,-1.0,0.25,False,netflix_ahead
excl_contested_kept,FR,TV,2026-09-20,T053,Gabby's Dollhouse,Gabby et la Maison magique,ok,5,7,4,858,5.0,-1.0,0.25,False,netflix_ahead
all,FR,Films,2026-08-16,T254,Gran Turismo: Based on a True Story,Gran Turismo (film),ok,8,4,2,3371,3.0,-1.0,0.14285714285714285,False,netflix_ahead
excl_contested_kept,FR,Films,2026-08-16,T254,Gran Turismo: Based on a True Story,Gran Turismo (film),ok,8,4,2,3371,3.0,-1.0,0.14285714285714285,False,netflix_ahead
excl_contested_kept,DE,TV,2026-08-30,T017,My Life With the Walter Boys,Ich und die Walter Boys,ok,4,6,2,6641,3.0,-1.0,0.3333333333333333,False,netflix_ahead
all,DE,TV,2026-08-30,T017,My Life With the Walter Boys,Ich und die Walter Boys,ok,4,6,2,6641,3.0,-1.0,0.3333333333333333,False,netflix_ahead
excl_contested_kept,DE,TV,2026-09-06,T017,My Life With the Walter Boys,Ich und die Walter Boys,ok,4,9,3,5104,4.0,-1.0,0.3333333333333333,False,netflix_ahead
all,DE,TV,2026-09-06,T017,My Life With the Walter Boys,Ich und die Walter Boys,ok,4,9,3,5104,4.0,-1.0,0.3333333333333333,False,netflix_ahead
excl_contested_kept,DE,Films,2026-07-12,T172,Infinite,Infinite – Lebe unendlich,ok,5,5,3,4503,4.0,-1.0,0.25,False,netflix_ahead
all,DE,TV,2026-08-23,T126,Kaulitz & Kaulitz,Kaulitz & Kaulitz,ok,6,7,4,1066,5.0,-1.0,0.2,False,netflix_ahead
excl_contested_kept,DE,TV,2026-08-23,T126,Kaulitz & Kaulitz,Kaulitz & Kaulitz,ok,6,7,4,1066,5.0,-1.0,0.2,False,netflix_ahead
excl_contested_kept,DE,TV,2026-07-26,T126,Kaulitz & Kaulitz,Kaulitz & Kaulitz,ok,4,1,1,2624,2.0,-1.0,0.3333333333333333,False,netflix_ahead
all,IT,Films,2026-09-20,T089,Kraven the Hunter,Kraven - Il cacciatore,ok,6,2,2,4561,3.0,-1.0,0.2,False,netflix_ahead
excl_contested_kept,IT,Films,2026-09-20,T089,Kraven the Hunter,Kraven - Il cacciatore,ok,6,2,2,4561,3.0,-1.0,0.2,False,netflix_ahead
all,FR,TV,2026-08-02,T028,The Bombing of Pan Am 103,L'Attentat du vol Pan Am 103,ok,5,6,4,0,5.0,-1.0,0.25,False,netflix_ahead
excl_contested_kept,FR,TV,2026-08-02,T028,The Bombing of Pan Am 103,L'Attentat du vol Pan Am 103,ok,5,6,4,0,5.0,-1.0,0.25,False,netflix_ahead
all,IT,Films,2026-08-23,T006,Facing El Chapo,La Captura,ok,4,2,1,7908,2.0,-1.0,0.3333333333333333,False,netflix_ahead
excl_contested_kept,IT,Films,2026-08-23,T006,Facing El Chapo,La Captura,ok,4,2,1,7908,2.0,-1.0,0.3333333333333333,False,netflix_ahead
excl_contested_kept,FR,Films,2026-09-06,T011,The Secret Woman,"La Femme secrète (film, 2026)",ok,4,2,2,1708,3.0,-1.0,0.3333333333333333,False,netflix_ahead
all,FR,Films,2026-09-06,T011,The Secret Woman,"La Femme secrète (film, 2026)",ok,4,2,2,1708,3.0,-1.0,0.3333333333333333,False,netflix_ahead
excl_contested_kept,FR,Films,2026-07-05,T109,Night at the Museum,La Nuit au musée,ok,5,7,3,2064,4.0,-1.0,0.25,False,netflix_ahead
all,IT,TV,2026-09-20,T053,Gabby's Dollhouse,La casa delle bambole di Gabby,ok,5,8,4,671,5.0,-1.0,0.25,False,netflix_ahead
excl_contested_kept,IT,TV,2026-09-20,T053,Gabby's Dollhouse,La casa delle bambole di Gabby,ok,5,8,4,671,5.0,-1.0,0.25,False,netflix_ahead
all,FR,Films,2026-08-23,T002,The Last House,"Le Dernier Refuge (film, 2026)",ok,5,1,1,10669,2.0,-1.0,0.25,False,netflix_ahead
excl_contested_kept,FR,Films,2026-08-23,T002,The Last House,"Le Dernier Refuge (film, 2026)",ok,4,1,1,10669,2.0,-1.0,0.3333333333333333,False,netflix_ahead
excl_contested_kept,FR,Films,2026-08-16,T308,The Wolf and the Lion,Le Loup et le Lion (film),ok,8,7,5,1750,6.0,-1.0,0.14285714285714285,False,netflix_ahead
all,FR,Films,2026-08-16,T308,The Wolf and the Lion,Le Loup et le Lion (film),ok,8,7,5,1750,6.0,-1.0,0.14285714285714285,False,netflix_ahead
all,IT,Films,2026-08-09,T353,She's Out of My League,Lei è troppo per me,ok,8,9,7,1361,8.0,-1.0,0.14285714285714285,False,netflix_ahead
excl_contested_kept,IT,Films,2026-08-09,T353,She's Out of My League,Lei è troppo per me,ok,8,9,7,1361,8.0,-1.0,0.14285714285714285,False,netflix_ahead
all,FR,TV,2026-09-13,T317,Lovesick,Lovesick (série télévisée),contested_kept,6,8,5,348,6.0,-1.0,0.2,False,netflix_ahead
excl_contested_kept,FR,TV,2026-09-20,T037,Crew Girl,Mal barrée,ok,5,2,2,16220,3.0,-1.0,0.25,False,netflix_ahead
excl_contested_kept,FR,TV,2026-09-13,T037,Crew Girl,Mal barrée,ok,5,3,3,7646,4.0,-1.0,0.25,False,netflix_ahead
all,FR,TV,2026-09-20,T037,Crew Girl,Mal barrée,ok,5,2,2,16220,3.0,-1.0,0.25,False,netflix_ahead
all,FR,TV,2026-09-13,T037,Crew Girl,Mal barrée,ok,6,3,3,7646,4.0,-1.0,0.2,False,netflix_ahead
excl_contested_kept,DE,Films,2026-08-16,T083,"My Best Friend, His Girlfriend and Me","Mein bester Freund, seine Freundin & ich",ok,4,2,2,7243,3.0,-1.0,0.3333333333333333,False,netflix_ahead
all,DE,Films,2026-08-16,T083,"My Best Friend, His Girlfriend and Me","Mein bester Freund, seine Freundin & ich",ok,5,2,2,7243,3.0,-1.0,0.25,False,netflix_ahead
all,BR,Films,2026-08-30,T284,Mickey 17,Mickey 17,ok,5,6,3,176,4.0,-1.0,0.25,False,netflix_ahead
all,BR,TV,2026-08-23,T017,My Life With the Walter Boys,My Life with the Walter Boys,ok,4,8,3,479,4.0,-1.0,0.3333333333333333,False,netflix_ahead
all,FR,TV,2026-09-06,T145,Rhythm + Flow France,Nouvelle École (émission de téléréalité),ok,4,1,1,11673,2.0,-1.0,0.3333333333333333,False,netflix_ahead
excl_contested_kept,FR,TV,2026-09-13,T145,Rhythm + Flow France,Nouvelle École (émission de téléréalité),ok,5,2,2,12192,3.0,-1.0,0.25,False,netflix_ahead
all,FR,TV,2026-09-13,T145,Rhythm + Flow France,Nouvelle École (émission de téléréalité),ok,6,2,2,12192,3.0,-1.0,0.2,False,netflix_ahead
excl_contested_kept,FR,TV,2026-09-06,T145,Rhythm + Flow France,Nouvelle École (émission de téléréalité),ok,4,1,1,11673,2.0,-1.0,0.3333333333333333,False,netflix_ahead
all,FR,Films,2026-08-09,T204,Say Cheese,On sourit pour la photo,ok,9,7,7,1690,8.0,-1.0,0.125,False,netflix_ahead
all,BR,TV,2026-08-23,T020,Outer Banks,Outer Banks (série de televisão),ok,4,1,1,1701,2.0,-1.0,0.3333333333333333,False,netflix_ahead
all,FR,TV,2026-08-23,T020,Outer Banks,Outer Banks (série télévisée),ok,6,1,1,15239,2.0,-1.0,0.2,False,netflix_ahead
excl_contested_kept,FR,TV,2026-08-23,T020,Outer Banks,Outer Banks (série télévisée),ok,6,1,1,15239,2.0,-1.0,0.2,False,netflix_ahead
all,IT,TV,2026-09-20,T084,Physical 100: Italy,Physical Italia: da 100 a 1,ok,5,1,1,34101,2.0,-1.0,0.25,False,netflix_ahead
excl_contested_kept,IT,TV,2026-09-20,T084,Physical 100: Italy,Physical Italia: da 100 a 1,ok,5,1,1,34101,2.0,-1.0,0.25,False,netflix_ahead
all,DE,Films,2026-09-13,T177,Rheingold,Rheingold (2022),ok,5,2,2,11331,3.0,-1.0,0.25,False,netflix_ahead
excl_contested_kept,DE,Films,2026-09-13,T177,Rheingold,Rheingold (2022),ok,4,2,2,11331,3.0,-1.0,0.3333333333333333,False,netflix_ahead
excl_contested_kept,IT,Films,2026-08-09,T264,Ricomincio da TAAAC,Ricomincio da taaac,ok,8,4,3,2722,4.0,-1.0,0.14285714285714285,False,netflix_ahead
all,IT,Films,2026-08-09,T264,Ricomincio da TAAAC,Ricomincio da taaac,ok,8,4,3,2722,4.0,-1.0,0.14285714285714285,False,netflix_ahead
all,BR,Films,2026-07-12,T241,Rust Creek,Rust Creek,ok,4,2,1,205,2.0,-1.0,0.3333333333333333,False,netflix_ahead
excl_contested_kept,BR,Films,2026-07-12,T241,Rust Creek,Rust Creek,ok,4,2,1,205,2.0,-1.0,0.3333333333333333,False,netflix_ahead
all,FR,Films,2026-09-13,T102,Monster-in-Law,Sa mère ou moi !,ok,7,7,6,1649,7.0,-1.0,0.16666666666666666,False,netflix_ahead
excl_contested_kept,FR,Films,2026-09-13,T102,Monster-in-Law,Sa mère ou moi !,ok,7,7,6,1649,7.0,-1.0,0.16666666666666666,False,netflix_ahead
excl_contested_kept,DE,Films,2026-07-05,T065,Sonic the Hedgehog 3,Sonic the Hedgehog 3 (Film),ok,6,8,5,1800,6.0,-1.0,0.2,False,netflix_ahead
all,DE,Films,2026-07-05,T065,Sonic the Hedgehog 3,Sonic the Hedgehog 3 (Film),ok,7,8,6,1800,7.0,-1.0,0.16666666666666666,False,netflix_ahead
all,IT,TV,2026-07-05,T082,Sullivan's Crossing,Sullivan's Crossing,ok,4,5,2,5874,3.0,-1.0,0.3333333333333333,False,netflix_ahead
excl_contested_kept,DE,TV,2026-07-12,T218,TESTO,Testo (Fernsehserie),ok,4,7,2,5144,3.0,-1.0,0.3333333333333333,False,netflix_ahead
all,DE,TV,2026-07-12,T218,TESTO,Testo (Fernsehserie),ok,5,7,3,5144,4.0,-1.0,0.25,False,netflix_ahead
all,IT,TV,2026-09-06,T211,The Cleaning Lady,The Cleaning Lady,ok,4,7,3,4215,4.0,-1.0,0.3333333333333333,False,netflix_ahead
all,IT,TV,2026-09-13,T211,The Cleaning Lady,The Cleaning Lady,ok,6,6,4,5088,5.0,-1.0,0.2,False,netflix_ahead
excl_contested_kept,IT,TV,2026-09-06,T211,The Cleaning Lady,The Cleaning Lady,ok,4,7,3,4215,4.0,-1.0,0.3333333333333333,False,netflix_ahead
excl_contested_kept,IT,TV,2026-09-13,T211,The Cleaning Lady,The Cleaning Lady,ok,6,6,4,5088,5.0,-1.0,0.2,False,netflix_ahead
all,FR,Films,2026-07-12,T293,The Woman in the Yard,The Woman in the Yard,ok,5,6,3,5355,4.0,-1.0,0.25,False,netflix_ahead
excl_contested_kept,FR,Films,2026-07-12,T293,The Woman in the Yard,The Woman in the Yard,ok,5,6,3,5355,4.0,-1.0,0.25,False,netflix_ahead
all,JP,TV,2026-08-02,T114,Until the T-shirt Dries,Tシャツが乾くまで,ok,5,1,1,53260,2.0,-1.0,0.25,False,netflix_ahead
excl_contested_kept,JP,TV,2026-08-02,T114,Until the T-shirt Dries,Tシャツが乾くまで,ok,5,1,1,53260,2.0,-1.0,0.25,False,netflix_ahead
all,JP,TV,2026-07-26,T114,Until the T-shirt Dries,Tシャツが乾くまで,ok,4,1,1,55957,2.0,-1.0,0.3333333333333333,False,netflix_ahead
excl_contested_kept,JP,TV,2026-07-26,T114,Until the T-shirt Dries,Tシャツが乾くまで,ok,4,1,1,55957,2.0,-1.0,0.3333333333333333,False,netflix_ahead
all,IT,Films,2026-08-16,T071,What a Girl Wants,Una ragazza e il suo sogno,ok,5,6,3,1611,4.0,-1.0,0.25,False,netflix_ahead
excl_contested_kept,IT,Films,2026-08-16,T071,What a Girl Wants,Una ragazza e il suo sogno,ok,5,6,3,1611,4.0,-1.0,0.25,False,netflix_ahead
excl_contested_kept,FR,Films,2026-09-13,T059,The Little Things,Une affaire de détails,ok,7,2,2,8507,3.0,-1.0,0.16666666666666666,False,netflix_ahead
all,FR,Films,2026-09-13,T059,The Little Things,Une affaire de détails,ok,7,2,2,8507,3.0,-1.0,0.16666666666666666,False,netflix_ahead
all,IT,Films,2026-07-19,T223,Venom: The Last Dance,Venom: The Last Dance,ok,6,7,4,2186,5.0,-1.0,0.2,False,netflix_ahead
excl_contested_kept,DE,Films,2026-07-12,T021,Voicemails for Isabelle,Voicemails for Isabelle,ok,5,2,1,8426,2.0,-1.0,0.25,False,netflix_ahead
all,DE,Films,2026-09-20,T243,Wunderschöner,Wunderschöner,ok,6,2,2,16412,3.0,-1.0,0.2,False,netflix_ahead
excl_contested_kept,DE,Films,2026-09-20,T243,Wunderschöner,Wunderschöner,ok,6,2,2,16412,3.0,-1.0,0.2,False,netflix_ahead
excl_contested_kept,JP,TV,2026-08-30,T118,GATE24:The Border,大空港〜GATE24〜,ok,5,5,3,24995,4.0,-1.0,0.25,False,netflix_ahead
all,JP,TV,2026-09-13,T118,GATE24:The Border,大空港〜GATE24〜,ok,5,6,4,21132,5.0,-1.0,0.25,False,netflix_ahead
all,JP,TV,2026-08-30,T118,GATE24:The Border,大空港〜GATE24〜,ok,5,5,3,24995,4.0,-1.0,0.25,False,netflix_ahead
excl_contested_kept,JP,TV,2026-09-13,T118,GATE24:The Border,大空港〜GATE24〜,ok,5,6,4,21132,5.0,-1.0,0.25,False,netflix_ahead
all,JP,TV,2026-07-12,T025,Teach You a Lesson,鉄槌教師,ok,5,6,3,11655,4.0,-1.0,0.25,False,netflix_ahead
excl_contested_kept,JP,TV,2026-07-12,T025,Teach You a Lesson,鉄槌教師,ok,5,6,3,11655,4.0,-1.0,0.25,False,netflix_ahead
excl_contested_kept,KR,TV,2026-07-05,T076,Human Vapor,가스인간,ok,6,5,4,841,5.0,-1.0,0.2,False,netflix_ahead
all,KR,TV,2026-07-05,T076,Human Vapor,가스인간,ok,6,5,4,841,5.0,-1.0,0.2,False,netflix_ahead
all,KR,Films,2026-08-09,T077,Husbands in Action,남편들 (2026년 영화),ok,5,7,4,67,5.0,-1.0,0.25,False,netflix_ahead
excl_contested_kept,KR,Films,2026-08-09,T077,Husbands in Action,남편들 (2026년 영화),ok,5,7,4,67,5.0,-1.0,0.25,False,netflix_ahead
excl_contested_kept,KR,Films,2026-09-20,T236,The Warriors,무사 (2001년 대한민국 영화),ok,5,1,1,173,2.0,-1.0,0.25,False,netflix_ahead
all,KR,Films,2026-09-20,T236,The Warriors,무사 (2001년 대한민국 영화),ok,5,1,1,173,2.0,-1.0,0.25,False,netflix_ahead
excl_contested_kept,KR,Films,2026-07-26,T161,People and Meat,사람과 고기,ok,5,9,4,18,5.0,-1.0,0.25,False,netflix_ahead
all,KR,Films,2026-07-26,T161,People and Meat,사람과 고기,ok,5,9,4,18,5.0,-1.0,0.25,False,netflix_ahead
excl_contested_kept,KR,TV,2026-07-12,T123,The Apartment Job,아파트 (2026년 드라마),ok,6,3,2,4869,3.0,-1.0,0.2,False,netflix_ahead
all,KR,TV,2026-07-12,T123,The Apartment Job,아파트 (2026년 드라마),ok,6,3,2,4869,3.0,-1.0,0.2,False,netflix_ahead
excl_contested_kept,KR,Films,2026-07-12,T005,Enola Holmes 3,에놀라 홈즈 3,ok,6,9,5,0,6.0,-1.0,0.2,False,netflix_ahead
all,KR,Films,2026-07-12,T005,Enola Holmes 3,에놀라 홈즈 3,ok,6,9,5,0,6.0,-1.0,0.2,False,netflix_ahead
excl_contested_kept,KR,TV,2026-08-02,T054,Spooky in Love,오싹한 연애 (드라마),ok,5,3,3,2963,4.0,-1.0,0.25,False,netflix_ahead
all,KR,TV,2026-08-02,T054,Spooky in Love,오싹한 연애 (드라마),ok,5,3,3,2963,4.0,-1.0,0.25,False,netflix_ahead
all,KR,TV,2026-07-12,T025,Teach You a Lesson,참교육,ok,6,4,3,2925,4.0,-1.0,0.2,False,netflix_ahead
excl_contested_kept,KR,TV,2026-07-12,T025,Teach You a Lesson,참교육,ok,6,4,3,2925,4.0,-1.0,0.2,False,netflix_ahead
excl_contested_kept,KR,Films,2026-07-26,T260,Quarantine 2: Terminal,쿼런틴 2: 터미널,ok,5,4,1,139,2.0,-1.0,0.25,False,netflix_ahead
all,KR,Films,2026-07-26,T260,Quarantine 2: Terminal,쿼런틴 2: 터미널,ok,5,4,1,139,2.0,-1.0,0.25,False,netflix_ahead
all,KR,Films,2026-08-23,T338,Cradle 2 the Grave,크레이들 투 그레이브,ok,5,9,4,97,5.0,-1.0,0.25,False,netflix_ahead
excl_contested_kept,KR,Films,2026-08-23,T338,Cradle 2 the Grave,크레이들 투 그레이브,ok,5,9,4,97,5.0,-1.0,0.25,False,netflix_ahead
all,DE,TV,2026-07-26,T327,The Hawk,The Hawk (Fernsehserie),ok,5,8,4,0,4.5,-0.5,0.125,False,netflix_ahead
excl_contested_kept,FR,Films,2026-07-26,T010,72 HOURS,72 Heures (film),ok,6,3,2,1622,2.0,0.0,0.0,False,same
excl_contested_kept,FR,Films,2026-08-16,T010,72 HOURS,72 Heures (film),ok,8,9,7,1618,7.0,0.0,0.0,False,same
all,FR,Films,2026-08-16,T010,72 HOURS,72 Heures (film),ok,8,9,7,1618,7.0,0.0,0.0,False,same
all,FR,Films,2026-07-26,T010,72 HOURS,72 Heures (film),ok,6,3,2,1622,2.0,0.0,0.0,False,same
all,IT,TV,2026-07-12,T001,Agent Kim Reactivated,Agent Kim Reactivated,ok,4,9,4,0,4.0,0.0,0.0,False,same
excl_contested_kept,FR,TV,2026-08-09,T001,Agent Kim Reactivated,Agent Kim Reactivated,ok,6,10,6,6066,6.0,0.0,0.0,False,same
all,FR,TV,2026-08-09,T001,Agent Kim Reactivated,Agent Kim Reactivated,ok,6,10,6,6066,6.0,0.0,0.0,False,same
all,DE,Films,2026-09-20,T135,Regretting You,All das Ungesagte zwischen uns – Regretting You,ok,6,9,6,5200,6.0,0.0,0.0,False,same
excl_contested_kept,DE,Films,2026-09-20,T135,Regretting You,All das Ungesagte zwischen uns – Regretting You,ok,6,9,6,5200,6.0,0.0,0.0,False,same
all,DE,Films,2026-08-30,T135,Regretting You,All das Ungesagte zwischen uns – Regretting You,ok,6,3,2,31827,2.0,0.0,0.0,False,same
all,DE,Films,2026-09-13,T135,Regretting You,All das Ungesagte zwischen uns – Regretting You,ok,5,7,4,7856,4.0,0.0,0.0,False,same
excl_contested_kept,DE,Films,2026-08-30,T135,Regretting You,All das Ungesagte zwischen uns – Regretting You,ok,6,3,2,31827,2.0,0.0,0.0,False,same
all,DE,Films,2026-09-06,T135,Regretting You,All das Ungesagte zwischen uns – Regretting You,ok,7,3,2,13227,2.0,0.0,0.0,False,same
excl_contested_kept,DE,Films,2026-09-06,T135,Regretting You,All das Ungesagte zwischen uns – Regretting You,ok,7,3,2,13227,2.0,0.0,0.0,False,same
excl_contested_kept,DE,Films,2026-09-13,T135,Regretting You,All das Ungesagte zwischen uns – Regretting You,ok,4,7,4,7856,4.0,0.0,0.0,False,same
excl_contested_kept,FR,Films,2026-09-06,T008,Anacondas: Trail of Blood,Anacondas 4 : La Piste du sang,ok,4,8,4,781,4.0,0.0,0.0,False,same
all,FR,Films,2026-09-06,T008,Anacondas: Trail of Blood,Anacondas 4 : La Piste du sang,ok,4,8,4,781,4.0,0.0,0.0,False,same
all,DE,Films,2026-09-06,T008,Anacondas: Trail of Blood,Anacondas – Trail of Blood,ok,7,9,6,1905,6.0,0.0,0.0,False,same
excl_contested_kept,DE,Films,2026-09-06,T008,Anacondas: Trail of Blood,Anacondas – Trail of Blood,ok,7,9,6,1905,6.0,0.0,0.0,False,same
all,BR,Films,2026-09-06,T008,Anacondas: Trail of Blood,Anacondas: Trail of Blood,ok,7,7,6,50,6.0,0.0,0.0,False,same
all,DE,TV,2026-07-12,T024,Avatar: The Last Airbender,Avatar – Der Herr der Elemente (2024),contested_kept,5,2,2,12275,2.0,0.0,0.0,False,same
all,FR,TV,2026-07-05,T024,Avatar: The Last Airbender,"Avatar, le dernier maître de l'air (série télévisée)",contested_kept,5,2,2,13405,2.0,0.0,0.0,False,same
all,FR,Films,2026-08-30,T286,My Summer in Provence,Avis de mistral,ok,7,6,4,5118,4.0,0.0,0.0,False,same
all,FR,Films,2026-08-23,T283,Love Hurts,Back to Business,resolved_by_date,5,6,4,1099,4.0,0.0,0.0,False,same
excl_contested_kept,FR,Films,2026-08-23,T283,Love Hurts,Back to Business,resolved_by_date,4,6,4,1099,4.0,0.0,0.0,False,same
excl_contested_kept,BR,Films,2026-09-20,T362,Barbie in The Nutcracker,Barbie and the Nutcracker,ok,6,10,6,117,6.0,0.0,0.0,False,same
all,BR,Films,2026-09-20,T362,Barbie in The Nutcracker,Barbie and the Nutcracker,ok,6,10,6,117,6.0,0.0,0.0,False,same
all,FR,Films,2026-09-20,T113,Best of the Best,"Best of the Best (film, 2026)",ok,9,10,9,0,9.0,0.0,0.0,False,same
excl_contested_kept,FR,Films,2026-09-20,T113,Best of the Best,"Best of the Best (film, 2026)",ok,8,10,8,0,8.0,0.0,0.0,False,same
excl_contested_kept,FR,Films,2026-08-23,T251,Blue Beetle,Blue Beetle (film),ok,4,4,3,9608,3.0,0.0,0.0,False,same
all,FR,Films,2026-08-23,T251,Blue Beetle,Blue Beetle (film),ok,5,4,3,9608,3.0,0.0,0.0,False,same
excl_contested_kept,IT,Films,2026-08-02,T128,Buen Camino,Buen camino,ok,5,8,4,3692,4.0,0.0,0.0,False,same
all,FR,Films,2026-08-16,T071,What a Girl Wants,Ce dont rêvent les filles,ok,8,6,4,1861,4.0,0.0,0.0,False,same
excl_contested_kept,FR,Films,2026-08-16,T071,What a Girl Wants,Ce dont rêvent les filles,ok,8,6,4,1861,4.0,0.0,0.0,False,same
all,BR,Films,2026-08-23,T337,Collateral Damage,Collateral Damage,contested_kept,4,9,4,183,4.0,0.0,0.0,False,same
all,FR,Films,2026-08-30,T298,Colombiana,Colombiana,ok,7,7,5,1511,5.0,0.0,0.0,False,same
excl_contested_kept,BR,Films,2026-07-26,T100,Companion,Companion,ok,5,6,2,842,2.0,0.0,0.0,False,same
all,BR,Films,2026-07-26,T100,Companion,Companion,ok,5,6,2,842,2.0,0.0,0.0,False,same
excl_contested_kept,IT,TV,2026-09-13,T037,Crew Girl,Crew Girl,ok,6,4,3,6260,3.0,0.0,0.0,False,same
all,IT,TV,2026-09-13,T037,Crew Girl,Crew Girl,ok,6,4,3,6260,3.0,0.0,0.0,False,same
all,DE,Films,2026-08-30,T003,The Whisper Man,Der Kinderflüsterer,ok,6,2,1,55102,1.0,0.0,0.0,False,same
excl_contested_kept,DE,Films,2026-09-06,T003,The Whisper Man,Der Kinderflüsterer,ok,7,1,1,65457,1.0,0.0,0.0,False,same
excl_contested_kept,DE,Films,2026-08-30,T003,The Whisper Man,Der Kinderflüsterer,ok,6,2,1,55102,1.0,0.0,0.0,False,same
all,DE,Films,2026-09-13,T003,The Whisper Man,Der Kinderflüsterer,ok,5,1,1,30310,1.0,0.0,0.0,False,same
all,DE,Films,2026-09-06,T003,The Whisper Man,Der Kinderflüsterer,ok,7,1,1,65457,1.0,0.0,0.0,False,same
excl_contested_kept,DE,Films,2026-09-13,T003,The Whisper Man,Der Kinderflüsterer,ok,4,1,1,30310,1.0,0.0,0.0,False,same
all,DE,Films,2026-09-13,T340,Dune,Der Wüstenplanet (Film),contested_kept,5,9,5,2627,5.0,0.0,0.0,False,same
all,DE,Films,2026-09-06,T006,Facing El Chapo,Die Festnahme (2026),ok,7,7,4,9248,4.0,0.0,0.0,False,same
excl_contested_kept,DE,Films,2026-09-06,T006,Facing El Chapo,Die Festnahme (2026),ok,7,7,4,9248,4.0,0.0,0.0,False,same
all,DE,Films,2026-08-23,T095,Breaking In,Die Traumtänzer,contested_kept,6,5,5,7,5.0,0.0,0.0,False,same
excl_contested_kept,FR,Films,2026-09-20,T166,Call My Agent! The Movie,"Dix pour cent, le film",ok,8,1,1,22208,1.0,0.0,0.0,False,same
excl_contested_kept,FR,Films,2026-09-13,T166,Call My Agent! The Movie,"Dix pour cent, le film",ok,7,1,1,54525,1.0,0.0,0.0,False,same
all,FR,Films,2026-09-20,T166,Call My Agent! The Movie,"Dix pour cent, le film",ok,9,1,1,22208,1.0,0.0,0.0,False,same
all,FR,Films,2026-09-13,T166,Call My Agent! The Movie,"Dix pour cent, le film",ok,7,1,1,54525,1.0,0.0,0.0,False,same
excl_contested_kept,FR,Films,2026-09-13,T188,How to Train Your Dragon,"Dragons (film, 2025)",resolved_by_date,7,5,5,3082,5.0,0.0,0.0,False,same
all,FR,Films,2026-09-13,T188,How to Train Your Dragon,"Dragons (film, 2025)",resolved_by_date,7,5,5,3082,5.0,0.0,0.0,False,same
excl_contested_kept,DE,Films,2026-09-06,T158,Dune: Part Two,Dune: Part Two,ok,7,4,3,11795,3.0,0.0,0.0,False,same
all,DE,Films,2026-09-20,T158,Dune: Part Two,Dune: Part Two,ok,6,8,5,9143,5.0,0.0,0.0,False,same
excl_contested_kept,DE,Films,2026-09-20,T158,Dune: Part Two,Dune: Part Two,ok,6,8,5,9143,5.0,0.0,0.0,False,same
all,DE,Films,2026-09-06,T158,Dune: Part Two,Dune: Part Two,ok,7,4,3,11795,3.0,0.0,0.0,False,same
excl_contested_kept,DE,Films,2026-08-02,T034,The Truthers,Eine verworrene Wahrheit,ok,4,3,1,7785,1.0,0.0,0.0,False,same
all,DE,Films,2026-08-02,T034,The Truthers,Eine verworrene Wahrheit,ok,4,3,1,7785,1.0,0.0,0.0,False,same
all,DE,Films,2026-08-09,T034,The Truthers,Eine verworrene Wahrheit,ok,6,10,6,3219,6.0,0.0,0.0,False,same
excl_contested_kept,DE,Films,2026-08-09,T034,The Truthers,Eine verworrene Wahrheit,ok,6,10,6,3219,6.0,0.0,0.0,False,same
excl_contested_kept,FR,Films,2026-08-09,T004,Elize: Shadows of a Woman,Elize : Surgie de l'ombre,ok,8,5,4,7506,4.0,0.0,0.0,False,same
excl_contested_kept,BR,Films,2026-08-02,T004,Elize: Shadows of a Woman,Elize: Sombras de uma Mulher,ok,4,1,1,12596,1.0,0.0,0.0,False,same
excl_contested_kept,BR,Films,2026-08-16,T004,Elize: Shadows of a Woman,Elize: Sombras de uma Mulher,ok,4,5,2,3371,2.0,0.0,0.0,False,same
all,BR,Films,2026-07-26,T004,Elize: Shadows of a Woman,Elize: Sombras de uma Mulher,ok,5,1,1,10848,1.0,0.0,0.0,False,same
all,BR,Films,2026-08-09,T004,Elize: Shadows of a Woman,Elize: Sombras de uma Mulher,ok,6,2,2,4429,2.0,0.0,0.0,False,same
all,BR,Films,2026-08-16,T004,Elize: Shadows of a Woman,Elize: Sombras de uma Mulher,ok,4,5,2,3371,2.0,0.0,0.0,False,same
all,BR,Films,2026-08-02,T004,Elize: Shadows of a Woman,Elize: Sombras de uma Mulher,ok,4,1,1,12596,1.0,0.0,0.0,False,same
excl_contested_kept,BR,Films,2026-08-09,T004,Elize: Shadows of a Woman,Elize: Sombras de uma Mulher,ok,6,2,2,4429,2.0,0.0,0.0,False,same
excl_contested_kept,BR,Films,2026-07-26,T004,Elize: Shadows of a Woman,Elize: Sombras de uma Mulher,ok,5,1,1,10848,1.0,0.0,0.0,False,same
excl_contested_kept,IT,Films,2026-07-19,T005,Enola Holmes 3,Enola Holmes 3,ok,4,5,2,3333,2.0,0.0,0.0,False,same
excl_contested_kept,FR,Films,2026-07-05,T005,Enola Holmes 3,Enola Holmes 3,ok,5,1,1,14936,1.0,0.0,0.0,False,same
all,FR,Films,2026-07-12,T005,Enola Holmes 3,Enola Holmes 3,ok,5,2,1,8372,1.0,0.0,0.0,False,same
all,FR,Films,2026-07-05,T005,Enola Holmes 3,Enola Holmes 3,ok,7,1,1,14936,1.0,0.0,0.0,False,same
excl_contested_kept,FR,Films,2026-07-12,T005,Enola Holmes 3,Enola Holmes 3,ok,5,2,1,8372,1.0,0.0,0.0,False,same
excl_contested_kept,FR,TV,2026-07-26,T012,Elite Force,GIGN (mini-série),ok,6,1,1,73032,1.0,0.0,0.0,False,same
excl_contested_kept,FR,TV,2026-08-02,T012,Elite Force,GIGN (mini-série),ok,5,1,1,61987,1.0,0.0,0.0,False,same
all,FR,TV,2026-07-26,T012,Elite Force,GIGN (mini-série),ok,6,1,1,73032,1.0,0.0,0.0,False,same
all,FR,TV,2026-08-02,T012,Elite Force,GIGN (mini-série),ok,5,1,1,61987,1.0,0.0,0.0,False,same
all,DE,TV,2026-08-16,T126,Kaulitz & Kaulitz,Kaulitz & Kaulitz,ok,4,3,2,1168,2.0,0.0,0.0,False,same
all,DE,TV,2026-08-09,T126,Kaulitz & Kaulitz,Kaulitz & Kaulitz,ok,4,3,2,1657,2.0,0.0,0.0,False,same
excl_contested_kept,DE,TV,2026-08-16,T126,Kaulitz & Kaulitz,Kaulitz & Kaulitz,ok,4,3,2,1168,2.0,0.0,0.0,False,same
excl_contested_kept,DE,TV,2026-08-09,T126,Kaulitz & Kaulitz,Kaulitz & Kaulitz,ok,4,3,2,1657,2.0,0.0,0.0,False,same
excl_contested_kept,BR,Films,2026-07-12,T216,Killer Elite,Killer Elite,ok,4,9,4,91,4.0,0.0,0.0,False,same
all,BR,Films,2026-07-12,T216,Killer Elite,Killer Elite,ok,4,9,4,91,4.0,0.0,0.0,False,same
all,IT,Films,2026-08-30,T003,The Whisper Man,L'uomo dei sussurri,ok,6,2,1,49840,1.0,0.0,0.0,False,same
excl_contested_kept,IT,Films,2026-09-06,T003,The Whisper Man,L'uomo dei sussurri,ok,6,1,1,60817,1.0,0.0,0.0,False,same
all,IT,Films,2026-09-06,T003,The Whisper Man,L'uomo dei sussurri,ok,6,1,1,60817,1.0,0.0,0.0,False,same
excl_contested_kept,IT,Films,2026-08-30,T003,The Whisper Man,L'uomo dei sussurri,ok,6,2,1,49840,1.0,0.0,0.0,False,same
all,FR,Films,2026-09-13,T011,The Secret Woman,"La Femme secrète (film, 2026)",ok,7,4,4,5946,4.0,0.0,0.0,False,same
excl_contested_kept,FR,Films,2026-09-13,T011,The Secret Woman,"La Femme secrète (film, 2026)",ok,7,4,4,5946,4.0,0.0,0.0,False,same
all,FR,Films,2026-07-05,T109,Night at the Museum,La Nuit au musée,ok,7,7,5,2064,5.0,0.0,0.0,False,same
all,FR,TV,2026-07-19,T023,Little House on the Prairie,"La Petite Maison dans la prairie (série télévisée, 2026)",ok,5,1,1,28664,1.0,0.0,0.0,False,same
excl_contested_kept,FR,TV,2026-07-12,T023,Little House on the Prairie,"La Petite Maison dans la prairie (série télévisée, 2026)",ok,4,2,2,11205,2.0,0.0,0.0,False,same
all,FR,TV,2026-07-12,T023,Little House on the Prairie,"La Petite Maison dans la prairie (série télévisée, 2026)",ok,5,2,2,11205,2.0,0.0,0.0,False,same
excl_contested_kept,FR,TV,2026-07-19,T023,Little House on the Prairie,"La Petite Maison dans la prairie (série télévisée, 2026)",ok,4,1,1,28664,1.0,0.0,0.0,False,same
excl_contested_kept,FR,Films,2026-08-16,T002,The Last House,"Le Dernier Refuge (film, 2026)",ok,8,1,1,21654,1.0,0.0,0.0,False,same
all,FR,Films,2026-08-16,T002,The Last House,"Le Dernier Refuge (film, 2026)",ok,8,1,1,21654,1.0,0.0,0.0,False,same
excl_contested_kept,FR,Films,2026-08-09,T002,The Last House,"Le Dernier Refuge (film, 2026)",ok,8,1,1,20690,1.0,0.0,0.0,False,same
all,FR,Films,2026-08-09,T002,The Last House,"Le Dernier Refuge (film, 2026)",ok,9,1,1,20690,1.0,0.0,0.0,False,same
all,FR,Films,2026-08-23,T206,The Morning After,Le Lendemain du crime,contested_kept,5,7,5,40,5.0,0.0,0.0,False,same
excl_contested_kept,FR,TV,2026-07-26,T039,The East Palace,Le Palais de l'Est,ok,6,9,6,0,6.0,0.0,0.0,False,same
all,FR,TV,2026-07-26,T039,The East Palace,Le Palais de l'Est,ok,6,9,6,0,6.0,0.0,0.0,False,same
excl_contested_kept,FR,Films,2026-08-02,T034,The Truthers,Leur vérité,ok,7,4,4,3054,4.0,0.0,0.0,False,same
all,FR,Films,2026-08-02,T034,The Truthers,Leur vérité,ok,7,4,4,3054,4.0,0.0,0.0,False,same
all,IT,Films,2026-08-02,T034,The Truthers,Los Creyentes - Oltre la verità,ok,7,3,2,4782,2.0,0.0,0.0,False,same
excl_contested_kept,IT,Films,2026-08-02,T034,The Truthers,Los Creyentes - Oltre la verità,ok,5,3,2,4782,2.0,0.0,0.0,False,same
excl_contested_kept,FR,TV,2026-08-30,T033,My Brilliant Career,Ma brillante carrière (série télévisée),ok,6,9,5,8077,5.0,0.0,0.0,False,same
all,FR,TV,2026-08-30,T033,My Brilliant Career,Ma brillante carrière (série télévisée),ok,6,9,5,8077,5.0,0.0,0.0,False,same
excl_contested_kept,FR,TV,2026-09-06,T017,My Life With the Walter Boys,Ma vie avec les Walter Boys,ok,4,10,4,3403,4.0,0.0,0.0,False,same
all,FR,TV,2026-09-06,T017,My Life With the Walter Boys,Ma vie avec les Walter Boys,ok,4,10,4,3403,4.0,0.0,0.0,False,same
all,BR,Films,2026-07-12,T090,Meg 2: The Trench,Meg 2: The Trench,ok,4,5,3,118,3.0,0.0,0.0,False,same
excl_contested_kept,BR,Films,2026-07-12,T090,Meg 2: The Trench,Meg 2: The Trench,ok,4,5,3,118,3.0,0.0,0.0,False,same
all,DE,Films,2026-08-30,T083,"My Best Friend, His Girlfriend and Me","Mein bester Freund, seine Freundin & ich",ok,6,8,6,4333,6.0,0.0,0.0,False,same
excl_contested_kept,DE,Films,2026-08-30,T083,"My Best Friend, His Girlfriend and Me","Mein bester Freund, seine Freundin & ich",ok,6,8,6,4333,6.0,0.0,0.0,False,same
excl_contested_kept,IT,Films,2026-08-02,T021,Voicemails for Isabelle,Messaggi per Isabelle,ok,5,10,5,1950,5.0,0.0,0.0,False,same
all,BR,Films,2026-07-26,T302,Monsters vs. Aliens,Monsters vs. Aliens,ok,5,7,3,343,3.0,0.0,0.0,False,same
excl_contested_kept,BR,Films,2026-07-26,T302,Monsters vs. Aliens,Monsters vs. Aliens,ok,5,7,3,343,3.0,0.0,0.0,False,same
excl_contested_kept,FR,TV,2026-09-20,T050,Monster: The Lizzie Borden Story,Monstre : L'Histoire de Lizzie Borden,ok,5,1,1,125528,1.0,0.0,0.0,False,same
all,FR,TV,2026-09-20,T050,Monster: The Lizzie Borden Story,Monstre : L'Histoire de Lizzie Borden,ok,5,1,1,125528,1.0,0.0,0.0,False,same
excl_contested_kept,DE,Films,2026-09-20,T232,Nocturnal Animals,Nocturnal Animals,ok,6,1,1,61464,1.0,0.0,0.0,False,same
all,DE,Films,2026-09-20,T232,Nocturnal Animals,Nocturnal Animals,ok,6,1,1,61464,1.0,0.0,0.0,False,same
all,FR,TV,2026-07-26,T030,Ransom Canyon,Nouvelle vie à Ransom Canyon,ok,6,8,5,9582,5.0,0.0,0.0,False,same
all,FR,TV,2026-08-09,T030,Ransom Canyon,Nouvelle vie à Ransom Canyon,ok,6,8,5,6531,5.0,0.0,0.0,False,same
excl_contested_kept,FR,TV,2026-07-26,T030,Ransom Canyon,Nouvelle vie à Ransom Canyon,ok,6,8,5,9582,5.0,0.0,0.0,False,same
excl_contested_kept,FR,TV,2026-08-09,T030,Ransom Canyon,Nouvelle vie à Ransom Canyon,ok,6,8,5,6531,5.0,0.0,0.0,False,same
excl_contested_kept,FR,TV,2026-08-02,T030,Ransom Canyon,Nouvelle vie à Ransom Canyon,ok,5,5,3,12859,3.0,0.0,0.0,False,same
all,FR,TV,2026-08-02,T030,Ransom Canyon,Nouvelle vie à Ransom Canyon,ok,5,5,3,12859,3.0,0.0,0.0,False,same
all,DE,TV,2026-08-30,T009,I Will Find You,Nur für dein Leben,ok,4,8,4,0,4.0,0.0,0.0,False,same
excl_contested_kept,DE,TV,2026-08-30,T009,I Will Find You,Nur für dein Leben,ok,4,8,4,0,4.0,0.0,0.0,False,same
all,FR,TV,2026-08-16,T014,Our Sticky Love,Our Sticky Love,ok,6,7,6,6177,6.0,0.0,0.0,False,same
excl_contested_kept,FR,TV,2026-08-16,T014,Our Sticky Love,Our Sticky Love,ok,6,7,6,6177,6.0,0.0,0.0,False,same
excl_contested_kept,DE,TV,2026-08-30,T020,Outer Banks,Outer Banks (Fernsehserie),ok,4,3,1,18360,1.0,0.0,0.0,False,same
excl_contested_kept,DE,TV,2026-09-06,T020,Outer Banks,Outer Banks (Fernsehserie),ok,4,5,2,11695,2.0,0.0,0.0,False,same
all,DE,TV,2026-08-30,T020,Outer Banks,Outer Banks (Fernsehserie),ok,4,3,1,18360,1.0,0.0,0.0,False,same
all,DE,TV,2026-08-23,T020,Outer Banks,Outer Banks (Fernsehserie),ok,6,2,1,17333,1.0,0.0,0.0,False,same
all,DE,TV,2026-09-13,T020,Outer Banks,Outer Banks (Fernsehserie),ok,4,7,3,8172,3.0,0.0,0.0,False,same
all,DE,TV,2026-09-06,T020,Outer Banks,Outer Banks (Fernsehserie),ok,4,5,2,11695,2.0,0.0,0.0,False,same
excl_contested_kept,DE,TV,2026-08-23,T020,Outer Banks,Outer Banks (Fernsehserie),ok,6,2,1,17333,1.0,0.0,0.0,False,same
excl_contested_kept,DE,TV,2026-09-13,T020,Outer Banks,Outer Banks (Fernsehserie),ok,4,7,3,8172,3.0,0.0,0.0,False,same
excl_contested_kept,IT,TV,2026-09-06,T020,Outer Banks,Outer Banks (serie televisiva),ok,4,4,2,9182,2.0,0.0,0.0,False,same
all,IT,TV,2026-09-06,T020,Outer Banks,Outer Banks (serie televisiva),ok,4,4,2,9182,2.0,0.0,0.0,False,same
excl_contested_kept,FR,TV,2026-09-13,T020,Outer Banks,Outer Banks (série télévisée),ok,5,9,5,5461,5.0,0.0,0.0,False,same
excl_contested_kept,FR,TV,2026-09-06,T020,Outer Banks,Outer Banks (série télévisée),ok,4,4,3,8184,3.0,0.0,0.0,False,same
all,FR,TV,2026-09-06,T020,Outer Banks,Outer Banks (série télévisée),ok,4,4,3,8184,3.0,0.0,0.0,False,same
all,FR,Films,2026-08-02,T176,Paulette,Paulette (film),ok,7,3,3,3547,3.0,0.0,0.0,False,same
excl_contested_kept,FR,Films,2026-08-02,T176,Paulette,Paulette (film),ok,7,3,3,3547,3.0,0.0,0.0,False,same
excl_contested_kept,IT,Films,2026-09-20,T102,Monster-in-Law,Quel mostro di suocera,ok,6,8,6,856,6.0,0.0,0.0,False,same
all,IT,Films,2026-09-13,T102,Monster-in-Law,Quel mostro di suocera,ok,6,10,6,913,6.0,0.0,0.0,False,same
excl_contested_kept,IT,Films,2026-09-13,T102,Monster-in-Law,Quel mostro di suocera,ok,6,10,6,913,6.0,0.0,0.0,False,same
all,IT,Films,2026-09-20,T102,Monster-in-Law,Quel mostro di suocera,ok,6,8,6,856,6.0,0.0,0.0,False,same
excl_contested_kept,IT,Films,2026-09-20,T287,Race for Glory: Audi vs. Lancia,Race for Glory: Audi vs. Lancia,ok,6,6,5,2860,5.0,0.0,0.0,False,same
all,IT,Films,2026-09-20,T287,Race for Glory: Audi vs. Lancia,Race for Glory: Audi vs. Lancia,ok,6,6,5,2860,5.0,0.0,0.0,False,same
excl_contested_kept,IT,TV,2026-07-26,T030,Ransom Canyon,Ransom Canyon (serie televisiva),ok,4,6,1,8539,1.0,0.0,0.0,False,same
all,IT,TV,2026-07-26,T030,Ransom Canyon,Ransom Canyon (serie televisiva),ok,4,6,1,8539,1.0,0.0,0.0,False,same
all,DE,Films,2026-09-20,T177,Rheingold,Rheingold (2022),ok,6,5,4,9310,4.0,0.0,0.0,False,same
excl_contested_kept,DE,Films,2026-09-20,T177,Rheingold,Rheingold (2022),ok,6,5,4,9310,4.0,0.0,0.0,False,same
excl_contested_kept,BR,Films,2026-08-30,T139,Shrek,Shrek,ok,4,7,3,840,3.0,0.0,0.0,False,same
all,DE,Films,2026-08-02,T081,Sniper: No Nation,Sniper: No Nation,ok,4,10,4,1653,4.0,0.0,0.0,False,same
excl_contested_kept,DE,Films,2026-08-02,T081,Sniper: No Nation,Sniper: No Nation,ok,4,10,4,1653,4.0,0.0,0.0,False,same
all,IT,Films,2026-07-12,T065,Sonic the Hedgehog 3,Sonic 3 - Il film,ok,6,9,6,1135,6.0,0.0,0.0,False,same
excl_contested_kept,IT,Films,2026-07-12,T065,Sonic the Hedgehog 3,Sonic 3 - Il film,ok,5,9,5,1135,5.0,0.0,0.0,False,same
all,IT,TV,2026-07-12,T082,Sullivan's Crossing,Sullivan's Crossing,ok,4,5,2,5149,2.0,0.0,0.0,False,same
all,FR,TV,2026-08-02,T009,I Will Find You,Sur tes traces,ok,5,4,2,18160,2.0,0.0,0.0,False,same
excl_contested_kept,FR,TV,2026-07-19,T009,I Will Find You,Sur tes traces,ok,4,2,2,22680,2.0,0.0,0.0,False,same
excl_contested_kept,FR,TV,2026-08-02,T009,I Will Find You,Sur tes traces,ok,5,4,2,18160,2.0,0.0,0.0,False,same
all,FR,TV,2026-07-05,T009,I Will Find You,Sur tes traces,ok,5,1,1,33161,1.0,0.0,0.0,False,same
excl_contested_kept,FR,TV,2026-08-16,T009,I Will Find You,Sur tes traces,ok,6,5,4,11315,4.0,0.0,0.0,False,same
all,FR,TV,2026-07-12,T009,I Will Find You,Sur tes traces,ok,5,1,1,22658,1.0,0.0,0.0,False,same
excl_contested_kept,FR,TV,2026-07-12,T009,I Will Find You,Sur tes traces,ok,4,1,1,22658,1.0,0.0,0.0,False,same
all,FR,TV,2026-07-26,T009,I Will Find You,Sur tes traces,ok,6,2,2,22982,2.0,0.0,0.0,False,same
all,FR,TV,2026-07-19,T009,I Will Find You,Sur tes traces,ok,5,2,2,22680,2.0,0.0,0.0,False,same
excl_contested_kept,FR,TV,2026-07-26,T009,I Will Find You,Sur tes traces,ok,6,2,2,22982,2.0,0.0,0.0,False,same
all,FR,TV,2026-08-16,T009,I Will Find You,Sur tes traces,ok,6,5,4,11315,4.0,0.0,0.0,False,same
excl_contested_kept,FR,TV,2026-07-05,T009,I Will Find You,Sur tes traces,ok,4,1,1,33161,1.0,0.0,0.0,False,same
excl_contested_kept,BR,Films,2026-08-02,T190,Take Shelter,Take Shelter,ok,4,3,2,696,2.0,0.0,0.0,False,same
all,BR,Films,2026-08-02,T190,Take Shelter,Take Shelter,ok,4,3,2,696,2.0,0.0,0.0,False,same
all,DE,TV,2026-07-05,T218,TESTO,Testo (Fernsehserie),ok,4,7,3,4693,3.0,0.0,0.0,False,same
all,IT,Films,2026-07-26,T015,The Debt Collector,The Debt Collector (film 2018),contested_kept,4,9,4,0,4.0,0.0,0.0,False,same
excl_contested_kept,DE,TV,2026-09-06,T026,The Gentlemen,"The Gentlemen (Fernsehserie, 2024)",ok,4,1,1,35760,1.0,0.0,0.0,False,same
all,DE,TV,2026-09-13,T026,The Gentlemen,"The Gentlemen (Fernsehserie, 2024)",ok,4,1,1,50892,1.0,0.0,0.0,False,same
excl_contested_kept,DE,TV,2026-09-13,T026,The Gentlemen,"The Gentlemen (Fernsehserie, 2024)",ok,4,1,1,50892,1.0,0.0,0.0,False,same
all,DE,TV,2026-09-06,T026,The Gentlemen,"The Gentlemen (Fernsehserie, 2024)",ok,4,1,1,35760,1.0,0.0,0.0,False,same
excl_contested_kept,IT,TV,2026-09-06,T026,The Gentlemen,The Gentlemen (serie televisiva),ok,4,1,1,46436,1.0,0.0,0.0,False,same
excl_contested_kept,IT,TV,2026-09-13,T026,The Gentlemen,The Gentlemen (serie televisiva),ok,6,1,1,72593,1.0,0.0,0.0,False,same
all,IT,TV,2026-09-13,T026,The Gentlemen,The Gentlemen (serie televisiva),ok,6,1,1,72593,1.0,0.0,0.0,False,same
all,IT,TV,2026-09-06,T026,The Gentlemen,The Gentlemen (serie televisiva),ok,4,1,1,46436,1.0,0.0,0.0,False,same
all,FR,TV,2026-09-13,T026,The Gentlemen,The Gentlemen (série télévisée),ok,6,1,1,43970,1.0,0.0,0.0,False,same
excl_contested_kept,FR,TV,2026-09-13,T026,The Gentlemen,The Gentlemen (série télévisée),ok,5,1,1,43970,1.0,0.0,0.0,False,same
excl_contested_kept,DE,Films,2026-08-16,T002,The Last House,The Last House,ok,4,1,1,45523,1.0,0.0,0.0,False,same
excl_contested_kept,DE,Films,2026-08-09,T002,The Last House,The Last House,ok,6,1,1,35277,1.0,0.0,0.0,False,same
all,IT,Films,2026-08-16,T002,The Last House,The Last House,ok,5,2,1,24616,1.0,0.0,0.0,False,same
excl_contested_kept,IT,Films,2026-08-09,T002,The Last House,The Last House,ok,8,1,1,18008,1.0,0.0,0.0,False,same
all,DE,Films,2026-08-09,T002,The Last House,The Last House,ok,6,1,1,35277,1.0,0.0,0.0,False,same
excl_contested_kept,IT,Films,2026-08-16,T002,The Last House,The Last House,ok,5,2,1,24616,1.0,0.0,0.0,False,same
all,DE,Films,2026-08-16,T002,The Last House,The Last House,ok,5,1,1,45523,1.0,0.0,0.0,False,same
all,IT,Films,2026-08-09,T002,The Last House,The Last House,ok,8,1,1,18008,1.0,0.0,0.0,False,same
all,BR,Films,2026-09-06,T003,The Whisper Man,The Whisper Man,ok,7,1,1,15828,1.0,0.0,0.0,False,same
all,FR,Films,2026-09-06,T003,The Whisper Man,The Whisper Man,ok,4,1,1,34154,1.0,0.0,0.0,False,same
all,FR,Films,2026-08-30,T003,The Whisper Man,The Whisper Man,ok,7,2,1,26883,1.0,0.0,0.0,False,same
all,BR,Films,2026-08-30,T003,The Whisper Man,The Whisper Man,ok,5,2,1,1044,1.0,0.0,0.0,False,same
excl_contested_kept,BR,Films,2026-09-06,T003,The Whisper Man,The Whisper Man,ok,6,1,1,15828,1.0,0.0,0.0,False,same
excl_contested_kept,FR,Films,2026-08-30,T003,The Whisper Man,The Whisper Man,ok,6,2,1,26883,1.0,0.0,0.0,False,same
excl_contested_kept,FR,Films,2026-09-06,T003,The Whisper Man,The Whisper Man,ok,4,1,1,34154,1.0,0.0,0.0,False,same
excl_contested_kept,BR,Films,2026-08-30,T003,The Whisper Man,The Whisper Man,ok,4,2,1,1044,1.0,0.0,0.0,False,same
excl_contested_kept,BR,Films,2026-09-13,T003,The Whisper Man,The Whisper Man,ok,4,2,1,18371,1.0,0.0,0.0,False,same
all,BR,Films,2026-09-13,T003,The Whisper Man,The Whisper Man,ok,5,2,1,18371,1.0,0.0,0.0,False,same
all,JP,TV,2026-09-06,T114,Until the T-shirt Dries,Tシャツが乾くまで,ok,4,2,2,83602,2.0,0.0,0.0,False,same
excl_contested_kept,JP,TV,2026-09-13,T114,Until the T-shirt Dries,Tシャツが乾くまで,ok,5,2,2,96577,2.0,0.0,0.0,False,same
all,JP,TV,2026-08-16,T114,Until the T-shirt Dries,Tシャツが乾くまで,ok,5,2,2,59321,2.0,0.0,0.0,False,same
excl_contested_kept,JP,TV,2026-07-12,T114,Until the T-shirt Dries,Tシャツが乾くまで,ok,5,5,2,87717,2.0,0.0,0.0,False,same
all,JP,TV,2026-08-30,T114,Until the T-shirt Dries,Tシャツが乾くまで,ok,5,2,2,73810,2.0,0.0,0.0,False,same
excl_contested_kept,JP,TV,2026-08-23,T114,Until the T-shirt Dries,Tシャツが乾くまで,ok,5,2,2,56275,2.0,0.0,0.0,False,same
all,JP,TV,2026-07-12,T114,Until the T-shirt Dries,Tシャツが乾くまで,ok,5,5,2,87717,2.0,0.0,0.0,False,same
all,JP,TV,2026-09-13,T114,Until the T-shirt Dries,Tシャツが乾くまで,ok,5,2,2,96577,2.0,0.0,0.0,False,same
all,JP,TV,2026-09-20,T114,Until the T-shirt Dries,Tシャツが乾くまで,ok,6,2,2,46870,2.0,0.0,0.0,False,same
excl_contested_kept,JP,TV,2026-08-09,T114,Until the T-shirt Dries,Tシャツが乾くまで,ok,7,2,2,54421,2.0,0.0,0.0,False,same
excl_contested_kept,JP,TV,2026-09-20,T114,Until the T-shirt Dries,Tシャツが乾くまで,ok,6,2,2,46870,2.0,0.0,0.0,False,same
all,JP,TV,2026-08-23,T114,Until the T-shirt Dries,Tシャツが乾くまで,ok,5,2,2,56275,2.0,0.0,0.0,False,same
excl_contested_kept,JP,TV,2026-09-06,T114,Until the T-shirt Dries,Tシャツが乾くまで,ok,4,2,2,83602,2.0,0.0,0.0,False,same
excl_contested_kept,JP,TV,2026-08-30,T114,Until the T-shirt Dries,Tシャツが乾くまで,ok,5,2,2,73810,2.0,0.0,0.0,False,same
all,JP,TV,2026-08-09,T114,Until the T-shirt Dries,Tシャツが乾くまで,ok,7,2,2,54421,2.0,0.0,0.0,False,same
excl_contested_kept,JP,TV,2026-08-16,T114,Until the T-shirt Dries,Tシャツが乾くまで,ok,5,2,2,59321,2.0,0.0,0.0,False,same
all,IT,Films,2026-07-26,T223,Venom: The Last Dance,Venom: The Last Dance,ok,4,7,3,2369,3.0,0.0,0.0,False,same
excl_contested_kept,IT,Films,2026-07-19,T223,Venom: The Last Dance,Venom: The Last Dance,ok,4,7,3,2186,3.0,0.0,0.0,False,same
excl_contested_kept,DE,Films,2026-08-02,T021,Voicemails for Isabelle,Voicemails for Isabelle,ok,4,7,3,3709,3.0,0.0,0.0,False,same
all,DE,Films,2026-08-02,T021,Voicemails for Isabelle,Voicemails for Isabelle,ok,4,7,3,3709,3.0,0.0,0.0,False,same
all,DE,Films,2026-08-02,T099,War Machine,War Machine (2026),ok,4,5,2,5682,2.0,0.0,0.0,False,same
excl_contested_kept,DE,Films,2026-08-02,T099,War Machine,War Machine (2026),ok,4,5,2,5682,2.0,0.0,0.0,False,same
all,BR,Films,2026-08-16,T071,What a Girl Wants,What a Girl Wants (filme),ok,4,6,3,848,3.0,0.0,0.0,False,same
excl_contested_kept,BR,Films,2026-08-16,T071,What a Girl Wants,What a Girl Wants (filme),ok,4,6,3,848,3.0,0.0,0.0,False,same
excl_contested_kept,JP,Films,2026-09-13,T108,Anaconda 3: Offspring,アナコンダ3,ok,4,8,3,983,3.0,0.0,0.0,False,same
all,JP,Films,2026-09-13,T108,Anaconda 3: Offspring,アナコンダ3,ok,4,8,3,983,3.0,0.0,0.0,False,same
all,JP,TV,2026-08-02,T076,Human Vapor,ガス人間,ok,5,6,4,922,4.0,0.0,0.0,False,same
excl_contested_kept,JP,TV,2026-08-02,T076,Human Vapor,ガス人間,ok,5,6,4,922,4.0,0.0,0.0,False,same
all,JP,TV,2026-08-16,T076,Human Vapor,ガス人間,ok,5,7,5,826,5.0,0.0,0.0,False,same
excl_contested_kept,JP,TV,2026-08-16,T076,Human Vapor,ガス人間,ok,5,7,5,826,5.0,0.0,0.0,False,same
all,JP,Films,2026-09-06,T144,Last Mile,ラストマイル,ok,4,1,1,8600,1.0,0.0,0.0,False,same
excl_contested_kept,JP,Films,2026-09-06,T144,Last Mile,ラストマイル,ok,4,1,1,8600,1.0,0.0,0.0,False,same
all,JP,TV,2026-09-06,T118,GATE24:The Border,大空港〜GATE24〜,ok,4,7,4,26618,4.0,0.0,0.0,False,same
excl_contested_kept,JP,TV,2026-08-02,T118,GATE24:The Border,大空港〜GATE24〜,ok,5,3,3,26595,3.0,0.0,0.0,False,same
all,JP,TV,2026-07-26,T118,GATE24:The Border,大空港〜GATE24〜,ok,4,4,3,30960,3.0,0.0,0.0,False,same
all,JP,TV,2026-08-23,T118,GATE24:The Border,大空港〜GATE24〜,ok,5,5,4,25204,4.0,0.0,0.0,False,same
all,JP,TV,2026-08-02,T118,GATE24:The Border,大空港〜GATE24〜,ok,5,3,3,26595,3.0,0.0,0.0,False,same
excl_contested_kept,JP,TV,2026-08-23,T118,GATE24:The Border,大空港〜GATE24〜,ok,5,5,4,25204,4.0,0.0,0.0,False,same
excl_contested_kept,JP,TV,2026-08-16,T118,GATE24:The Border,大空港〜GATE24〜,ok,5,5,4,26397,4.0,0.0,0.0,False,same
excl_contested_kept,JP,TV,2026-07-26,T118,GATE24:The Border,大空港〜GATE24〜,ok,4,4,3,30960,3.0,0.0,0.0,False,same
all,JP,TV,2026-08-16,T118,GATE24:The Border,大空港〜GATE24〜,ok,5,5,4,26397,4.0,0.0,0.0,False,same
excl_contested_kept,JP,TV,2026-09-06,T118,GATE24:The Border,大空港〜GATE24〜,ok,4,7,4,26618,4.0,0.0,0.0,False,same
all,JP,TV,2026-08-09,T054,Spooky in Love,恋は命がけ,ok,7,9,6,1348,6.0,0.0,0.0,False,same
excl_contested_kept,JP,TV,2026-08-09,T054,Spooky in Love,恋は命がけ,ok,7,9,6,1348,6.0,0.0,0.0,False,same
excl_contested_kept,JP,TV,2026-08-02,T054,Spooky in Love,恋は命がけ,ok,5,10,5,0,5.0,0.0,0.0,False,same
all,JP,TV,2026-08-02,T054,Spooky in Love,恋は命がけ,ok,5,10,5,0,5.0,0.0,0.0,False,same
all,JP,TV,2026-08-23,T054,Spooky in Love,恋は命がけ,ok,5,9,5,3677,5.0,0.0,0.0,False,same
excl_contested_kept,JP,TV,2026-08-23,T054,Spooky in Love,恋は命がけ,ok,5,9,5,3677,5.0,0.0,0.0,False,same
all,JP,TV,2026-08-30,T054,Spooky in Love,恋は命がけ,ok,5,8,5,4375,5.0,0.0,0.0,False,same
excl_contested_kept,JP,TV,2026-08-30,T054,Spooky in Love,恋は命がけ,ok,5,8,5,4375,5.0,0.0,0.0,False,same
all,KR,TV,2026-07-19,T076,Human Vapor,가스인간,ok,7,10,7,1220,7.0,0.0,0.0,False,same
excl_contested_kept,KR,TV,2026-07-19,T076,Human Vapor,가스인간,ok,7,10,7,1220,7.0,0.0,0.0,False,same
excl_contested_kept,KR,TV,2026-07-12,T076,Human Vapor,가스인간,ok,6,6,5,681,5.0,0.0,0.0,False,same
all,KR,TV,2026-07-12,T076,Human Vapor,가스인간,ok,6,6,5,681,5.0,0.0,0.0,False,same
excl_contested_kept,KR,TV,2026-07-12,T217,Mercy For None,광장 (2025년 드라마),ok,6,7,6,612,6.0,0.0,0.0,False,same
all,KR,TV,2026-07-05,T217,Mercy For None,광장 (2025년 드라마),ok,6,9,6,439,6.0,0.0,0.0,False,same
all,KR,TV,2026-07-12,T217,Mercy For None,광장 (2025년 드라마),ok,6,7,6,612,6.0,0.0,0.0,False,same
excl_contested_kept,KR,TV,2026-07-05,T217,Mercy For None,광장 (2025년 드라마),ok,6,9,6,439,6.0,0.0,0.0,False,same
excl_contested_kept,KR,TV,2026-07-05,T001,Agent Kim Reactivated,김부장,ok,6,1,1,20634,1.0,0.0,0.0,False,same
excl_contested_kept,KR,TV,2026-07-12,T001,Agent Kim Reactivated,김부장,ok,6,1,1,17749,1.0,0.0,0.0,False,same
all,KR,TV,2026-07-12,T001,Agent Kim Reactivated,김부장,ok,6,1,1,17749,1.0,0.0,0.0,False,same
all,KR,TV,2026-07-05,T001,Agent Kim Reactivated,김부장,ok,6,1,1,20634,1.0,0.0,0.0,False,same
excl_contested_kept,KR,TV,2026-09-06,T121,I am Solo,나는 SOLO,ok,4,3,3,441,3.0,0.0,0.0,False,same
all,KR,TV,2026-09-06,T121,I am Solo,나는 SOLO,ok,4,3,3,441,3.0,0.0,0.0,False,same
excl_contested_kept,KR,Films,2026-08-02,T077,Husbands in Action,남편들 (2026년 영화),ok,5,10,5,58,5.0,0.0,0.0,False,same
all,KR,Films,2026-08-02,T077,Husbands in Action,남편들 (2026년 영화),ok,5,10,5,58,5.0,0.0,0.0,False,same
excl_contested_kept,KR,Films,2026-08-16,T077,Husbands in Action,남편들 (2026년 영화),ok,5,10,5,46,5.0,0.0,0.0,False,same
all,KR,Films,2026-08-16,T077,Husbands in Action,남편들 (2026년 영화),ok,5,10,5,46,5.0,0.0,0.0,False,same
all,KR,TV,2026-08-16,T039,The East Palace,동궁 (드라마),ok,8,8,6,610,6.0,0.0,0.0,False,same
excl_contested_kept,KR,TV,2026-08-09,T039,The East Palace,동궁 (드라마),ok,6,6,5,1114,5.0,0.0,0.0,False,same
all,KR,TV,2026-08-09,T039,The East Palace,동궁 (드라마),ok,6,6,5,1114,5.0,0.0,0.0,False,same
excl_contested_kept,KR,TV,2026-08-16,T039,The East Palace,동궁 (드라마),ok,8,8,6,610,6.0,0.0,0.0,False,same
all,KR,TV,2026-09-06,T080,Mousetrap,들쥐 (드라마),ok,4,1,1,3275,1.0,0.0,0.0,False,same
all,KR,TV,2026-08-30,T080,Mousetrap,들쥐 (드라마),ok,5,1,1,2377,1.0,0.0,0.0,False,same
excl_contested_kept,KR,TV,2026-09-06,T080,Mousetrap,들쥐 (드라마),ok,4,1,1,3275,1.0,0.0,0.0,False,same
excl_contested_kept,KR,TV,2026-08-30,T080,Mousetrap,들쥐 (드라마),ok,5,1,1,2377,1.0,0.0,0.0,False,same
excl_contested_kept,KR,Films,2026-07-26,T152,Lobby,로비 (영화),ok,5,8,3,95,3.0,0.0,0.0,False,same
all,KR,Films,2026-07-26,T152,Lobby,로비 (영화),ok,5,8,3,95,3.0,0.0,0.0,False,same
all,KR,Films,2026-07-19,T152,Lobby,로비 (영화),ok,5,2,1,195,1.0,0.0,0.0,False,same
excl_contested_kept,KR,Films,2026-07-19,T152,Lobby,로비 (영화),ok,5,2,1,195,1.0,0.0,0.0,False,same
excl_contested_kept,KR,Films,2026-08-02,T227,Roofman,루프맨,ok,5,9,4,330,4.0,0.0,0.0,False,same
all,KR,Films,2026-08-02,T227,Roofman,루프맨,ok,5,9,4,330,4.0,0.0,0.0,False,same
all,KR,TV,2026-07-05,T085,Notes from the Last Row,맨 끝줄 소년 (드라마),ok,6,2,2,7953,2.0,0.0,0.0,False,same
excl_contested_kept,KR,TV,2026-07-05,T085,Notes from the Last Row,맨 끝줄 소년 (드라마),ok,6,2,2,7953,2.0,0.0,0.0,False,same
all,KR,Films,2026-07-19,T221,The Noisy Mansion,백수아파트,ok,5,8,5,53,5.0,0.0,0.0,False,same
excl_contested_kept,KR,Films,2026-07-19,T221,The Noisy Mansion,백수아파트,ok,5,8,5,53,5.0,0.0,0.0,False,same
all,KR,TV,2026-09-20,T235,The Scandal,스캔들 (2026년 드라마),ok,5,1,1,1446,1.0,0.0,0.0,False,same
excl_contested_kept,KR,TV,2026-09-20,T235,The Scandal,스캔들 (2026년 드라마),ok,5,1,1,1446,1.0,0.0,0.0,False,same
all,KR,Films,2026-08-09,T056,Spider-Man: Homecoming,스파이더맨: 홈커밍,ok,5,3,2,1371,2.0,0.0,0.0,False,same
excl_contested_kept,KR,Films,2026-08-09,T056,Spider-Man: Homecoming,스파이더맨: 홈커밍,ok,5,3,2,1371,2.0,0.0,0.0,False,same
all,KR,Films,2026-08-16,T056,Spider-Man: Homecoming,스파이더맨: 홈커밍,ok,5,5,2,1053,2.0,0.0,0.0,False,same
excl_contested_kept,KR,Films,2026-08-23,T056,Spider-Man: Homecoming,스파이더맨: 홈커밍,ok,5,4,2,770,2.0,0.0,0.0,False,same
excl_contested_kept,KR,Films,2026-08-16,T056,Spider-Man: Homecoming,스파이더맨: 홈커밍,ok,5,5,2,1053,2.0,0.0,0.0,False,same
excl_contested_kept,KR,Films,2026-08-02,T056,Spider-Man: Homecoming,스파이더맨: 홈커밍,ok,5,4,2,1068,2.0,0.0,0.0,False,same
all,KR,Films,2026-08-02,T056,Spider-Man: Homecoming,스파이더맨: 홈커밍,ok,5,4,2,1068,2.0,0.0,0.0,False,same
all,KR,Films,2026-08-23,T056,Spider-Man: Homecoming,스파이더맨: 홈커밍,ok,5,4,2,770,2.0,0.0,0.0,False,same
all,KR,TV,2026-08-23,T123,The Apartment Job,아파트 (2026년 드라마),ok,5,3,3,2308,3.0,0.0,0.0,False,same
excl_contested_kept,KR,TV,2026-08-23,T123,The Apartment Job,아파트 (2026년 드라마),ok,5,3,3,2308,3.0,0.0,0.0,False,same
all,KR,Films,2026-08-16,T105,Edge of Tomorrow,엣지 오브 투모로우,ok,5,7,4,99,4.0,0.0,0.0,False,same
excl_contested_kept,KR,Films,2026-08-16,T105,Edge of Tomorrow,엣지 오브 투모로우,ok,5,7,4,99,4.0,0.0,0.0,False,same
all,KR,TV,2026-07-26,T054,Spooky in Love,오싹한 연애 (드라마),ok,5,4,4,3613,4.0,0.0,0.0,False,same
all,KR,TV,2026-08-30,T054,Spooky in Love,오싹한 연애 (드라마),ok,5,4,3,1223,3.0,0.0,0.0,False,same
excl_contested_kept,KR,TV,2026-07-26,T054,Spooky in Love,오싹한 연애 (드라마),ok,5,4,4,3613,4.0,0.0,0.0,False,same
all,KR,TV,2026-07-19,T054,Spooky in Love,오싹한 연애 (드라마),ok,7,7,5,2695,5.0,0.0,0.0,False,same
excl_contested_kept,KR,TV,2026-08-30,T054,Spooky in Love,오싹한 연애 (드라마),ok,5,4,3,1223,3.0,0.0,0.0,False,same
excl_contested_kept,KR,TV,2026-08-09,T054,Spooky in Love,오싹한 연애 (드라마),ok,6,3,3,2460,3.0,0.0,0.0,False,same
excl_contested_kept,KR,TV,2026-07-19,T054,Spooky in Love,오싹한 연애 (드라마),ok,7,7,5,2695,5.0,0.0,0.0,False,same
all,KR,TV,2026-08-09,T054,Spooky in Love,오싹한 연애 (드라마),ok,6,3,3,2460,3.0,0.0,0.0,False,same
all,KR,TV,2026-08-16,T014,Our Sticky Love,이런 엿 같은 사랑,ok,8,1,1,12276,1.0,0.0,0.0,False,same
excl_contested_kept,KR,TV,2026-08-16,T014,Our Sticky Love,이런 엿 같은 사랑,ok,8,1,1,12276,1.0,0.0,0.0,False,same
all,KR,TV,2026-08-02,T025,Teach You a Lesson,참교육,ok,5,8,5,780,5.0,0.0,0.0,False,same
all,KR,TV,2026-07-26,T025,Teach You a Lesson,참교육,ok,5,6,5,1238,5.0,0.0,0.0,False,same
excl_contested_kept,KR,TV,2026-07-26,T025,Teach You a Lesson,참교육,ok,5,6,5,1238,5.0,0.0,0.0,False,same
excl_contested_kept,KR,TV,2026-07-05,T025,Teach You a Lesson,참교육,ok,6,3,3,2635,3.0,0.0,0.0,False,same
all,KR,TV,2026-07-05,T025,Teach You a Lesson,참교육,ok,6,3,3,2635,3.0,0.0,0.0,False,same
excl_contested_kept,KR,TV,2026-08-02,T025,Teach You a Lesson,참교육,ok,5,8,5,780,5.0,0.0,0.0,False,same
all,KR,TV,2026-08-30,T132,"Four Hands, Two Sonatas",포핸즈,ok,5,10,5,0,5.0,0.0,0.0,False,same
excl_contested_kept,KR,TV,2026-08-30,T132,"Four Hands, Two Sonatas",포핸즈,ok,5,10,5,0,5.0,0.0,0.0,False,same
excl_contested_kept,DE,TV,2026-08-09,T009,I Will Find You,Nur für dein Leben,ok,4,7,4,0,3.5,0.5,0.16666666666666666,False,attention_ahead
excl_contested_kept,DE,TV,2026-08-16,T009,I Will Find You,Nur für dein Leben,ok,4,8,4,0,3.5,0.5,0.16666666666666666,False,attention_ahead
all,DE,TV,2026-08-09,T009,I Will Find You,Nur für dein Leben,ok,4,7,4,0,3.5,0.5,0.16666666666666666,False,attention_ahead
all,DE,TV,2026-08-16,T009,I Will Find You,Nur für dein Leben,ok,4,8,4,0,3.5,0.5,0.16666666666666666,False,attention_ahead
all,IT,TV,2026-07-26,T039,The East Palace,The East Palace,ok,4,10,4,0,3.5,0.5,0.16666666666666666,False,attention_ahead
excl_contested_kept,IT,TV,2026-07-26,T039,The East Palace,The East Palace,ok,4,10,4,0,3.5,0.5,0.16666666666666666,False,attention_ahead
excl_contested_kept,DE,TV,2026-07-26,T327,The Hawk,The Hawk (Fernsehserie),ok,4,8,4,0,3.5,0.5,0.16666666666666666,False,attention_ahead
all,JP,Films,2026-09-06,T360,2012,2012 (映画),ok,4,10,4,2195,3.0,1.0,0.3333333333333333,False,attention_ahead
excl_contested_kept,JP,Films,2026-09-06,T360,2012,2012 (映画),ok,4,10,4,2195,3.0,1.0,0.3333333333333333,False,attention_ahead
excl_contested_kept,DE,Films,2026-07-12,T248,22 Bahnen,22 Bahnen,ok,5,4,2,17714,1.0,1.0,0.25,False,attention_ahead
all,DE,Films,2026-07-12,T248,22 Bahnen,22 Bahnen,ok,6,4,2,17714,1.0,1.0,0.2,False,attention_ahead
excl_contested_kept,FR,Films,2026-08-02,T010,72 HOURS,72 Heures (film),ok,7,2,2,5662,1.0,1.0,0.16666666666666666,False,attention_ahead
all,FR,Films,2026-08-02,T010,72 HOURS,72 Heures (film),ok,7,2,2,5662,1.0,1.0,0.16666666666666666,False,attention_ahead
all,DE,TV,2026-07-19,T001,Agent Kim Reactivated,Agent Kim Reactivated,ok,4,5,4,7178,3.0,1.0,0.3333333333333333,False,attention_ahead
excl_contested_kept,FR,TV,2026-08-02,T001,Agent Kim Reactivated,Agent Kim Reactivated,ok,5,8,5,10096,4.0,1.0,0.25,False,attention_ahead
all,FR,TV,2026-08-02,T001,Agent Kim Reactivated,Agent Kim Reactivated,ok,5,8,5,10096,4.0,1.0,0.25,False,attention_ahead
all,FR,Films,2026-07-05,T104,Angel Eyes,"Angel Eyes (film, 2001)",contested_kept,7,5,4,3612,3.0,1.0,0.16666666666666666,False,attention_ahead
all,IT,Films,2026-07-12,T091,Anora,Anora,contested_kept,6,3,2,18372,1.0,1.0,0.2,False,attention_ahead
all,FR,Films,2026-09-20,T091,Anora,Anora (film),contested_kept,9,4,4,8637,3.0,1.0,0.125,False,attention_ahead
all,DE,TV,2026-07-05,T024,Avatar: The Last Airbender,Avatar – Der Herr der Elemente (2024),contested_kept,4,2,2,19688,1.0,1.0,0.3333333333333333,False,attention_ahead
all,DE,TV,2026-07-19,T024,Avatar: The Last Airbender,Avatar – Der Herr der Elemente (2024),contested_kept,4,4,3,9370,2.0,1.0,0.3333333333333333,False,attention_ahead
all,FR,TV,2026-07-12,T024,Avatar: The Last Airbender,"Avatar, le dernier maître de l'air (série télévisée)",contested_kept,5,6,4,8890,3.0,1.0,0.25,False,attention_ahead
all,FR,TV,2026-07-19,T024,Avatar: The Last Airbender,"Avatar, le dernier maître de l'air (série télévisée)",contested_kept,5,6,4,7500,3.0,1.0,0.25,False,attention_ahead
excl_contested_kept,BR,Films,2026-09-13,T214,Bee Movie,Bee Movie,ok,4,10,4,178,3.0,1.0,0.3333333333333333,False,attention_ahead
excl_contested_kept,DE,Films,2026-08-23,T185,Black Adam,Black Adam (Film),ok,5,6,5,6456,4.0,1.0,0.25,False,attention_ahead
all,FR,Films,2026-08-23,T179,Serial Driver,Bonne Conduite,ok,5,2,2,12505,1.0,1.0,0.25,False,attention_ahead
excl_contested_kept,FR,Films,2026-08-23,T179,Serial Driver,Bonne Conduite,ok,4,2,2,12505,1.0,1.0,0.3333333333333333,False,attention_ahead
all,IT,Films,2026-08-23,T128,Buen Camino,Buen camino,ok,4,9,4,4691,3.0,1.0,0.3333333333333333,False,attention_ahead
all,IT,Films,2026-08-30,T128,Buen Camino,Buen camino,ok,6,10,6,3941,5.0,1.0,0.2,False,attention_ahead
excl_contested_kept,IT,Films,2026-08-30,T128,Buen Camino,Buen camino,ok,6,10,6,3941,5.0,1.0,0.2,False,attention_ahead
excl_contested_kept,IT,Films,2026-08-23,T128,Buen Camino,Buen camino,ok,4,9,4,4691,3.0,1.0,0.3333333333333333,False,attention_ahead
excl_contested_kept,FR,Films,2026-07-19,T295,What’s With This Granny!?,C'est quoi cette mamie ?!,ok,4,6,3,2643,2.0,1.0,0.3333333333333333,False,attention_ahead
all,FR,Films,2026-07-19,T295,What’s With This Granny!?,C'est quoi cette mamie ?!,ok,5,6,3,2643,2.0,1.0,0.25,False,attention_ahead
excl_contested_kept,DE,Films,2026-08-30,T100,Companion,Companion – Die perfekte Begleitung,ok,6,6,4,13140,3.0,1.0,0.2,False,attention_ahead
all,DE,Films,2026-08-30,T100,Companion,Companion – Die perfekte Begleitung,ok,6,6,4,13140,3.0,1.0,0.2,False,attention_ahead
all,DE,Films,2026-07-12,T208,Manitou's Canoe,Das Kanu des Manitu,ok,6,8,5,7370,4.0,1.0,0.2,False,attention_ahead
all,DE,Films,2026-07-05,T208,Manitou's Canoe,Das Kanu des Manitu,ok,7,6,4,9309,3.0,1.0,0.16666666666666666,False,attention_ahead
excl_contested_kept,DE,Films,2026-09-20,T003,The Whisper Man,Der Kinderflüsterer,ok,6,3,3,17289,2.0,1.0,0.2,False,attention_ahead
all,DE,Films,2026-09-20,T003,The Whisper Man,Der Kinderflüsterer,ok,6,3,3,17289,2.0,1.0,0.2,False,attention_ahead
excl_contested_kept,BR,Films,2026-08-09,T079,Despicable Me 4,Despicable Me 4,ok,6,9,5,202,4.0,1.0,0.2,False,attention_ahead
all,BR,Films,2026-08-09,T079,Despicable Me 4,Despicable Me 4,ok,6,9,5,202,4.0,1.0,0.2,False,attention_ahead
all,DE,Films,2026-09-13,T158,Dune: Part Two,Dune: Part Two,ok,5,5,3,13469,2.0,1.0,0.25,False,attention_ahead
excl_contested_kept,DE,Films,2026-09-13,T158,Dune: Part Two,Dune: Part Two,ok,4,5,3,13469,2.0,1.0,0.3333333333333333,False,attention_ahead
excl_contested_kept,FR,Films,2026-08-16,T004,Elize: Shadows of a Woman,Elize : Surgie de l'ombre,ok,8,8,6,1770,5.0,1.0,0.14285714285714285,False,attention_ahead
all,FR,Films,2026-08-09,T004,Elize: Shadows of a Woman,Elize : Surgie de l'ombre,ok,9,5,5,7506,4.0,1.0,0.125,False,attention_ahead
all,FR,Films,2026-08-16,T004,Elize: Shadows of a Woman,Elize : Surgie de l'ombre,ok,8,8,6,1770,5.0,1.0,0.14285714285714285,False,attention_ahead
all,FR,Films,2026-09-06,T191,The Equalizer 3,Equalizer 3,ok,4,3,3,6161,2.0,1.0,0.3333333333333333,False,attention_ahead
excl_contested_kept,FR,Films,2026-09-06,T191,The Equalizer 3,Equalizer 3,ok,4,3,3,6161,2.0,1.0,0.3333333333333333,False,attention_ahead
all,FR,Films,2026-09-13,T191,The Equalizer 3,Equalizer 3,ok,7,9,7,2526,6.0,1.0,0.16666666666666666,False,attention_ahead
excl_contested_kept,FR,Films,2026-09-13,T191,The Equalizer 3,Equalizer 3,ok,7,9,7,2526,6.0,1.0,0.16666666666666666,False,attention_ahead
all,DE,Films,2026-08-09,T312,Evil Dead Rise,Evil Dead Rise,ok,6,8,4,7111,3.0,1.0,0.2,False,attention_ahead
excl_contested_kept,DE,Films,2026-08-09,T312,Evil Dead Rise,Evil Dead Rise,ok,6,8,4,7111,3.0,1.0,0.2,False,attention_ahead
all,FR,TV,2026-09-20,T063,Fauda,Fauda,ok,5,9,5,15764,4.0,1.0,0.25,False,attention_ahead
excl_contested_kept,FR,TV,2026-09-20,T063,Fauda,Fauda,ok,5,9,5,15764,4.0,1.0,0.25,False,attention_ahead
all,FR,TV,2026-08-30,T012,Elite Force,GIGN (mini-série),ok,6,8,4,10413,3.0,1.0,0.2,False,attention_ahead
all,FR,TV,2026-08-23,T012,Elite Force,GIGN (mini-série),ok,6,5,4,14174,3.0,1.0,0.2,False,attention_ahead
excl_contested_kept,FR,TV,2026-08-30,T012,Elite Force,GIGN (mini-série),ok,6,8,4,10413,3.0,1.0,0.2,False,attention_ahead
excl_contested_kept,FR,TV,2026-08-09,T012,Elite Force,GIGN (mini-série),ok,6,2,2,35142,1.0,1.0,0.2,False,attention_ahead
excl_contested_kept,FR,TV,2026-08-16,T012,Elite Force,GIGN (mini-série),ok,6,2,2,19022,1.0,1.0,0.2,False,attention_ahead
all,FR,TV,2026-08-16,T012,Elite Force,GIGN (mini-série),ok,6,2,2,19022,1.0,1.0,0.2,False,attention_ahead
all,FR,TV,2026-08-09,T012,Elite Force,GIGN (mini-série),ok,6,2,2,35142,1.0,1.0,0.2,False,attention_ahead
excl_contested_kept,FR,TV,2026-08-23,T012,Elite Force,GIGN (mini-série),ok,6,5,4,14174,3.0,1.0,0.2,False,attention_ahead
all,IT,Films,2026-07-12,T195,Il Bene Comune,Il bene comune,ok,6,4,3,13186,2.0,1.0,0.2,False,attention_ahead
excl_contested_kept,IT,Films,2026-07-12,T195,Il Bene Comune,Il bene comune,ok,5,4,2,13186,1.0,1.0,0.25,False,attention_ahead
excl_contested_kept,DE,Films,2026-08-09,T257,Juror #2,Juror No. 2,ok,6,4,3,19779,2.0,1.0,0.2,False,attention_ahead
all,DE,Films,2026-08-09,T257,Juror #2,Juror No. 2,ok,6,4,3,19779,2.0,1.0,0.2,False,attention_ahead
excl_contested_kept,FR,TV,2026-08-09,T028,The Bombing of Pan Am 103,L'Attentat du vol Pan Am 103,ok,6,3,3,19183,2.0,1.0,0.2,False,attention_ahead
all,FR,TV,2026-08-09,T028,The Bombing of Pan Am 103,L'Attentat du vol Pan Am 103,ok,6,3,3,19183,2.0,1.0,0.2,False,attention_ahead
excl_contested_kept,IT,Films,2026-08-30,T196,L'Amore sta bene su tutto,L'amore sta bene su tutto,ok,6,4,3,15002,2.0,1.0,0.2,False,attention_ahead
all,IT,Films,2026-08-30,T196,L'Amore sta bene su tutto,L'amore sta bene su tutto,ok,6,4,3,15002,2.0,1.0,0.2,False,attention_ahead
excl_contested_kept,IT,Films,2026-09-13,T003,The Whisper Man,L'uomo dei sussurri,ok,6,2,2,25098,1.0,1.0,0.2,False,attention_ahead
all,IT,Films,2026-09-13,T003,The Whisper Man,L'uomo dei sussurri,ok,6,2,2,25098,1.0,1.0,0.2,False,attention_ahead
excl_contested_kept,FR,Films,2026-09-20,T011,The Secret Woman,"La Femme secrète (film, 2026)",ok,8,8,6,3647,5.0,1.0,0.14285714285714285,False,attention_ahead
all,FR,Films,2026-09-20,T011,The Secret Woman,"La Femme secrète (film, 2026)",ok,9,8,7,3647,6.0,1.0,0.125,False,attention_ahead
all,FR,TV,2026-07-26,T023,Little House on the Prairie,"La Petite Maison dans la prairie (série télévisée, 2026)",ok,6,7,4,12169,3.0,1.0,0.2,False,attention_ahead
excl_contested_kept,FR,TV,2026-07-26,T023,Little House on the Prairie,"La Petite Maison dans la prairie (série télévisée, 2026)",ok,6,7,4,12169,3.0,1.0,0.2,False,attention_ahead
all,IT,TV,2026-07-26,T023,Little House on the Prairie,La casa nella prateria (serie televisiva 2026),ok,4,9,3,6924,2.0,1.0,0.3333333333333333,False,attention_ahead
excl_contested_kept,IT,TV,2026-07-26,T023,Little House on the Prairie,La casa nella prateria (serie televisiva 2026),ok,4,9,3,6924,2.0,1.0,0.3333333333333333,False,attention_ahead
all,IT,Films,2026-07-26,T034,The Truthers,Los Creyentes - Oltre la verità,ok,4,5,2,2898,1.0,1.0,0.3333333333333333,False,attention_ahead
all,FR,TV,2026-08-23,T033,My Brilliant Career,Ma brillante carrière (série télévisée),ok,6,3,2,15668,1.0,1.0,0.2,False,attention_ahead
excl_contested_kept,FR,TV,2026-08-23,T033,My Brilliant Career,Ma brillante carrière (série télévisée),ok,6,3,2,15668,1.0,1.0,0.2,False,attention_ahead
excl_contested_kept,IT,Films,2026-07-05,T021,Voicemails for Isabelle,Messaggi per Isabelle,ok,5,2,2,10514,1.0,1.0,0.25,False,attention_ahead
all,IT,Films,2026-07-05,T021,Voicemails for Isabelle,Messaggi per Isabelle,ok,7,2,2,10514,1.0,1.0,0.16666666666666666,False,attention_ahead
all,IT,Films,2026-07-12,T021,Voicemails for Isabelle,Messaggi per Isabelle,ok,6,7,5,4911,4.0,1.0,0.2,False,attention_ahead
excl_contested_kept,IT,Films,2026-07-12,T021,Voicemails for Isabelle,Messaggi per Isabelle,ok,5,7,4,4911,3.0,1.0,0.25,False,attention_ahead
all,BR,TV,2026-08-23,T116,The Mentalist,O Mentalista,contested_kept,4,6,2,5817,1.0,1.0,0.3333333333333333,False,attention_ahead
all,FR,TV,2026-09-13,T020,Outer Banks,Outer Banks (série télévisée),ok,6,9,6,5461,5.0,1.0,0.2,False,attention_ahead
excl_contested_kept,FR,TV,2026-08-30,T020,Outer Banks,Outer Banks (série télévisée),ok,6,3,2,14970,1.0,1.0,0.2,False,attention_ahead
all,FR,TV,2026-08-30,T020,Outer Banks,Outer Banks (série télévisée),ok,6,3,2,14970,1.0,1.0,0.2,False,attention_ahead
all,FR,Films,2026-07-12,T351,Presidents,Présidents,ok,5,9,4,5856,3.0,1.0,0.25,False,attention_ahead
excl_contested_kept,FR,Films,2026-07-12,T351,Presidents,Présidents,ok,5,9,4,5856,3.0,1.0,0.25,False,attention_ahead
all,FR,TV,2026-07-19,T025,Teach You a Lesson,Que ça vous serve de leçon !,ok,5,9,5,6562,4.0,1.0,0.25,False,attention_ahead
all,FR,TV,2026-07-12,T025,Teach You a Lesson,Que ça vous serve de leçon !,ok,5,8,5,6855,4.0,1.0,0.25,False,attention_ahead
all,FR,TV,2026-07-05,T025,Teach You a Lesson,Que ça vous serve de leçon !,ok,5,8,4,8241,3.0,1.0,0.25,False,attention_ahead
excl_contested_kept,FR,TV,2026-07-05,T025,Teach You a Lesson,Que ça vous serve de leçon !,ok,4,8,3,8241,2.0,1.0,0.3333333333333333,False,attention_ahead
excl_contested_kept,FR,TV,2026-07-12,T025,Teach You a Lesson,Que ça vous serve de leçon !,ok,4,8,4,6855,3.0,1.0,0.3333333333333333,False,attention_ahead
excl_contested_kept,FR,TV,2026-07-19,T025,Teach You a Lesson,Que ça vous serve de leçon !,ok,4,9,4,6562,3.0,1.0,0.3333333333333333,False,attention_ahead
excl_contested_kept,DE,TV,2026-09-06,T369,Resident Alien,Resident Alien,ok,4,10,4,7224,3.0,1.0,0.3333333333333333,False,attention_ahead
all,DE,TV,2026-09-06,T369,Resident Alien,Resident Alien,ok,4,10,4,7224,3.0,1.0,0.3333333333333333,False,attention_ahead
excl_contested_kept,FR,TV,2026-08-23,T045,Seal Team,SEAL Team,ok,6,8,6,11144,5.0,1.0,0.2,False,attention_ahead
excl_contested_kept,DE,TV,2026-08-30,T045,Seal Team,SEAL Team,ok,4,7,3,10870,2.0,1.0,0.3333333333333333,False,attention_ahead
all,BR,TV,2026-08-23,T045,Seal Team,SEAL Team,ok,4,10,4,650,3.0,1.0,0.3333333333333333,False,attention_ahead
all,FR,TV,2026-08-23,T045,Seal Team,SEAL Team,ok,6,8,6,11144,5.0,1.0,0.2,False,attention_ahead
all,DE,TV,2026-08-30,T045,Seal Team,SEAL Team,ok,4,7,3,10870,2.0,1.0,0.3333333333333333,False,attention_ahead
all,BR,Films,2026-09-13,T139,Shrek,Shrek,ok,5,7,3,948,2.0,1.0,0.25,False,attention_ahead
all,BR,Films,2026-08-30,T139,Shrek,Shrek,ok,5,7,4,840,3.0,1.0,0.25,False,attention_ahead
excl_contested_kept,BR,Films,2026-09-13,T139,Shrek,Shrek,ok,4,7,3,948,2.0,1.0,0.3333333333333333,False,attention_ahead
excl_contested_kept,BR,Films,2026-09-06,T139,Shrek,Shrek,ok,6,5,3,868,2.0,1.0,0.2,False,attention_ahead
excl_contested_kept,BR,Films,2026-09-06,T210,Shrek 2,Shrek 2,ok,6,6,4,309,3.0,1.0,0.2,False,attention_ahead
excl_contested_kept,FR,Films,2026-08-02,T021,Voicemails for Isabelle,Si tu m'écoutes,ok,7,7,6,2729,5.0,1.0,0.16666666666666666,False,attention_ahead
all,FR,Films,2026-08-02,T021,Voicemails for Isabelle,Si tu m'écoutes,ok,7,7,6,2729,5.0,1.0,0.16666666666666666,False,attention_ahead
all,FR,Films,2026-07-26,T021,Voicemails for Isabelle,Si tu m'écoutes,ok,6,8,5,466,4.0,1.0,0.2,False,attention_ahead
excl_contested_kept,FR,Films,2026-07-26,T021,Voicemails for Isabelle,Si tu m'écoutes,ok,6,8,5,466,4.0,1.0,0.2,False,attention_ahead
all,FR,TV,2026-08-09,T009,I Will Find You,Sur tes traces,ok,6,6,4,15085,3.0,1.0,0.2,False,attention_ahead
all,FR,TV,2026-08-23,T009,I Will Find You,Sur tes traces,ok,6,7,5,11963,4.0,1.0,0.2,False,attention_ahead
excl_contested_kept,FR,TV,2026-08-09,T009,I Will Find You,Sur tes traces,ok,6,6,4,15085,3.0,1.0,0.2,False,attention_ahead
excl_contested_kept,FR,TV,2026-08-23,T009,I Will Find You,Sur tes traces,ok,6,7,5,11963,4.0,1.0,0.2,False,attention_ahead
all,BR,Films,2026-08-02,T129,Swapped,Swapped,ok,4,10,4,235,3.0,1.0,0.3333333333333333,False,attention_ahead
all,BR,Films,2026-08-09,T129,Swapped,Swapped,ok,6,10,6,150,5.0,1.0,0.2,False,attention_ahead
excl_contested_kept,BR,Films,2026-07-19,T129,Swapped,Swapped,ok,5,8,4,167,3.0,1.0,0.25,False,attention_ahead
excl_contested_kept,BR,Films,2026-07-26,T129,Swapped,Swapped,ok,5,10,5,238,4.0,1.0,0.25,False,attention_ahead
excl_contested_kept,BR,Films,2026-08-02,T129,Swapped,Swapped,ok,4,10,4,235,3.0,1.0,0.3333333333333333,False,attention_ahead
all,BR,Films,2026-07-19,T129,Swapped,Swapped,ok,5,8,4,167,3.0,1.0,0.25,False,attention_ahead
excl_contested_kept,BR,Films,2026-08-09,T129,Swapped,Swapped,ok,6,10,6,150,5.0,1.0,0.2,False,attention_ahead
all,BR,Films,2026-07-26,T129,Swapped,Swapped,ok,5,10,5,238,4.0,1.0,0.25,False,attention_ahead
all,BR,Films,2026-08-09,T190,Take Shelter,Take Shelter,ok,6,6,4,426,3.0,1.0,0.2,False,attention_ahead
excl_contested_kept,BR,Films,2026-08-09,T190,Take Shelter,Take Shelter,ok,6,6,4,426,3.0,1.0,0.2,False,attention_ahead
all,FR,TV,2026-09-06,T026,The Gentlemen,The Gentlemen (série télévisée),ok,4,2,2,31946,1.0,1.0,0.3333333333333333,False,attention_ahead
excl_contested_kept,FR,TV,2026-09-06,T026,The Gentlemen,The Gentlemen (série télévisée),ok,4,2,2,31946,1.0,1.0,0.3333333333333333,False,attention_ahead
excl_contested_kept,FR,TV,2026-09-20,T026,The Gentlemen,The Gentlemen (série télévisée),ok,5,5,3,27127,2.0,1.0,0.25,False,attention_ahead
all,FR,TV,2026-09-20,T026,The Gentlemen,The Gentlemen (série télévisée),ok,5,5,3,27127,2.0,1.0,0.25,False,attention_ahead
all,IT,Films,2026-08-23,T002,The Last House,The Last House,ok,4,3,2,12794,1.0,1.0,0.3333333333333333,False,attention_ahead
all,DE,Films,2026-08-30,T002,The Last House,The Last House,ok,6,7,5,10332,4.0,1.0,0.2,False,attention_ahead
excl_contested_kept,IT,Films,2026-08-23,T002,The Last House,The Last House,ok,4,3,2,12794,1.0,1.0,0.3333333333333333,False,attention_ahead
excl_contested_kept,DE,Films,2026-08-30,T002,The Last House,The Last House,ok,6,7,5,10332,4.0,1.0,0.2,False,attention_ahead
excl_contested_kept,FR,TV,2026-07-05,T087,The Polygamist,The Polygamist,ok,4,10,4,5993,3.0,1.0,0.3333333333333333,False,attention_ahead
all,FR,TV,2026-07-05,T087,The Polygamist,The Polygamist,ok,5,10,5,5993,4.0,1.0,0.25,False,attention_ahead
all,DE,TV,2026-07-19,T136,The Rookie,The Rookie (Fernsehserie),ok,4,3,2,19846,1.0,1.0,0.3333333333333333,False,attention_ahead
all,FR,Films,2026-07-19,T111,The Town,The Town,contested_kept,5,8,5,2384,4.0,1.0,0.25,False,attention_ahead
all,BR,Films,2026-09-20,T003,The Whisper Man,The Whisper Man,ok,6,6,2,2545,1.0,1.0,0.2,False,attention_ahead
excl_contested_kept,FR,Films,2026-09-13,T003,The Whisper Man,The Whisper Man,ok,7,3,3,14586,2.0,1.0,0.16666666666666666,False,attention_ahead
all,FR,Films,2026-09-13,T003,The Whisper Man,The Whisper Man,ok,7,3,3,14586,2.0,1.0,0.16666666666666666,False,attention_ahead
excl_contested_kept,BR,Films,2026-09-20,T003,The Whisper Man,The Whisper Man,ok,6,6,2,2545,1.0,1.0,0.2,False,attention_ahead
excl_contested_kept,BR,Films,2026-07-19,T093,The Wild Robot,The Wild Robot,ok,5,5,2,419,1.0,1.0,0.25,False,attention_ahead
all,BR,Films,2026-07-19,T093,The Wild Robot,The Wild Robot,ok,5,5,2,419,1.0,1.0,0.25,False,attention_ahead
all,BR,Films,2026-07-12,T093,The Wild Robot,The Wild Robot,ok,4,3,2,529,1.0,1.0,0.3333333333333333,False,attention_ahead
excl_contested_kept,BR,Films,2026-07-12,T093,The Wild Robot,The Wild Robot,ok,4,3,2,529,1.0,1.0,0.3333333333333333,False,attention_ahead
all,IT,TV,2026-09-06,T017,My Life With the Walter Boys,Uno splendido errore,ok,4,9,4,4455,3.0,1.0,0.3333333333333333,False,attention_ahead
excl_contested_kept,IT,TV,2026-09-06,T017,My Life With the Walter Boys,Uno splendido errore,ok,4,9,4,4455,3.0,1.0,0.3333333333333333,False,attention_ahead
all,JP,TV,2026-08-02,T115,Vivant,VIVANT,ok,5,2,2,383172,1.0,1.0,0.25,False,attention_ahead
excl_contested_kept,JP,TV,2026-08-02,T115,Vivant,VIVANT,ok,5,2,2,383172,1.0,1.0,0.25,False,attention_ahead
excl_contested_kept,DE,Films,2026-07-05,T021,Voicemails for Isabelle,Voicemails for Isabelle,ok,6,3,2,13085,1.0,1.0,0.2,False,attention_ahead
all,DE,Films,2026-07-05,T021,Voicemails for Isabelle,Voicemails for Isabelle,ok,7,3,2,13085,1.0,1.0,0.16666666666666666,False,attention_ahead
all,DE,Films,2026-08-09,T099,War Machine,War Machine (2026),ok,6,9,5,4162,4.0,1.0,0.2,False,attention_ahead
excl_contested_kept,DE,Films,2026-08-09,T099,War Machine,War Machine (2026),ok,6,9,5,4162,4.0,1.0,0.2,False,attention_ahead
all,FR,Films,2026-08-02,T099,War Machine,"War Machine (film, 2026)",ok,7,10,7,2432,6.0,1.0,0.16666666666666666,False,attention_ahead
excl_contested_kept,FR,Films,2026-08-02,T099,War Machine,"War Machine (film, 2026)",ok,7,10,7,2432,6.0,1.0,0.16666666666666666,False,attention_ahead
excl_contested_kept,JP,Films,2026-09-13,T088,The Sixth Sense,シックス・センス,ok,4,6,2,5902,1.0,1.0,0.3333333333333333,False,attention_ahead
excl_contested_kept,JP,Films,2026-09-06,T088,The Sixth Sense,シックス・センス,ok,4,8,3,4645,2.0,1.0,0.3333333333333333,False,attention_ahead
all,JP,Films,2026-09-13,T088,The Sixth Sense,シックス・センス,ok,4,6,2,5902,1.0,1.0,0.3333333333333333,False,attention_ahead
all,JP,Films,2026-09-06,T088,The Sixth Sense,シックス・センス,ok,4,8,3,4645,2.0,1.0,0.3333333333333333,False,attention_ahead
all,JP,TV,2026-08-09,T118,GATE24:The Border,大空港〜GATE24〜,ok,7,4,4,23363,3.0,1.0,0.16666666666666666,False,attention_ahead
excl_contested_kept,JP,TV,2026-08-09,T118,GATE24:The Border,大空港〜GATE24〜,ok,7,4,4,23363,3.0,1.0,0.16666666666666666,False,attention_ahead
all,JP,TV,2026-07-05,T356,The Haunted Palace,鬼宮,ok,5,9,5,712,4.0,1.0,0.25,False,attention_ahead
excl_contested_kept,JP,TV,2026-07-05,T356,The Haunted Palace,鬼宮,ok,5,9,5,712,4.0,1.0,0.25,False,attention_ahead
all,KR,TV,2026-08-23,T225,The Auditors,감사합니다 (드라마),ok,5,8,5,943,4.0,1.0,0.25,False,attention_ahead
excl_contested_kept,KR,TV,2026-08-23,T225,The Auditors,감사합니다 (드라마),ok,5,8,5,943,4.0,1.0,0.25,False,attention_ahead
all,KR,Films,2026-09-20,T321,One Way Trip,글로리데이,ok,5,8,5,54,4.0,1.0,0.25,False,attention_ahead
excl_contested_kept,KR,Films,2026-09-20,T321,One Way Trip,글로리데이,ok,5,8,5,54,4.0,1.0,0.25,False,attention_ahead
excl_contested_kept,KR,TV,2026-07-19,T001,Agent Kim Reactivated,김부장,ok,7,2,2,21366,1.0,1.0,0.16666666666666666,False,attention_ahead
all,KR,TV,2026-07-19,T001,Agent Kim Reactivated,김부장,ok,7,2,2,21366,1.0,1.0,0.16666666666666666,False,attention_ahead
all,KR,TV,2026-08-02,T001,Agent Kim Reactivated,김부장,ok,5,2,2,5866,1.0,1.0,0.25,False,attention_ahead
all,KR,TV,2026-07-26,T001,Agent Kim Reactivated,김부장,ok,5,2,2,12799,1.0,1.0,0.25,False,attention_ahead
excl_contested_kept,KR,TV,2026-08-02,T001,Agent Kim Reactivated,김부장,ok,5,2,2,5866,1.0,1.0,0.25,False,attention_ahead
excl_contested_kept,KR,TV,2026-07-26,T001,Agent Kim Reactivated,김부장,ok,5,2,2,12799,1.0,1.0,0.25,False,attention_ahead
excl_contested_kept,KR,TV,2026-09-20,T121,I am Solo,나는 SOLO,ok,5,4,4,402,3.0,1.0,0.25,False,attention_ahead
all,KR,TV,2026-09-20,T121,I am Solo,나는 SOLO,ok,5,4,4,402,3.0,1.0,0.25,False,attention_ahead
excl_contested_kept,KR,Films,2026-07-12,T077,Husbands in Action,남편들 (2026년 영화),ok,6,8,4,90,3.0,1.0,0.2,False,attention_ahead
all,KR,Films,2026-07-19,T077,Husbands in Action,남편들 (2026년 영화),ok,5,7,4,72,3.0,1.0,0.25,False,attention_ahead
excl_contested_kept,KR,Films,2026-07-19,T077,Husbands in Action,남편들 (2026년 영화),ok,5,7,4,72,3.0,1.0,0.25,False,attention_ahead
all,KR,Films,2026-07-12,T077,Husbands in Action,남편들 (2026년 영화),ok,6,8,4,90,3.0,1.0,0.2,False,attention_ahead
excl_contested_kept,KR,TV,2026-09-20,T080,Mousetrap,들쥐 (드라마),ok,5,3,3,1051,2.0,1.0,0.25,False,attention_ahead
all,KR,TV,2026-09-20,T080,Mousetrap,들쥐 (드라마),ok,5,3,3,1051,2.0,1.0,0.25,False,attention_ahead
excl_contested_kept,KR,Films,2026-07-12,T152,Lobby,로비 (영화),ok,6,6,2,230,1.0,1.0,0.2,False,attention_ahead
all,KR,Films,2026-07-12,T152,Lobby,로비 (영화),ok,6,6,2,230,1.0,1.0,0.2,False,attention_ahead
all,KR,Films,2026-08-09,T227,Roofman,루프맨,ok,5,9,5,209,4.0,1.0,0.25,False,attention_ahead
excl_contested_kept,KR,Films,2026-08-09,T227,Roofman,루프맨,ok,5,9,5,209,4.0,1.0,0.25,False,attention_ahead
excl_contested_kept,KR,TV,2026-07-05,T303,My Royal Nemesis,멋진 신세계 (드라마),ok,6,7,5,1228,4.0,1.0,0.2,False,attention_ahead
all,KR,TV,2026-07-05,T303,My Royal Nemesis,멋진 신세계 (드라마),ok,6,7,5,1228,4.0,1.0,0.2,False,attention_ahead
all,KR,Films,2026-09-13,T355,The Blind Side,블라인드 사이드,ok,4,9,4,384,3.0,1.0,0.3333333333333333,False,attention_ahead
excl_contested_kept,KR,Films,2026-09-13,T355,The Blind Side,블라인드 사이드,ok,4,9,4,384,3.0,1.0,0.3333333333333333,False,attention_ahead
all,KR,Films,2026-09-20,T183,Vanishing Point,소실점 (영화),ok,5,4,4,91,3.0,1.0,0.25,False,attention_ahead
excl_contested_kept,KR,Films,2026-09-20,T183,Vanishing Point,소실점 (영화),ok,5,4,4,91,3.0,1.0,0.25,False,attention_ahead
excl_contested_kept,KR,TV,2026-07-26,T123,The Apartment Job,아파트 (2026년 드라마),ok,5,3,3,5100,2.0,1.0,0.25,False,attention_ahead
all,KR,TV,2026-07-19,T123,The Apartment Job,아파트 (2026년 드라마),ok,7,3,3,9483,2.0,1.0,0.16666666666666666,False,attention_ahead
excl_contested_kept,KR,TV,2026-07-19,T123,The Apartment Job,아파트 (2026년 드라마),ok,7,3,3,9483,2.0,1.0,0.16666666666666666,False,attention_ahead
all,KR,TV,2026-08-16,T123,The Apartment Job,아파트 (2026년 드라마),ok,8,3,3,4572,2.0,1.0,0.14285714285714285,False,attention_ahead
all,KR,TV,2026-07-26,T123,The Apartment Job,아파트 (2026년 드라마),ok,5,3,3,5100,2.0,1.0,0.25,False,attention_ahead
excl_contested_kept,KR,TV,2026-08-16,T123,The Apartment Job,아파트 (2026년 드라마),ok,8,3,3,4572,2.0,1.0,0.14285714285714285,False,attention_ahead
all,KR,Films,2026-07-19,T290,The Accountant,어카운턴트,ok,5,6,3,138,2.0,1.0,0.25,False,attention_ahead
excl_contested_kept,KR,Films,2026-07-19,T290,The Accountant,어카운턴트,ok,5,6,3,138,2.0,1.0,0.25,False,attention_ahead
all,KR,TV,2026-08-16,T054,Spooky in Love,오싹한 연애 (드라마),ok,8,6,4,2234,3.0,1.0,0.14285714285714285,False,attention_ahead
excl_contested_kept,KR,TV,2026-08-16,T054,Spooky in Love,오싹한 연애 (드라마),ok,8,6,4,2234,3.0,1.0,0.14285714285714285,False,attention_ahead
all,KR,Films,2026-09-13,T003,The Whisper Man,위스퍼맨,ok,4,8,3,755,2.0,1.0,0.3333333333333333,False,attention_ahead
excl_contested_kept,KR,Films,2026-09-13,T003,The Whisper Man,위스퍼맨,ok,4,8,3,755,2.0,1.0,0.3333333333333333,False,attention_ahead
all,KR,TV,2026-08-09,T014,Our Sticky Love,이런 엿 같은 사랑,ok,6,2,2,7037,1.0,1.0,0.2,False,attention_ahead
all,KR,TV,2026-08-23,T014,Our Sticky Love,이런 엿 같은 사랑,ok,5,2,2,3842,1.0,1.0,0.25,False,attention_ahead
excl_contested_kept,KR,TV,2026-08-09,T014,Our Sticky Love,이런 엿 같은 사랑,ok,6,2,2,7037,1.0,1.0,0.2,False,attention_ahead
excl_contested_kept,KR,TV,2026-08-23,T014,Our Sticky Love,이런 엿 같은 사랑,ok,5,2,2,3842,1.0,1.0,0.25,False,attention_ahead
excl_contested_kept,KR,TV,2026-09-20,T025,Teach You a Lesson,참교육,ok,5,9,5,278,4.0,1.0,0.25,False,attention_ahead
all,KR,TV,2026-09-20,T025,Teach You a Lesson,참교육,ok,5,9,5,278,4.0,1.0,0.25,False,attention_ahead
all,KR,Films,2026-09-13,T192,Troy,트로이 (영화),ok,4,3,2,879,1.0,1.0,0.3333333333333333,False,attention_ahead
excl_contested_kept,KR,Films,2026-09-13,T192,Troy,트로이 (영화),ok,4,3,2,879,1.0,1.0,0.3333333333333333,False,attention_ahead
excl_contested_kept,BR,Films,2026-08-30,T002,The Last House,A Última Casa (2026),ok,4,10,4,910,2.0,2.0,0.6666666666666666,True,attention_ahead
excl_contested_kept,DE,TV,2026-07-12,T001,Agent Kim Reactivated,Agent Kim Reactivated,ok,4,9,4,6216,2.0,2.0,0.6666666666666666,True,attention_ahead
all,DE,TV,2026-07-12,T001,Agent Kim Reactivated,Agent Kim Reactivated,ok,5,9,5,6216,3.0,2.0,0.5,True,attention_ahead
all,DE,TV,2026-07-05,T001,Agent Kim Reactivated,Agent Kim Reactivated,ok,4,8,4,6028,2.0,2.0,0.6666666666666666,True,attention_ahead
all,IT,Films,2026-09-20,T197,Practical Magic,Amori & incantesimi,ok,6,4,4,14892,2.0,2.0,0.4,False,attention_ahead
excl_contested_kept,IT,Films,2026-09-20,T197,Practical Magic,Amori & incantesimi,ok,6,4,4,14892,2.0,2.0,0.4,False,attention_ahead
all,IT,Films,2026-09-13,T197,Practical Magic,Amori & incantesimi,ok,6,5,4,25006,2.0,2.0,0.4,False,attention_ahead
excl_contested_kept,IT,Films,2026-09-13,T197,Practical Magic,Amori & incantesimi,ok,6,5,4,25006,2.0,2.0,0.4,False,attention_ahead
all,IT,Films,2026-07-05,T104,Angel Eyes,Angel Eyes - Occhi d'angelo,contested_kept,7,7,5,3496,3.0,2.0,0.3333333333333333,False,attention_ahead
all,IT,Films,2026-07-19,T091,Anora,Anora,contested_kept,6,6,3,13285,1.0,2.0,0.4,False,attention_ahead
all,IT,TV,2026-07-12,T024,Avatar: The Last Airbender,Avatar - La leggenda di Aang (serie televisiva),contested_kept,4,8,3,5227,1.0,2.0,0.6666666666666666,True,attention_ahead
all,FR,Films,2026-07-26,T267,Barbie,Barbie (film),ok,6,5,3,5391,1.0,2.0,0.4,False,attention_ahead
excl_contested_kept,FR,Films,2026-07-26,T267,Barbie,Barbie (film),ok,6,5,3,5391,1.0,2.0,0.4,False,attention_ahead
all,BR,Films,2026-09-13,T214,Bee Movie,Bee Movie,ok,5,10,5,178,3.0,2.0,0.5,True,attention_ahead
all,DE,Films,2026-08-23,T185,Black Adam,Black Adam (Film),ok,6,6,6,6456,4.0,2.0,0.4,False,attention_ahead
all,IT,Films,2026-08-02,T128,Buen Camino,Buen camino,ok,7,8,6,3692,4.0,2.0,0.3333333333333333,False,attention_ahead
all,DE,Films,2026-09-06,T100,Companion,Companion – Die perfekte Begleitung,ok,7,10,7,6922,5.0,2.0,0.3333333333333333,False,attention_ahead
excl_contested_kept,DE,Films,2026-09-06,T100,Companion,Companion – Die perfekte Begleitung,ok,7,10,7,6922,5.0,2.0,0.3333333333333333,False,attention_ahead
excl_contested_kept,DE,Films,2026-07-12,T208,Manitou's Canoe,Das Kanu des Manitu,ok,5,8,5,7370,3.0,2.0,0.5,True,attention_ahead
excl_contested_kept,DE,Films,2026-07-05,T208,Manitou's Canoe,Das Kanu des Manitu,ok,6,6,4,9309,2.0,2.0,0.4,False,attention_ahead
excl_contested_kept,DE,Films,2026-08-23,T046,Don't Say Good Luck,Don’t Say Good Luck,ok,5,4,4,15223,2.0,2.0,0.5,True,attention_ahead
all,DE,Films,2026-08-23,T046,Don't Say Good Luck,Don’t Say Good Luck,ok,6,4,4,15223,2.0,2.0,0.4,False,attention_ahead
excl_contested_kept,DE,Films,2026-08-16,T046,Don't Say Good Luck,Don’t Say Good Luck,ok,4,8,4,7586,2.0,2.0,0.6666666666666666,True,attention_ahead
excl_contested_kept,FR,TV,2026-09-13,T063,Fauda,Fauda,ok,5,6,4,20822,2.0,2.0,0.5,True,attention_ahead
all,FR,TV,2026-09-13,T063,Fauda,Fauda,ok,6,6,4,20822,2.0,2.0,0.4,False,attention_ahead
all,IT,TV,2026-09-20,T063,Fauda,Fauda,ok,5,10,5,10339,3.0,2.0,0.5,True,attention_ahead
excl_contested_kept,IT,TV,2026-09-20,T063,Fauda,Fauda,ok,5,10,5,10339,3.0,2.0,0.5,True,attention_ahead
excl_contested_kept,DE,TV,2026-09-13,T063,Fauda,Fauda (Fernsehserie),ok,4,10,4,19084,2.0,2.0,0.6666666666666666,True,attention_ahead
all,DE,TV,2026-09-13,T063,Fauda,Fauda (Fernsehserie),ok,4,10,4,19084,2.0,2.0,0.6666666666666666,True,attention_ahead
all,BR,Films,2026-08-09,T036,Spider-Man: Far from Home,Homem-Aranha: Longe de Casa,ok,6,5,3,6795,1.0,2.0,0.4,False,attention_ahead
excl_contested_kept,BR,Films,2026-08-09,T036,Spider-Man: Far from Home,Homem-Aranha: Longe de Casa,ok,6,5,3,6795,1.0,2.0,0.4,False,attention_ahead
excl_contested_kept,FR,Films,2026-07-05,T365,KPop Demon Hunters,KPop Demon Hunters,ok,5,10,5,2089,3.0,2.0,0.5,True,attention_ahead
all,IT,Films,2026-09-20,T003,The Whisper Man,L'uomo dei sussurri,ok,6,3,3,16693,1.0,2.0,0.4,False,attention_ahead
excl_contested_kept,IT,Films,2026-09-20,T003,The Whisper Man,L'uomo dei sussurri,ok,6,3,3,16693,1.0,2.0,0.4,False,attention_ahead
excl_contested_kept,IT,Films,2026-07-05,T316,Lavoreremo da Grandi,Lavoreremo da grandi,ok,5,8,4,8478,2.0,2.0,0.5,True,attention_ahead
excl_contested_kept,FR,Films,2026-08-30,T002,The Last House,"Le Dernier Refuge (film, 2026)",ok,6,8,5,5427,3.0,2.0,0.4,False,attention_ahead
all,IT,Films,2026-08-02,T021,Voicemails for Isabelle,Messaggi per Isabelle,ok,7,10,7,1950,5.0,2.0,0.3333333333333333,False,attention_ahead
all,DE,TV,2026-08-09,T162,Murder in a Small Town,Murder in a Small Town (Fernsehserie),ok,4,5,3,31770,1.0,2.0,0.6666666666666666,True,attention_ahead
excl_contested_kept,DE,TV,2026-08-09,T162,Murder in a Small Town,Murder in a Small Town (Fernsehserie),ok,4,5,3,31770,1.0,2.0,0.6666666666666666,True,attention_ahead
all,DE,TV,2026-08-16,T162,Murder in a Small Town,Murder in a Small Town (Fernsehserie),ok,4,6,3,20651,1.0,2.0,0.6666666666666666,True,attention_ahead
excl_contested_kept,DE,TV,2026-08-16,T162,Murder in a Small Town,Murder in a Small Town (Fernsehserie),ok,4,6,3,20651,1.0,2.0,0.6666666666666666,True,attention_ahead
excl_contested_kept,IT,TV,2026-09-13,T020,Outer Banks,Outer Banks (serie televisiva),ok,6,9,6,5862,4.0,2.0,0.4,False,attention_ahead
all,IT,TV,2026-09-13,T020,Outer Banks,Outer Banks (serie televisiva),ok,6,9,6,5862,4.0,2.0,0.4,False,attention_ahead
all,BR,Films,2026-08-23,T313,Here the Whole Time,Quinze Dias,ok,4,8,3,4893,1.0,2.0,0.6666666666666666,True,attention_ahead
all,DE,TV,2026-08-23,T045,Seal Team,SEAL Team,ok,6,8,5,10192,3.0,2.0,0.4,False,attention_ahead
excl_contested_kept,DE,TV,2026-08-23,T045,Seal Team,SEAL Team,ok,6,8,5,10192,3.0,2.0,0.4,False,attention_ahead
excl_contested_kept,FR,Films,2026-07-05,T228,Seven,Seven (film),ok,5,9,4,7337,2.0,2.0,0.5,True,attention_ahead
all,BR,Films,2026-09-06,T139,Shrek,Shrek,ok,7,5,4,868,2.0,2.0,0.3333333333333333,False,attention_ahead
all,BR,Films,2026-09-20,T139,Shrek,Shrek,ok,6,8,4,889,2.0,2.0,0.4,False,attention_ahead
excl_contested_kept,BR,Films,2026-09-20,T139,Shrek,Shrek,ok,6,8,4,889,2.0,2.0,0.4,False,attention_ahead
all,BR,Films,2026-09-20,T210,Shrek 2,Shrek 2,ok,6,9,5,339,3.0,2.0,0.4,False,attention_ahead
all,BR,Films,2026-09-06,T210,Shrek 2,Shrek 2,ok,7,6,5,309,3.0,2.0,0.3333333333333333,False,attention_ahead
excl_contested_kept,BR,Films,2026-09-20,T210,Shrek 2,Shrek 2,ok,6,9,5,339,3.0,2.0,0.4,False,attention_ahead
excl_contested_kept,BR,Films,2026-09-06,T354,Shrek Forever After,Shrek para Sempre,ok,6,9,6,237,4.0,2.0,0.4,False,attention_ahead
excl_contested_kept,IT,Films,2026-08-02,T036,Spider-Man: Far from Home,Spider-Man: Far from Home,ok,5,7,3,15838,1.0,2.0,0.5,True,attention_ahead
excl_contested_kept,IT,Films,2026-08-09,T036,Spider-Man: Far from Home,Spider-Man: Far from Home,ok,8,5,4,16842,2.0,2.0,0.2857142857142857,False,attention_ahead
all,IT,Films,2026-08-09,T036,Spider-Man: Far from Home,Spider-Man: Far from Home,ok,8,5,4,16842,2.0,2.0,0.2857142857142857,False,attention_ahead
excl_contested_kept,IT,TV,2026-09-20,T026,The Gentlemen,The Gentlemen (serie televisiva),ok,5,5,3,42785,1.0,2.0,0.5,True,attention_ahead
all,IT,TV,2026-09-20,T026,The Gentlemen,The Gentlemen (serie televisiva),ok,5,5,3,42785,1.0,2.0,0.5,True,attention_ahead
excl_contested_kept,IT,Films,2026-08-30,T002,The Last House,The Last House,ok,6,8,5,13225,3.0,2.0,0.4,False,attention_ahead
excl_contested_kept,DE,Films,2026-08-23,T002,The Last House,The Last House,ok,5,3,3,20423,1.0,2.0,0.5,True,attention_ahead
all,DE,Films,2026-08-23,T002,The Last House,The Last House,ok,6,3,3,20423,1.0,2.0,0.4,False,attention_ahead
all,IT,Films,2026-08-30,T002,The Last House,The Last House,ok,6,8,5,13225,3.0,2.0,0.4,False,attention_ahead
all,DE,TV,2026-07-26,T136,The Rookie,The Rookie (Fernsehserie),ok,5,7,3,25509,1.0,2.0,0.5,True,attention_ahead
excl_contested_kept,DE,TV,2026-07-12,T136,The Rookie,The Rookie (Fernsehserie),ok,4,8,3,18519,1.0,2.0,0.6666666666666666,True,attention_ahead
excl_contested_kept,DE,TV,2026-07-26,T136,The Rookie,The Rookie (Fernsehserie),ok,4,7,3,25509,1.0,2.0,0.6666666666666666,True,attention_ahead
excl_contested_kept,IT,Films,2026-09-13,T088,The Sixth Sense,The Sixth Sense - Il sesto senso,ok,6,6,5,15604,3.0,2.0,0.4,False,attention_ahead
all,IT,Films,2026-09-13,T088,The Sixth Sense,The Sixth Sense - Il sesto senso,ok,6,6,5,15604,3.0,2.0,0.4,False,attention_ahead
all,IT,Films,2026-07-19,T111,The Town,The Town (film 2010),contested_kept,6,10,6,2606,4.0,2.0,0.4,False,attention_ahead
excl_contested_kept,IT,Films,2026-07-05,T109,Night at the Museum,Una notte al museo,ok,5,10,5,3284,3.0,2.0,0.5,True,attention_ahead
excl_contested_kept,JP,TV,2026-08-16,T115,Vivant,VIVANT,ok,5,4,3,273916,1.0,2.0,0.5,True,attention_ahead
all,JP,TV,2026-08-09,T115,Vivant,VIVANT,ok,7,3,3,288791,1.0,2.0,0.3333333333333333,False,attention_ahead
all,JP,TV,2026-08-23,T115,Vivant,VIVANT,ok,5,4,3,219065,1.0,2.0,0.5,True,attention_ahead
excl_contested_kept,JP,TV,2026-07-05,T115,Vivant,VIVANT,ok,5,4,3,104988,1.0,2.0,0.5,True,attention_ahead
all,JP,TV,2026-07-05,T115,Vivant,VIVANT,ok,5,4,3,104988,1.0,2.0,0.5,True,attention_ahead
all,JP,TV,2026-08-16,T115,Vivant,VIVANT,ok,5,4,3,273916,1.0,2.0,0.5,True,attention_ahead
all,JP,TV,2026-09-06,T115,Vivant,VIVANT,ok,4,5,3,180198,1.0,2.0,0.6666666666666666,True,attention_ahead
excl_contested_kept,JP,TV,2026-08-23,T115,Vivant,VIVANT,ok,5,4,3,219065,1.0,2.0,0.5,True,attention_ahead
excl_contested_kept,JP,TV,2026-09-06,T115,Vivant,VIVANT,ok,4,5,3,180198,1.0,2.0,0.6666666666666666,True,attention_ahead
excl_contested_kept,JP,TV,2026-09-13,T115,Vivant,VIVANT,ok,5,3,3,177719,1.0,2.0,0.5,True,attention_ahead
all,JP,TV,2026-09-13,T115,Vivant,VIVANT,ok,5,3,3,177719,1.0,2.0,0.5,True,attention_ahead
excl_contested_kept,JP,TV,2026-08-09,T115,Vivant,VIVANT,ok,7,3,3,288791,1.0,2.0,0.3333333333333333,False,attention_ahead
excl_contested_kept,DE,Films,2026-07-05,T339,Dog 51,Zone 3,ok,6,9,6,2774,4.0,2.0,0.4,False,attention_ahead
all,DE,Films,2026-07-05,T339,Dog 51,Zone 3,ok,7,9,7,2774,5.0,2.0,0.3333333333333333,False,attention_ahead
all,JP,Films,2026-09-13,T144,Last Mile,ラストマイル,ok,4,9,4,5069,2.0,2.0,0.6666666666666666,True,attention_ahead
excl_contested_kept,JP,Films,2026-09-13,T144,Last Mile,ラストマイル,ok,4,9,4,5069,2.0,2.0,0.6666666666666666,True,attention_ahead
excl_contested_kept,JP,TV,2026-09-13,T141,25 Years of You,告白-25年目の秘密-,ok,5,7,5,30556,3.0,2.0,0.5,True,attention_ahead
all,JP,TV,2026-09-20,T141,25 Years of You,告白-25年目の秘密-,ok,6,6,5,31936,3.0,2.0,0.4,False,attention_ahead
all,JP,TV,2026-09-13,T141,25 Years of You,告白-25年目の秘密-,ok,5,7,5,30556,3.0,2.0,0.5,True,attention_ahead
excl_contested_kept,JP,TV,2026-09-20,T141,25 Years of You,告白-25年目の秘密-,ok,6,6,5,31936,3.0,2.0,0.4,False,attention_ahead
all,JP,TV,2026-09-20,T118,GATE24:The Border,大空港〜GATE24〜,ok,6,8,6,26667,4.0,2.0,0.4,False,attention_ahead
excl_contested_kept,JP,TV,2026-09-20,T118,GATE24:The Border,大空港〜GATE24〜,ok,6,8,6,26667,4.0,2.0,0.4,False,attention_ahead
all,JP,TV,2026-07-12,T220,That Time I Got Reincarnated as a Slime,転生したらスライムだった件 (アニメ),ok,5,10,5,14112,3.0,2.0,0.5,True,attention_ahead
excl_contested_kept,JP,TV,2026-07-12,T220,That Time I Got Reincarnated as a Slime,転生したらスライムだった件 (アニメ),ok,5,10,5,14112,3.0,2.0,0.5,True,attention_ahead
excl_contested_kept,JP,TV,2026-07-05,T220,That Time I Got Reincarnated as a Slime,転生したらスライムだった件 (アニメ),ok,5,7,4,16855,2.0,2.0,0.5,True,attention_ahead
all,JP,TV,2026-07-05,T220,That Time I Got Reincarnated as a Slime,転生したらスライムだった件 (アニメ),ok,5,7,4,16855,2.0,2.0,0.5,True,attention_ahead
all,KR,TV,2026-08-09,T001,Agent Kim Reactivated,김부장,ok,6,7,6,2326,4.0,2.0,0.4,False,attention_ahead
excl_contested_kept,KR,TV,2026-08-09,T001,Agent Kim Reactivated,김부장,ok,6,7,6,2326,4.0,2.0,0.4,False,attention_ahead
excl_contested_kept,KR,TV,2026-07-19,T085,Notes from the Last Row,맨 끝줄 소년 (드라마),ok,7,8,6,2825,4.0,2.0,0.3333333333333333,False,attention_ahead
excl_contested_kept,KR,TV,2026-07-12,T085,Notes from the Last Row,맨 끝줄 소년 (드라마),ok,6,5,4,5348,2.0,2.0,0.4,False,attention_ahead
all,KR,TV,2026-07-19,T085,Notes from the Last Row,맨 끝줄 소년 (드라마),ok,7,8,6,2825,4.0,2.0,0.3333333333333333,False,attention_ahead
all,KR,TV,2026-07-12,T085,Notes from the Last Row,맨 끝줄 소년 (드라마),ok,6,5,4,5348,2.0,2.0,0.4,False,attention_ahead
excl_contested_kept,KR,Films,2026-08-23,T371,Suicide Squad,수어사이드 스쿼드 (영화),ok,5,10,5,333,3.0,2.0,0.5,True,attention_ahead
all,KR,Films,2026-08-23,T371,Suicide Squad,수어사이드 스쿼드 (영화),ok,5,10,5,333,3.0,2.0,0.5,True,attention_ahead
all,KR,Films,2026-08-16,T036,Spider-Man: Far from Home,스파이더맨: 파 프롬 홈,ok,5,6,3,1153,1.0,2.0,0.5,True,attention_ahead
all,KR,Films,2026-08-23,T036,Spider-Man: Far from Home,스파이더맨: 파 프롬 홈,ok,5,5,3,1013,1.0,2.0,0.5,True,attention_ahead
excl_contested_kept,KR,Films,2026-08-16,T036,Spider-Man: Far from Home,스파이더맨: 파 프롬 홈,ok,5,6,3,1153,1.0,2.0,0.5,True,attention_ahead
excl_contested_kept,KR,Films,2026-08-23,T036,Spider-Man: Far from Home,스파이더맨: 파 프롬 홈,ok,5,5,3,1013,1.0,2.0,0.5,True,attention_ahead
excl_contested_kept,KR,Films,2026-08-02,T036,Spider-Man: Far from Home,스파이더맨: 파 프롬 홈,ok,5,7,3,1351,1.0,2.0,0.5,True,attention_ahead
all,KR,Films,2026-08-02,T036,Spider-Man: Far from Home,스파이더맨: 파 프롬 홈,ok,5,7,3,1351,1.0,2.0,0.5,True,attention_ahead
excl_contested_kept,KR,Films,2026-08-09,T036,Spider-Man: Far from Home,스파이더맨: 파 프롬 홈,ok,5,5,3,1828,1.0,2.0,0.5,True,attention_ahead
all,KR,Films,2026-08-09,T036,Spider-Man: Far from Home,스파이더맨: 파 프롬 홈,ok,5,5,3,1828,1.0,2.0,0.5,True,attention_ahead
all,KR,TV,2026-08-09,T123,The Apartment Job,아파트 (2026년 드라마),ok,6,5,4,5048,2.0,2.0,0.4,False,attention_ahead
excl_contested_kept,KR,TV,2026-08-09,T123,The Apartment Job,아파트 (2026년 드라마),ok,6,5,4,5048,2.0,2.0,0.4,False,attention_ahead
all,KR,TV,2026-08-02,T123,The Apartment Job,아파트 (2026년 드라마),ok,5,4,4,4147,2.0,2.0,0.5,True,attention_ahead
excl_contested_kept,KR,TV,2026-08-02,T123,The Apartment Job,아파트 (2026년 드라마),ok,5,4,4,4147,2.0,2.0,0.5,True,attention_ahead
all,KR,TV,2026-08-23,T054,Spooky in Love,오싹한 연애 (드라마),ok,5,4,4,2715,2.0,2.0,0.5,True,attention_ahead
excl_contested_kept,KR,TV,2026-08-23,T054,Spooky in Love,오싹한 연애 (드라마),ok,5,4,4,2715,2.0,2.0,0.5,True,attention_ahead
excl_contested_kept,KR,TV,2026-08-30,T014,Our Sticky Love,이런 엿 같은 사랑,ok,5,7,4,1923,2.0,2.0,0.5,True,attention_ahead
excl_contested_kept,KR,TV,2026-09-06,T014,Our Sticky Love,이런 엿 같은 사랑,ok,4,10,4,1196,2.0,2.0,0.6666666666666666,True,attention_ahead
all,KR,TV,2026-08-30,T014,Our Sticky Love,이런 엿 같은 사랑,ok,5,7,4,1923,2.0,2.0,0.5,True,attention_ahead
all,KR,TV,2026-09-06,T014,Our Sticky Love,이런 엿 같은 사랑,ok,4,10,4,1196,2.0,2.0,0.6666666666666666,True,attention_ahead
excl_contested_kept,KR,Films,2026-09-20,T192,Troy,트로이 (영화),ok,5,3,3,629,1.0,2.0,0.5,True,attention_ahead
all,KR,Films,2026-09-20,T192,Troy,트로이 (영화),ok,5,3,3,629,1.0,2.0,0.5,True,attention_ahead
all,BR,Films,2026-08-30,T002,The Last House,A Última Casa (2026),ok,5,10,5,910,2.0,3.0,0.75,True,attention_ahead
all,DE,TV,2026-07-26,T024,Avatar: The Last Airbender,Avatar – Der Herr der Elemente (2024),contested_kept,5,9,5,7781,2.0,3.0,0.75,True,attention_ahead
all,IT,Films,2026-08-16,T128,Buen Camino,Buen camino,ok,5,9,5,4603,2.0,3.0,0.75,True,attention_ahead
excl_contested_kept,IT,Films,2026-08-16,T128,Buen Camino,Buen camino,ok,5,9,5,4603,2.0,3.0,0.75,True,attention_ahead
all,IT,Films,2026-08-09,T128,Buen Camino,Buen camino,ok,8,7,6,3575,3.0,3.0,0.42857142857142855,False,attention_ahead
excl_contested_kept,IT,Films,2026-08-09,T128,Buen Camino,Buen camino,ok,8,7,6,3575,3.0,3.0,0.42857142857142855,False,attention_ahead
excl_contested_kept,BR,Films,2026-07-19,T079,Despicable Me 4,Despicable Me 4,ok,5,10,5,201,2.0,3.0,0.75,True,attention_ahead
all,BR,Films,2026-07-19,T079,Despicable Me 4,Despicable Me 4,ok,5,10,5,201,2.0,3.0,0.75,True,attention_ahead
all,DE,Films,2026-08-16,T046,Don't Say Good Luck,Don’t Say Good Luck,ok,5,8,5,7586,2.0,3.0,0.75,True,attention_ahead
all,FR,Films,2026-07-19,T005,Enola Holmes 3,Enola Holmes 3,ok,5,7,4,4114,1.0,3.0,0.75,True,attention_ahead
excl_contested_kept,FR,Films,2026-07-19,T005,Enola Holmes 3,Enola Holmes 3,ok,4,7,4,4114,1.0,3.0,1.0,True,attention_ahead
all,IT,TV,2026-09-13,T063,Fauda,Fauda,ok,6,8,5,11984,2.0,3.0,0.6,True,attention_ahead
excl_contested_kept,IT,TV,2026-09-13,T063,Fauda,Fauda,ok,6,8,5,11984,2.0,3.0,0.6,True,attention_ahead
all,DE,Films,2026-07-05,T215,Ghost Ship,Ghost Ship,contested_kept,7,7,5,12395,2.0,3.0,0.5,True,attention_ahead
excl_contested_kept,BR,Films,2026-08-16,T036,Spider-Man: Far from Home,Homem-Aranha: Longe de Casa,ok,4,7,4,4323,1.0,3.0,1.0,True,attention_ahead
all,BR,Films,2026-08-16,T036,Spider-Man: Far from Home,Homem-Aranha: Longe de Casa,ok,4,7,4,4323,1.0,3.0,1.0,True,attention_ahead
excl_contested_kept,IT,Films,2026-07-19,T195,Il Bene Comune,Il bene comune,ok,4,8,4,10498,1.0,3.0,1.0,True,attention_ahead
all,IT,Films,2026-07-19,T195,Il Bene Comune,Il bene comune,ok,6,8,5,10498,2.0,3.0,0.6,True,attention_ahead
all,FR,Films,2026-07-05,T365,KPop Demon Hunters,KPop Demon Hunters,ok,7,10,7,2089,4.0,3.0,0.5,True,attention_ahead
excl_contested_kept,FR,TV,2026-08-16,T028,The Bombing of Pan Am 103,L'Attentat du vol Pan Am 103,ok,6,6,5,16320,2.0,3.0,0.6,True,attention_ahead
all,FR,TV,2026-08-16,T028,The Bombing of Pan Am 103,L'Attentat du vol Pan Am 103,ok,6,6,5,16320,2.0,3.0,0.6,True,attention_ahead
all,FR,Films,2026-08-30,T002,The Last House,"Le Dernier Refuge (film, 2026)",ok,7,8,6,5427,3.0,3.0,0.5,True,attention_ahead
all,FR,Films,2026-07-12,T228,Seven,Seven (film),ok,5,10,5,7511,2.0,3.0,0.75,True,attention_ahead
excl_contested_kept,FR,Films,2026-07-12,T228,Seven,Seven (film),ok,5,10,5,7511,2.0,3.0,0.75,True,attention_ahead
all,BR,Films,2026-09-06,T354,Shrek Forever After,Shrek para Sempre,ok,7,9,7,237,4.0,3.0,0.5,True,attention_ahead
all,IT,TV,2026-07-05,T348,My Family,Storia della mia famiglia,ok,4,9,4,8970,1.0,3.0,1.0,True,attention_ahead
excl_contested_kept,IT,Films,2026-09-06,T002,The Last House,The Last House,ok,6,9,6,7624,3.0,3.0,0.6,True,attention_ahead
all,IT,Films,2026-09-06,T002,The Last House,The Last House,ok,6,9,6,7624,3.0,3.0,0.6,True,attention_ahead
all,DE,TV,2026-07-12,T136,The Rookie,The Rookie (Fernsehserie),ok,5,8,4,18519,1.0,3.0,0.75,True,attention_ahead
all,IT,Films,2026-09-06,T088,The Sixth Sense,The Sixth Sense - Il sesto senso,ok,6,8,5,8369,2.0,3.0,0.6,True,attention_ahead
excl_contested_kept,IT,Films,2026-09-06,T088,The Sixth Sense,The Sixth Sense - Il sesto senso,ok,6,8,5,8369,2.0,3.0,0.6,True,attention_ahead
excl_contested_kept,FR,Films,2026-09-20,T003,The Whisper Man,The Whisper Man,ok,8,6,5,9087,2.0,3.0,0.42857142857142855,False,attention_ahead
all,IT,Films,2026-08-09,T370,Something's Gotta Give,Tutto può succedere - Something's Gotta Give,ok,8,10,8,2467,5.0,3.0,0.42857142857142855,False,attention_ahead
excl_contested_kept,IT,Films,2026-08-09,T370,Something's Gotta Give,Tutto può succedere - Something's Gotta Give,ok,8,10,8,2467,5.0,3.0,0.42857142857142855,False,attention_ahead
all,IT,Films,2026-07-05,T109,Night at the Museum,Una notte al museo,ok,7,10,7,3284,4.0,3.0,0.5,True,attention_ahead
all,FR,Films,2026-07-26,T181,The Retirement Plan,Une retraite d'enfer,ok,6,9,6,1329,3.0,3.0,0.6,True,attention_ahead
excl_contested_kept,FR,Films,2026-07-26,T181,The Retirement Plan,Une retraite d'enfer,ok,6,9,6,1329,3.0,3.0,0.6,True,attention_ahead
all,JP,TV,2026-08-30,T115,Vivant,VIVANT,ok,5,6,4,191726,1.0,3.0,0.75,True,attention_ahead
excl_contested_kept,JP,TV,2026-07-12,T115,Vivant,VIVANT,ok,5,7,4,108085,1.0,3.0,0.75,True,attention_ahead
all,JP,TV,2026-09-20,T115,Vivant,VIVANT,ok,6,5,4,144113,1.0,3.0,0.6,True,attention_ahead
all,JP,TV,2026-07-26,T115,Vivant,VIVANT,ok,4,7,4,336146,1.0,3.0,1.0,True,attention_ahead
excl_contested_kept,JP,TV,2026-08-30,T115,Vivant,VIVANT,ok,5,6,4,191726,1.0,3.0,0.75,True,attention_ahead
excl_contested_kept,JP,TV,2026-09-20,T115,Vivant,VIVANT,ok,6,5,4,144113,1.0,3.0,0.6,True,attention_ahead
excl_contested_kept,JP,TV,2026-07-26,T115,Vivant,VIVANT,ok,4,7,4,336146,1.0,3.0,1.0,True,attention_ahead
all,JP,TV,2026-07-12,T115,Vivant,VIVANT,ok,5,7,4,108085,1.0,3.0,0.75,True,attention_ahead
all,JP,TV,2026-08-09,T141,25 Years of You,告白-25年目の秘密-,ok,7,10,7,22845,4.0,3.0,0.5,True,attention_ahead
excl_contested_kept,JP,TV,2026-08-09,T141,25 Years of You,告白-25年目の秘密-,ok,7,10,7,22845,4.0,3.0,0.5,True,attention_ahead
excl_contested_kept,KR,TV,2026-08-16,T225,The Auditors,감사합니다 (드라마),ok,8,10,8,761,5.0,3.0,0.42857142857142855,False,attention_ahead
all,KR,TV,2026-08-16,T225,The Auditors,감사합니다 (드라마),ok,8,10,8,761,5.0,3.0,0.42857142857142855,False,attention_ahead
excl_contested_kept,KR,TV,2026-08-16,T001,Agent Kim Reactivated,김부장,ok,8,9,7,1023,4.0,3.0,0.42857142857142855,False,attention_ahead
all,KR,TV,2026-08-16,T001,Agent Kim Reactivated,김부장,ok,8,9,7,1023,4.0,3.0,0.42857142857142855,False,attention_ahead
all,FR,Films,2026-09-20,T334,Aline,"Aline (film, 2020)",ok,9,9,8,7708,4.0,4.0,0.5,True,attention_ahead
excl_contested_kept,FR,Films,2026-09-20,T334,Aline,"Aline (film, 2020)",ok,8,9,7,7708,3.0,4.0,0.5714285714285714,True,attention_ahead
excl_contested_kept,FR,Films,2026-08-30,T179,Serial Driver,Bonne Conduite,ok,6,10,6,6439,2.0,4.0,0.8,True,attention_ahead
all,DE,Films,2026-07-12,T215,Ghost Ship,Ghost Ship,contested_kept,6,9,6,11695,2.0,4.0,0.8,True,attention_ahead
all,IT,Films,2026-07-05,T316,Lavoreremo da Grandi,Lavoreremo da grandi,ok,7,8,6,8478,2.0,4.0,0.6666666666666666,True,attention_ahead
excl_contested_kept,DE,TV,2026-08-23,T162,Murder in a Small Town,Murder in a Small Town (Fernsehserie),ok,6,10,6,16420,2.0,4.0,0.8,True,attention_ahead
all,DE,TV,2026-08-23,T162,Murder in a Small Town,Murder in a Small Town (Fernsehserie),ok,6,10,6,16420,2.0,4.0,0.8,True,attention_ahead
all,FR,TV,2026-08-30,T045,Seal Team,SEAL Team,ok,6,10,6,11140,2.0,4.0,0.8,True,attention_ahead
excl_contested_kept,FR,TV,2026-08-30,T045,Seal Team,SEAL Team,ok,6,10,6,11140,2.0,4.0,0.8,True,attention_ahead
all,FR,Films,2026-07-05,T228,Seven,Seven (film),ok,7,9,6,7337,2.0,4.0,0.6666666666666666,True,attention_ahead
all,IT,Films,2026-08-02,T036,Spider-Man: Far from Home,Spider-Man: Far from Home,ok,7,7,5,15838,1.0,4.0,0.6666666666666666,True,attention_ahead
all,FR,Films,2026-09-20,T003,The Whisper Man,The Whisper Man,ok,9,6,6,9087,2.0,4.0,0.5,True,attention_ahead
excl_contested_kept,KR,Films,2026-07-26,T368,Mystic River,미스틱 리버,ok,5,10,5,266,1.0,4.0,1.0,True,attention_ahead
all,KR,Films,2026-07-26,T368,Mystic River,미스틱 리버,ok,5,10,5,266,1.0,4.0,1.0,True,attention_ahead
all,KR,Films,2026-07-12,T361,A Company Man,회사원 (영화),ok,6,10,6,116,2.0,4.0,0.8,True,attention_ahead
excl_contested_kept,KR,Films,2026-07-12,T361,A Company Man,회사원 (영화),ok,6,10,6,116,2.0,4.0,0.8,True,attention_ahead
all,FR,Films,2026-08-30,T179,Serial Driver,Bonne Conduite,ok,7,10,7,6439,2.0,5.0,0.8333333333333334,True,attention_ahead
excl_contested_kept,FR,Films,2026-08-09,T036,Spider-Man: Far from Home,Spider-Man: Far From Home,ok,8,10,8,16069,3.0,5.0,0.7142857142857143,True,attention_ahead
excl_contested_kept,FR,Films,2026-08-09,T056,Spider-Man: Homecoming,Spider-Man: Homecoming,ok,8,9,7,19724,2.0,5.0,0.7142857142857143,True,attention_ahead
all,FR,Films,2026-08-09,T036,Spider-Man: Far from Home,Spider-Man: Far From Home,ok,9,10,9,16069,3.0,6.0,0.75,True,attention_ahead
all,FR,Films,2026-08-16,T056,Spider-Man: Homecoming,Spider-Man: Homecoming,ok,8,10,8,14315,2.0,6.0,0.8571428571428571,True,attention_ahead
excl_contested_kept,FR,Films,2026-08-16,T056,Spider-Man: Homecoming,Spider-Man: Homecoming,ok,8,10,8,14315,2.0,6.0,0.8571428571428571,True,attention_ahead
all,FR,Films,2026-08-09,T056,Spider-Man: Homecoming,Spider-Man: Homecoming,ok,9,9,8,19724,2.0,6.0,0.75,True,attention_ahead
