title_id,market,lang,article,week_end,views,days
T248,DE,de,22 Bahnen,2026-06-14,1935,7
T248,DE,de,22 Bahnen,2026-06-21,1952,7
T248,DE,de,22 Bahnen,2026-08-30,5929,7
T248,DE,de,22 Bahnen,2026-07-12,17714,7
T248,DE,de,22 Bahnen,2026-07-19,10106,7
T248,DE,de,22 Bahnen,2026-07-05,5123,7
T248,DE,de,22 Bahnen,2026-09-06,4272,7
T248,DE,de,22 Bahnen,2026-08-02,6275,7
T248,DE,de,22 Bahnen,2026-07-26,7988,7
T248,DE,de,22 Bahnen,2026-09-13,3258,7
T248,DE,de,22 Bahnen,2026-08-16,4066,7
T248,DE,de,22 Bahnen,2026-06-07,2443,7
T248,DE,de,22 Bahnen,2026-06-28,1974,7
T248,DE,de,22 Bahnen,2026-09-20,3562,7
T248,DE,de,22 Bahnen,2026-08-23,5488,7
T248,DE,de,22 Bahnen,2026-08-09,4916,7
T001,DE,de,Agent Kim Reactivated,2026-08-30,1410,7
T001,DE,de,Agent Kim Reactivated,2026-07-26,7485,7
T001,DE,de,Agent Kim Reactivated,2026-08-09,3205,7
T001,DE,de,Agent Kim Reactivated,2026-08-16,2102,7
T001,DE,de,Agent Kim Reactivated,2026-09-20,1100,7
T001,DE,de,Agent Kim Reactivated,2026-06-07,0,7
T001,DE,de,Agent Kim Reactivated,2026-06-14,0,7
T001,DE,de,Agent Kim Reactivated,2026-07-05,6028,7
T001,DE,de,Agent Kim Reactivated,2026-09-13,970,7
T001,DE,de,Agent Kim Reactivated,2026-07-12,6216,7
T001,DE,de,Agent Kim Reactivated,2026-09-06,1153,7
T001,DE,de,Agent Kim Reactivated,2026-08-23,1820,7
T001,DE,de,Agent Kim Reactivated,2026-06-21,76,7
T001,DE,de,Agent Kim Reactivated,2026-07-19,7178,7
T001,DE,de,Agent Kim Reactivated,2026-08-02,6099,7
T001,DE,de,Agent Kim Reactivated,2026-06-28,3347,7
T135,DE,de,All das Ungesagte zwischen uns – Regretting You,2026-06-28,1095,7
T135,DE,de,All das Ungesagte zwischen uns – Regretting You,2026-06-21,1473,7
T135,DE,de,All das Ungesagte zwischen uns – Regretting You,2026-08-16,1466,7
T135,DE,de,All das Ungesagte zwischen uns – Regretting You,2026-09-06,13227,7
T135,DE,de,All das Ungesagte zwischen uns – Regretting You,2026-08-09,1303,7
T135,DE,de,All das Ungesagte zwischen uns – Regretting You,2026-09-20,5200,7
T135,DE,de,All das Ungesagte zwischen uns – Regretting You,2026-07-26,1209,7
T135,DE,de,All das Ungesagte zwischen uns – Regretting You,2026-07-12,1650,7
T135,DE,de,All das Ungesagte zwischen uns – Regretting You,2026-08-02,1491,7
T135,DE,de,All das Ungesagte zwischen uns – Regretting You,2026-09-13,7856,7
T135,DE,de,All das Ungesagte zwischen uns – Regretting You,2026-06-07,1102,7
T135,DE,de,All das Ungesagte zwischen uns – Regretting You,2026-08-23,1899,7
T135,DE,de,All das Ungesagte zwischen uns – Regretting You,2026-07-19,1124,7
T135,DE,de,All das Ungesagte zwischen uns – Regretting You,2026-08-30,31827,7
T135,DE,de,All das Ungesagte zwischen uns – Regretting You,2026-07-05,1648,7
T135,DE,de,All das Ungesagte zwischen uns – Regretting You,2026-06-14,1548,7
T008,DE,de,Anacondas – Trail of Blood,2026-09-06,1905,7
T008,DE,de,Anacondas – Trail of Blood,2026-06-07,83,7
T008,DE,de,Anacondas – Trail of Blood,2026-07-12,75,7
T008,DE,de,Anacondas – Trail of Blood,2026-07-05,42,7
T008,DE,de,Anacondas – Trail of Blood,2026-09-13,911,7
T008,DE,de,Anacondas – Trail of Blood,2026-07-26,66,7
T008,DE,de,Anacondas – Trail of Blood,2026-06-21,45,7
T008,DE,de,Anacondas – Trail of Blood,2026-08-02,66,7
T008,DE,de,Anacondas – Trail of Blood,2026-07-19,78,7
T008,DE,de,Anacondas – Trail of Blood,2026-06-14,92,7
T008,DE,de,Anacondas – Trail of Blood,2026-08-16,90,7
T008,DE,de,Anacondas – Trail of Blood,2026-06-28,55,7
T008,DE,de,Anacondas – Trail of Blood,2026-08-09,77,7
T008,DE,de,Anacondas – Trail of Blood,2026-09-20,396,7
T008,DE,de,Anacondas – Trail of Blood,2026-08-23,164,7
T008,DE,de,Anacondas – Trail of Blood,2026-08-30,193,7
T024,DE,de,Avatar – Der Herr der Elemente (2024),2026-08-23,3817,7
T024,DE,de,Avatar – Der Herr der Elemente (2024),2026-08-30,2829,7
T024,DE,de,Avatar – Der Herr der Elemente (2024),2026-09-06,2308,7
T024,DE,de,Avatar – Der Herr der Elemente (2024),2026-09-13,1948,7
T024,DE,de,Avatar – Der Herr der Elemente (2024),2026-06-28,20515,7
T024,DE,de,Avatar – Der Herr der Elemente (2024),2026-06-14,1145,7
T024,DE,de,Avatar – Der Herr der Elemente (2024),2026-08-09,5062,7
T024,DE,de,Avatar – Der Herr der Elemente (2024),2026-07-26,7781,7
T024,DE,de,Avatar – Der Herr der Elemente (2024),2026-06-21,1462,7
T024,DE,de,Avatar – Der Herr der Elemente (2024),2026-07-12,12275,7
T024,DE,de,Avatar – Der Herr der Elemente (2024),2026-08-02,6204,7
T024,DE,de,Avatar – Der Herr der Elemente (2024),2026-09-20,1642,7
T024,DE,de,Avatar – Der Herr der Elemente (2024),2026-06-07,1188,7
T024,DE,de,Avatar – Der Herr der Elemente (2024),2026-07-19,9370,7
T024,DE,de,Avatar – Der Herr der Elemente (2024),2026-07-05,19688,7
T024,DE,de,Avatar – Der Herr der Elemente (2024),2026-08-16,3760,7
T185,DE,de,Black Adam (Film),2026-07-05,1840,7
T185,DE,de,Black Adam (Film),2026-08-02,1845,7
T185,DE,de,Black Adam (Film),2026-08-23,6456,7
T185,DE,de,Black Adam (Film),2026-09-06,1597,7
T185,DE,de,Black Adam (Film),2026-06-14,3298,7
T185,DE,de,Black Adam (Film),2026-07-26,1636,7
T185,DE,de,Black Adam (Film),2026-06-07,2019,7
T185,DE,de,Black Adam (Film),2026-06-21,3125,7
T185,DE,de,Black Adam (Film),2026-07-19,1953,7
T185,DE,de,Black Adam (Film),2026-06-28,2266,7
T185,DE,de,Black Adam (Film),2026-08-09,2003,7
T185,DE,de,Black Adam (Film),2026-09-13,1148,7
T185,DE,de,Black Adam (Film),2026-07-12,2047,7
T185,DE,de,Black Adam (Film),2026-09-20,1056,7
T185,DE,de,Black Adam (Film),2026-08-30,2676,7
T185,DE,de,Black Adam (Film),2026-08-16,6535,7
T269,DE,de,Bride Hard,2026-07-26,756,7
T269,DE,de,Bride Hard,2026-06-28,229,7
T269,DE,de,Bride Hard,2026-06-14,207,7
T269,DE,de,Bride Hard,2026-07-05,2773,7
T269,DE,de,Bride Hard,2026-08-23,501,7
T269,DE,de,Bride Hard,2026-07-12,2075,7
T269,DE,de,Bride Hard,2026-08-09,487,7
T269,DE,de,Bride Hard,2026-09-20,215,7
T269,DE,de,Bride Hard,2026-09-06,294,7
T269,DE,de,Bride Hard,2026-08-16,387,7
T269,DE,de,Bride Hard,2026-08-30,392,7
T269,DE,de,Bride Hard,2026-08-02,662,7
T269,DE,de,Bride Hard,2026-07-19,1021,7
T269,DE,de,Bride Hard,2026-09-13,237,7
T269,DE,de,Bride Hard,2026-06-21,214,7
T269,DE,de,Bride Hard,2026-06-07,260,7
T100,DE,de,Companion – Die perfekte Begleitung,2026-08-23,1273,7
T100,DE,de,Companion – Die perfekte Begleitung,2026-06-21,596,7
T100,DE,de,Companion – Die perfekte Begleitung,2026-07-19,899,7
T100,DE,de,Companion – Die perfekte Begleitung,2026-06-14,801,7
T100,DE,de,Companion – Die perfekte Begleitung,2026-08-09,1009,7
T100,DE,de,Companion – Die perfekte Begleitung,2026-06-07,1257,7
T100,DE,de,Companion – Die perfekte Begleitung,2026-08-16,1331,7
T100,DE,de,Companion – Die perfekte Begleitung,2026-07-26,1055,7
T100,DE,de,Companion – Die perfekte Begleitung,2026-09-13,2692,7
T100,DE,de,Companion – Die perfekte Begleitung,2026-07-05,648,7
T100,DE,de,Companion – Die perfekte Begleitung,2026-06-28,664,7
T100,DE,de,Companion – Die perfekte Begleitung,2026-08-02,2125,7
T100,DE,de,Companion – Die perfekte Begleitung,2026-08-30,13140,7
T100,DE,de,Companion – Die perfekte Begleitung,2026-09-20,1968,7
T100,DE,de,Companion – Die perfekte Begleitung,2026-09-06,6922,7
T100,DE,de,Companion – Die perfekte Begleitung,2026-07-12,2321,7
T037,DE,de,Crew Girl,2026-08-23,0,7
T037,DE,de,Crew Girl,2026-07-05,0,7
T037,DE,de,Crew Girl,2026-08-02,0,7
T037,DE,de,Crew Girl,2026-07-19,0,7
T037,DE,de,Crew Girl,2026-07-26,0,7
T037,DE,de,Crew Girl,2026-09-20,25676,7
T037,DE,de,Crew Girl,2026-08-30,0,7
T037,DE,de,Crew Girl,2026-06-14,0,7
T037,DE,de,Crew Girl,2026-06-28,0,7
T037,DE,de,Crew Girl,2026-09-13,4792,7
T037,DE,de,Crew Girl,2026-06-21,0,7
T037,DE,de,Crew Girl,2026-07-12,0,7
T037,DE,de,Crew Girl,2026-09-06,0,7
T037,DE,de,Crew Girl,2026-08-16,0,7
T037,DE,de,Crew Girl,2026-08-09,0,7
T037,DE,de,Crew Girl,2026-06-07,0,7
T208,DE,de,Das Kanu des Manitu,2026-07-05,9309,7
T208,DE,de,Das Kanu des Manitu,2026-09-13,2854,7
T208,DE,de,Das Kanu des Manitu,2026-08-16,4430,7
T208,DE,de,Das Kanu des Manitu,2026-06-21,29913,7
T208,DE,de,Das Kanu des Manitu,2026-09-06,3017,7
T208,DE,de,Das Kanu des Manitu,2026-08-30,3969,7
T208,DE,de,Das Kanu des Manitu,2026-09-20,2814,7
T208,DE,de,Das Kanu des Manitu,2026-06-28,14022,7
T208,DE,de,Das Kanu des Manitu,2026-07-26,7917,7
T208,DE,de,Das Kanu des Manitu,2026-07-19,7451,7
T208,DE,de,Das Kanu des Manitu,2026-08-09,5269,7
T208,DE,de,Das Kanu des Manitu,2026-08-23,4953,7
T208,DE,de,Das Kanu des Manitu,2026-06-07,2245,7
T208,DE,de,Das Kanu des Manitu,2026-06-14,1957,7
T208,DE,de,Das Kanu des Manitu,2026-07-12,7370,7
T208,DE,de,Das Kanu des Manitu,2026-08-02,6914,7
T003,DE,de,Der Kinderflüsterer,2026-06-07,0,7
T003,DE,de,Der Kinderflüsterer,2026-08-23,1973,7
T003,DE,de,Der Kinderflüsterer,2026-09-13,30310,7
T003,DE,de,Der Kinderflüsterer,2026-06-21,0,7
T003,DE,de,Der Kinderflüsterer,2026-07-12,0,7
T003,DE,de,Der Kinderflüsterer,2026-08-30,55102,7
T003,DE,de,Der Kinderflüsterer,2026-08-16,1086,7
T003,DE,de,Der Kinderflüsterer,2026-06-14,0,7
T003,DE,de,Der Kinderflüsterer,2026-08-02,814,7
T003,DE,de,Der Kinderflüsterer,2026-08-09,610,7
T003,DE,de,Der Kinderflüsterer,2026-06-28,0,7
T003,DE,de,Der Kinderflüsterer,2026-07-05,0,7
T003,DE,de,Der Kinderflüsterer,2026-07-26,1407,7
T003,DE,de,Der Kinderflüsterer,2026-07-19,163,7
T003,DE,de,Der Kinderflüsterer,2026-09-20,17289,7
T003,DE,de,Der Kinderflüsterer,2026-09-06,65457,7
T340,DE,de,Der Wüstenplanet (Film),2026-08-30,1325,7
T340,DE,de,Der Wüstenplanet (Film),2026-06-14,1328,7
T340,DE,de,Der Wüstenplanet (Film),2026-06-28,947,7
T340,DE,de,Der Wüstenplanet (Film),2026-07-26,1382,7
T340,DE,de,Der Wüstenplanet (Film),2026-08-09,1389,7
T340,DE,de,Der Wüstenplanet (Film),2026-08-02,1329,7
T340,DE,de,Der Wüstenplanet (Film),2026-07-05,943,7
T340,DE,de,Der Wüstenplanet (Film),2026-09-20,2087,7
T340,DE,de,Der Wüstenplanet (Film),2026-08-23,1640,7
T340,DE,de,Der Wüstenplanet (Film),2026-06-21,1032,7
T340,DE,de,Der Wüstenplanet (Film),2026-08-16,1537,7
T340,DE,de,Der Wüstenplanet (Film),2026-06-07,1449,7
T340,DE,de,Der Wüstenplanet (Film),2026-07-12,1258,7
T340,DE,de,Der Wüstenplanet (Film),2026-09-13,2627,7
T340,DE,de,Der Wüstenplanet (Film),2026-07-19,1509,7
T340,DE,de,Der Wüstenplanet (Film),2026-09-06,1951,7
T006,DE,de,Die Festnahme (2026),2026-08-30,5704,7
T006,DE,de,Die Festnahme (2026),2026-09-13,5745,7
T006,DE,de,Die Festnahme (2026),2026-06-14,0,7
T006,DE,de,Die Festnahme (2026),2026-08-09,0,7
T006,DE,de,Die Festnahme (2026),2026-07-05,0,7
T006,DE,de,Die Festnahme (2026),2026-07-26,0,7
T006,DE,de,Die Festnahme (2026),2026-07-19,0,7
T006,DE,de,Die Festnahme (2026),2026-06-21,0,7
T006,DE,de,Die Festnahme (2026),2026-08-16,0,7
T006,DE,de,Die Festnahme (2026),2026-09-06,9248,7
T006,DE,de,Die Festnahme (2026),2026-08-23,0,7
T006,DE,de,Die Festnahme (2026),2026-07-12,0,7
T006,DE,de,Die Festnahme (2026),2026-09-20,2395,7
T006,DE,de,Die Festnahme (2026),2026-06-07,0,7
T006,DE,de,Die Festnahme (2026),2026-06-28,0,7
T006,DE,de,Die Festnahme (2026),2026-08-02,0,7
T095,DE,de,Die Traumtänzer,2026-07-19,9,7
T095,DE,de,Die Traumtänzer,2026-08-30,12,7
T095,DE,de,Die Traumtänzer,2026-07-26,9,7
T095,DE,de,Die Traumtänzer,2026-08-23,7,7
T095,DE,de,Die Traumtänzer,2026-06-07,12,7
T095,DE,de,Die Traumtänzer,2026-08-02,10,7
T095,DE,de,Die Traumtänzer,2026-08-16,17,7
T095,DE,de,Die Traumtänzer,2026-08-09,11,7
T095,DE,de,Die Traumtänzer,2026-07-12,17,7
T095,DE,de,Die Traumtänzer,2026-09-13,14,7
T095,DE,de,Die Traumtänzer,2026-06-28,10,7
T095,DE,de,Die Traumtänzer,2026-09-06,12,7
T095,DE,de,Die Traumtänzer,2026-07-05,8,7
T095,DE,de,Die Traumtänzer,2026-06-21,3,7
T095,DE,de,Die Traumtänzer,2026-06-14,7,7
T095,DE,de,Die Traumtänzer,2026-09-20,11,7
T046,DE,de,Don’t Say Good Luck,2026-08-09,414,7
T046,DE,de,Don’t Say Good Luck,2026-06-14,0,7
T046,DE,de,Don’t Say Good Luck,2026-09-06,3059,7
T046,DE,de,Don’t Say Good Luck,2026-08-23,15223,7
T046,DE,de,Don’t Say Good Luck,2026-06-28,0,7
T046,DE,de,Don’t Say Good Luck,2026-07-05,0,7
T046,DE,de,Don’t Say Good Luck,2026-07-19,0,7
T046,DE,de,Don’t Say Good Luck,2026-08-16,7586,7
T046,DE,de,Don’t Say Good Luck,2026-09-13,1935,7
T046,DE,de,Don’t Say Good Luck,2026-09-20,1324,7
T046,DE,de,Don’t Say Good Luck,2026-07-26,0,7
T046,DE,de,Don’t Say Good Luck,2026-06-21,0,7
T046,DE,de,Don’t Say Good Luck,2026-08-30,6086,7
T046,DE,de,Don’t Say Good Luck,2026-07-12,0,7
T046,DE,de,Don’t Say Good Luck,2026-06-07,0,7
T046,DE,de,Don’t Say Good Luck,2026-08-02,255,7
T158,DE,de,Dune: Part Two,2026-09-13,13469,7
T158,DE,de,Dune: Part Two,2026-07-12,4410,7
T158,DE,de,Dune: Part Two,2026-09-06,11795,7
T158,DE,de,Dune: Part Two,2026-06-28,2042,7
T158,DE,de,Dune: Part Two,2026-07-19,4402,7
T158,DE,de,Dune: Part Two,2026-08-23,4664,7
T158,DE,de,Dune: Part Two,2026-07-26,3957,7
T158,DE,de,Dune: Part Two,2026-06-21,2265,7
T158,DE,de,Dune: Part Two,2026-09-20,9143,7
T158,DE,de,Dune: Part Two,2026-06-14,3033,7
T158,DE,de,Dune: Part Two,2026-08-30,3547,7
T158,DE,de,Dune: Part Two,2026-08-16,7462,7
T158,DE,de,Dune: Part Two,2026-06-07,3641,7
T158,DE,de,Dune: Part Two,2026-07-05,2342,7
T158,DE,de,Dune: Part Two,2026-08-09,3949,7
T158,DE,de,Dune: Part Two,2026-08-02,3659,7
T034,DE,de,Eine verworrene Wahrheit,2026-07-05,71,7
T034,DE,de,Eine verworrene Wahrheit,2026-07-19,159,7
T034,DE,de,Eine verworrene Wahrheit,2026-07-12,57,7
T034,DE,de,Eine verworrene Wahrheit,2026-07-26,5790,7
T034,DE,de,Eine verworrene Wahrheit,2026-06-07,0,7
T034,DE,de,Eine verworrene Wahrheit,2026-08-30,966,7
T034,DE,de,Eine verworrene Wahrheit,2026-06-21,76,7
T034,DE,de,Eine verworrene Wahrheit,2026-08-16,1580,7
T034,DE,de,Eine verworrene Wahrheit,2026-08-23,1288,7
T034,DE,de,Eine verworrene Wahrheit,2026-09-06,848,7
T034,DE,de,Eine verworrene Wahrheit,2026-09-20,438,7
T034,DE,de,Eine verworrene Wahrheit,2026-08-02,7785,7
T034,DE,de,Eine verworrene Wahrheit,2026-06-14,0,7
T034,DE,de,Eine verworrene Wahrheit,2026-09-13,497,7
T034,DE,de,Eine verworrene Wahrheit,2026-06-28,55,7
T034,DE,de,Eine verworrene Wahrheit,2026-08-09,3219,7
T312,DE,de,Evil Dead Rise,2026-06-07,743,7
T312,DE,de,Evil Dead Rise,2026-06-14,556,7
T312,DE,de,Evil Dead Rise,2026-06-28,997,7
T312,DE,de,Evil Dead Rise,2026-07-12,7219,7
T312,DE,de,Evil Dead Rise,2026-08-23,2712,7
T312,DE,de,Evil Dead Rise,2026-08-16,4983,7
T312,DE,de,Evil Dead Rise,2026-08-30,4061,7
T312,DE,de,Evil Dead Rise,2026-09-06,2580,7
T312,DE,de,Evil Dead Rise,2026-07-19,6448,7
T312,DE,de,Evil Dead Rise,2026-08-02,3049,7
T312,DE,de,Evil Dead Rise,2026-07-26,4442,7
T312,DE,de,Evil Dead Rise,2026-08-09,7111,7
T312,DE,de,Evil Dead Rise,2026-06-21,862,7
T312,DE,de,Evil Dead Rise,2026-07-05,2569,7
T312,DE,de,Evil Dead Rise,2026-09-13,1918,7
T312,DE,de,Evil Dead Rise,2026-09-20,1929,7
T281,DE,de,Fast & Furious 9,2026-06-14,436,7
T281,DE,de,Fast & Furious 9,2026-07-26,1437,7
T281,DE,de,Fast & Furious 9,2026-08-09,8129,7
T281,DE,de,Fast & Furious 9,2026-08-02,2129,7
T281,DE,de,Fast & Furious 9,2026-07-05,1192,7
T281,DE,de,Fast & Furious 9,2026-08-23,1794,7
T281,DE,de,Fast & Furious 9,2026-06-21,462,7
T281,DE,de,Fast & Furious 9,2026-08-30,3185,7
T281,DE,de,Fast & Furious 9,2026-09-06,1836,7
T281,DE,de,Fast & Furious 9,2026-07-19,2124,7
T281,DE,de,Fast & Furious 9,2026-06-07,488,7
T281,DE,de,Fast & Furious 9,2026-07-12,2311,7
T281,DE,de,Fast & Furious 9,2026-09-13,1058,7
T281,DE,de,Fast & Furious 9,2026-09-20,953,7
T281,DE,de,Fast & Furious 9,2026-08-16,1627,7
T281,DE,de,Fast & Furious 9,2026-06-28,531,7
T063,DE,de,Fauda (Fernsehserie),2026-07-19,680,7
T063,DE,de,Fauda (Fernsehserie),2026-08-23,1658,7
T063,DE,de,Fauda (Fernsehserie),2026-07-05,647,7
T063,DE,de,Fauda (Fernsehserie),2026-09-13,19084,7
T063,DE,de,Fauda (Fernsehserie),2026-06-07,664,7
T063,DE,de,Fauda (Fernsehserie),2026-07-12,526,7
T063,DE,de,Fauda (Fernsehserie),2026-06-21,492,7
T063,DE,de,Fauda (Fernsehserie),2026-07-26,825,7
T063,DE,de,Fauda (Fernsehserie),2026-08-09,706,7
T063,DE,de,Fauda (Fernsehserie),2026-06-14,566,7
T063,DE,de,Fauda (Fernsehserie),2026-08-16,1235,7
T063,DE,de,Fauda (Fernsehserie),2026-09-20,16304,7
T063,DE,de,Fauda (Fernsehserie),2026-09-06,2478,7
T063,DE,de,Fauda (Fernsehserie),2026-08-30,1443,7
T063,DE,de,Fauda (Fernsehserie),2026-06-28,578,7
T063,DE,de,Fauda (Fernsehserie),2026-08-02,845,7
T215,DE,de,Ghost Ship,2026-06-21,1107,7
T215,DE,de,Ghost Ship,2026-08-16,1857,7
T215,DE,de,Ghost Ship,2026-06-14,869,7
T215,DE,de,Ghost Ship,2026-07-19,6149,7
T215,DE,de,Ghost Ship,2026-06-07,497,7
T215,DE,de,Ghost Ship,2026-06-28,1227,7
T215,DE,de,Ghost Ship,2026-07-26,4271,7
T215,DE,de,Ghost Ship,2026-08-02,2713,7
T215,DE,de,Ghost Ship,2026-08-09,2586,7
T215,DE,de,Ghost Ship,2026-09-06,1230,7
T215,DE,de,Ghost Ship,2026-07-12,11695,7
T215,DE,de,Ghost Ship,2026-08-30,1300,7
T215,DE,de,Ghost Ship,2026-09-20,961,7
T215,DE,de,Ghost Ship,2026-09-13,1035,7
T215,DE,de,Ghost Ship,2026-08-23,1538,7
T215,DE,de,Ghost Ship,2026-07-05,12395,7
T066,DE,de,Hard Corps,2026-09-06,1445,7
T066,DE,de,Hard Corps,2026-06-14,31,7
T066,DE,de,Hard Corps,2026-07-19,20,7
T066,DE,de,Hard Corps,2026-09-13,1063,7
T066,DE,de,Hard Corps,2026-07-12,24,7
T066,DE,de,Hard Corps,2026-06-28,21,7
T066,DE,de,Hard Corps,2026-08-02,29,7
T066,DE,de,Hard Corps,2026-08-23,27,7
T066,DE,de,Hard Corps,2026-09-20,352,7
T066,DE,de,Hard Corps,2026-07-05,19,7
T066,DE,de,Hard Corps,2026-06-21,24,7
T066,DE,de,Hard Corps,2026-08-16,18,7
T066,DE,de,Hard Corps,2026-06-07,29,7
T066,DE,de,Hard Corps,2026-07-26,19,7
T066,DE,de,Hard Corps,2026-08-09,21,7
T066,DE,de,Hard Corps,2026-08-30,36,7
T017,DE,de,Ich und die Walter Boys,2026-07-19,0,7
T017,DE,de,Ich und die Walter Boys,2026-08-30,6641,7
T017,DE,de,Ich und die Walter Boys,2026-08-16,0,7
T017,DE,de,Ich und die Walter Boys,2026-06-28,0,7
T017,DE,de,Ich und die Walter Boys,2026-08-23,8655,7
T017,DE,de,Ich und die Walter Boys,2026-08-09,0,7
T017,DE,de,Ich und die Walter Boys,2026-06-07,0,7
T017,DE,de,Ich und die Walter Boys,2026-09-20,2728,7
T017,DE,de,Ich und die Walter Boys,2026-09-06,5104,7
T017,DE,de,Ich und die Walter Boys,2026-06-21,0,7
T017,DE,de,Ich und die Walter Boys,2026-09-13,3490,7
T017,DE,de,Ich und die Walter Boys,2026-07-12,0,7
T017,DE,de,Ich und die Walter Boys,2026-07-26,0,7
T017,DE,de,Ich und die Walter Boys,2026-06-14,0,7
T017,DE,de,Ich und die Walter Boys,2026-08-02,0,7
T017,DE,de,Ich und die Walter Boys,2026-07-05,0,7
T172,DE,de,Infinite – Lebe unendlich,2026-07-26,1638,7
T172,DE,de,Infinite – Lebe unendlich,2026-08-30,883,7
T172,DE,de,Infinite – Lebe unendlich,2026-08-02,1462,7
T172,DE,de,Infinite – Lebe unendlich,2026-06-21,476,7
T172,DE,de,Infinite – Lebe unendlich,2026-07-12,4503,7
T172,DE,de,Infinite – Lebe unendlich,2026-06-07,273,7
T172,DE,de,Infinite – Lebe unendlich,2026-08-09,978,7
T172,DE,de,Infinite – Lebe unendlich,2026-09-20,997,7
T172,DE,de,Infinite – Lebe unendlich,2026-09-06,727,7
T172,DE,de,Infinite – Lebe unendlich,2026-09-13,1275,7
T172,DE,de,Infinite – Lebe unendlich,2026-07-05,8893,7
T172,DE,de,Infinite – Lebe unendlich,2026-08-23,1239,7
T172,DE,de,Infinite – Lebe unendlich,2026-06-28,398,7
T172,DE,de,Infinite – Lebe unendlich,2026-08-16,932,7
T172,DE,de,Infinite – Lebe unendlich,2026-06-14,281,7
T172,DE,de,Infinite – Lebe unendlich,2026-07-19,2386,7
T257,DE,de,Juror No. 2,2026-07-26,797,7
T257,DE,de,Juror No. 2,2026-07-19,532,7
T257,DE,de,Juror No. 2,2026-08-23,4732,7
T257,DE,de,Juror No. 2,2026-08-09,19779,7
T257,DE,de,Juror No. 2,2026-07-12,512,7
T257,DE,de,Juror No. 2,2026-07-05,708,7
T257,DE,de,Juror No. 2,2026-09-06,3063,7
T257,DE,de,Juror No. 2,2026-06-21,759,7
T257,DE,de,Juror No. 2,2026-08-16,10350,7
T257,DE,de,Juror No. 2,2026-09-13,2401,7
T257,DE,de,Juror No. 2,2026-06-14,601,7
T257,DE,de,Juror No. 2,2026-06-28,579,7
T257,DE,de,Juror No. 2,2026-08-30,2811,7
T257,DE,de,Juror No. 2,2026-06-07,1209,7
T257,DE,de,Juror No. 2,2026-09-20,1343,7
T257,DE,de,Juror No. 2,2026-08-02,785,7
T126,DE,de,Kaulitz & Kaulitz,2026-09-20,479,7
T126,DE,de,Kaulitz & Kaulitz,2026-08-02,2556,7
T126,DE,de,Kaulitz & Kaulitz,2026-06-21,176,7
T126,DE,de,Kaulitz & Kaulitz,2026-06-14,194,7
T126,DE,de,Kaulitz & Kaulitz,2026-07-05,336,7
T126,DE,de,Kaulitz & Kaulitz,2026-09-13,454,7
T126,DE,de,Kaulitz & Kaulitz,2026-06-28,339,7
T126,DE,de,Kaulitz & Kaulitz,2026-08-30,694,7
T126,DE,de,Kaulitz & Kaulitz,2026-08-16,1168,7
T126,DE,de,Kaulitz & Kaulitz,2026-06-07,260,7
T126,DE,de,Kaulitz & Kaulitz,2026-08-23,1066,7
T126,DE,de,Kaulitz & Kaulitz,2026-08-09,1657,7
T126,DE,de,Kaulitz & Kaulitz,2026-09-06,698,7
T126,DE,de,Kaulitz & Kaulitz,2026-07-12,248,7
T126,DE,de,Kaulitz & Kaulitz,2026-07-26,2624,7
T126,DE,de,Kaulitz & Kaulitz,2026-07-19,429,7
T083,DE,de,"Mein bester Freund, seine Freundin & ich",2026-08-09,0,7
T083,DE,de,"Mein bester Freund, seine Freundin & ich",2026-09-20,1381,7
T083,DE,de,"Mein bester Freund, seine Freundin & ich",2026-06-14,0,7
T083,DE,de,"Mein bester Freund, seine Freundin & ich",2026-07-05,0,7
T083,DE,de,"Mein bester Freund, seine Freundin & ich",2026-09-06,2870,7
T083,DE,de,"Mein bester Freund, seine Freundin & ich",2026-07-26,0,7
T083,DE,de,"Mein bester Freund, seine Freundin & ich",2026-07-19,1,7
T083,DE,de,"Mein bester Freund, seine Freundin & ich",2026-09-13,1659,7
T083,DE,de,"Mein bester Freund, seine Freundin & ich",2026-06-21,0,7
T083,DE,de,"Mein bester Freund, seine Freundin & ich",2026-08-23,10797,7
T083,DE,de,"Mein bester Freund, seine Freundin & ich",2026-08-16,7243,7
T083,DE,de,"Mein bester Freund, seine Freundin & ich",2026-07-12,0,7
T083,DE,de,"Mein bester Freund, seine Freundin & ich",2026-06-07,0,7
T083,DE,de,"Mein bester Freund, seine Freundin & ich",2026-06-28,0,7
T083,DE,de,"Mein bester Freund, seine Freundin & ich",2026-08-02,0,7
T083,DE,de,"Mein bester Freund, seine Freundin & ich",2026-08-30,4333,7
T245,DE,de,Momo (1986),2026-07-05,1665,7
T245,DE,de,Momo (1986),2026-08-16,1506,7
T245,DE,de,Momo (1986),2026-06-21,638,7
T245,DE,de,Momo (1986),2026-07-19,738,7
T245,DE,de,Momo (1986),2026-06-07,4733,7
T245,DE,de,Momo (1986),2026-06-14,892,7
T245,DE,de,Momo (1986),2026-08-09,3426,7
T245,DE,de,Momo (1986),2026-07-26,808,7
T245,DE,de,Momo (1986),2026-06-28,5669,7
T245,DE,de,Momo (1986),2026-08-02,686,7
T245,DE,de,Momo (1986),2026-09-20,571,7
T245,DE,de,Momo (1986),2026-09-13,664,7
T245,DE,de,Momo (1986),2026-08-23,1367,7
T245,DE,de,Momo (1986),2026-09-06,1092,7
T245,DE,de,Momo (1986),2026-08-30,766,7
T245,DE,de,Momo (1986),2026-07-12,740,7
T162,DE,de,Murder in a Small Town (Fernsehserie),2026-08-09,31770,7
T162,DE,de,Murder in a Small Town (Fernsehserie),2026-08-02,15637,7
T162,DE,de,Murder in a Small Town (Fernsehserie),2026-06-21,0,7
T162,DE,de,Murder in a Small Town (Fernsehserie),2026-09-06,6923,7
T162,DE,de,Murder in a Small Town (Fernsehserie),2026-09-13,5745,7
T162,DE,de,Murder in a Small Town (Fernsehserie),2026-08-16,20651,7
T162,DE,de,Murder in a Small Town (Fernsehserie),2026-07-05,0,7
T162,DE,de,Murder in a Small Town (Fernsehserie),2026-06-07,0,7
T162,DE,de,Murder in a Small Town (Fernsehserie),2026-07-19,789,7
T162,DE,de,Murder in a Small Town (Fernsehserie),2026-09-20,5941,7
T162,DE,de,Murder in a Small Town (Fernsehserie),2026-06-28,0,7
T162,DE,de,Murder in a Small Town (Fernsehserie),2026-08-23,16420,7
T162,DE,de,Murder in a Small Town (Fernsehserie),2026-07-12,137,7
T162,DE,de,Murder in a Small Town (Fernsehserie),2026-06-14,0,7
T162,DE,de,Murder in a Small Town (Fernsehserie),2026-08-30,8725,7
T162,DE,de,Murder in a Small Town (Fernsehserie),2026-07-26,1097,7
T232,DE,de,Nocturnal Animals,2026-07-05,767,7
T232,DE,de,Nocturnal Animals,2026-07-12,688,7
T232,DE,de,Nocturnal Animals,2026-08-09,605,7
T232,DE,de,Nocturnal Animals,2026-06-28,729,7
T232,DE,de,Nocturnal Animals,2026-06-07,541,7
T232,DE,de,Nocturnal Animals,2026-06-14,445,7
T232,DE,de,Nocturnal Animals,2026-08-23,1025,7
T232,DE,de,Nocturnal Animals,2026-08-16,973,7
T232,DE,de,Nocturnal Animals,2026-07-26,817,7
T232,DE,de,Nocturnal Animals,2026-06-21,438,7
T232,DE,de,Nocturnal Animals,2026-09-13,1005,7
T232,DE,de,Nocturnal Animals,2026-07-19,482,7
T232,DE,de,Nocturnal Animals,2026-08-02,647,7
T232,DE,de,Nocturnal Animals,2026-09-06,1144,7
T232,DE,de,Nocturnal Animals,2026-08-30,781,7
T232,DE,de,Nocturnal Animals,2026-09-20,61464,7
T009,DE,de,Nur für dein Leben,2026-07-19,0,7
T009,DE,de,Nur für dein Leben,2026-08-09,0,7
T009,DE,de,Nur für dein Leben,2026-09-20,3972,7
T009,DE,de,Nur für dein Leben,2026-07-05,0,7
T009,DE,de,Nur für dein Leben,2026-08-23,0,7
T009,DE,de,Nur für dein Leben,2026-07-26,0,7
T009,DE,de,Nur für dein Leben,2026-09-06,0,7
T009,DE,de,Nur für dein Leben,2026-06-07,0,7
T009,DE,de,Nur für dein Leben,2026-07-12,0,7
T009,DE,de,Nur für dein Leben,2026-06-21,0,7
T009,DE,de,Nur für dein Leben,2026-08-02,0,7
T009,DE,de,Nur für dein Leben,2026-08-30,0,7
T009,DE,de,Nur für dein Leben,2026-09-13,0,7
T009,DE,de,Nur für dein Leben,2026-06-28,0,7
T009,DE,de,Nur für dein Leben,2026-06-14,0,7
T009,DE,de,Nur für dein Leben,2026-08-16,0,7
T020,DE,de,Outer Banks (Fernsehserie),2026-08-23,17333,7
T020,DE,de,Outer Banks (Fernsehserie),2026-08-30,18360,7
T020,DE,de,Outer Banks (Fernsehserie),2026-09-06,11695,7
T020,DE,de,Outer Banks (Fernsehserie),2026-07-19,1470,7
T020,DE,de,Outer Banks (Fernsehserie),2026-07-05,1502,7
T020,DE,de,Outer Banks (Fernsehserie),2026-08-02,2713,7
T020,DE,de,Outer Banks (Fernsehserie),2026-06-21,1734,7
T020,DE,de,Outer Banks (Fernsehserie),2026-08-16,3420,7
T020,DE,de,Outer Banks (Fernsehserie),2026-07-12,1452,7
T020,DE,de,Outer Banks (Fernsehserie),2026-09-20,6004,7
T020,DE,de,Outer Banks (Fernsehserie),2026-08-09,2700,7
T020,DE,de,Outer Banks (Fernsehserie),2026-06-14,1478,7
T020,DE,de,Outer Banks (Fernsehserie),2026-06-28,1583,7
T020,DE,de,Outer Banks (Fernsehserie),2026-06-07,1611,7
T020,DE,de,Outer Banks (Fernsehserie),2026-09-13,8172,7
T020,DE,de,Outer Banks (Fernsehserie),2026-07-26,1849,7
T369,DE,de,Resident Alien,2026-08-30,2749,7
T369,DE,de,Resident Alien,2026-07-19,4956,7
T369,DE,de,Resident Alien,2026-08-09,3130,7
T369,DE,de,Resident Alien,2026-09-20,5017,7
T369,DE,de,Resident Alien,2026-07-12,7125,7
T369,DE,de,Resident Alien,2026-08-16,2589,7
T369,DE,de,Resident Alien,2026-08-23,2715,7
T369,DE,de,Resident Alien,2026-07-05,6229,7
T369,DE,de,Resident Alien,2026-09-06,7224,7
T369,DE,de,Resident Alien,2026-07-26,4006,7
T369,DE,de,Resident Alien,2026-06-07,1286,7
T369,DE,de,Resident Alien,2026-06-14,1511,7
T369,DE,de,Resident Alien,2026-06-21,1518,7
T369,DE,de,Resident Alien,2026-09-13,6641,7
T369,DE,de,Resident Alien,2026-06-28,1579,7
T369,DE,de,Resident Alien,2026-08-02,3369,7
T177,DE,de,Rheingold (2022),2026-09-06,1320,7
T177,DE,de,Rheingold (2022),2026-07-05,923,7
T177,DE,de,Rheingold (2022),2026-07-26,646,7
T177,DE,de,Rheingold (2022),2026-07-12,601,7
T177,DE,de,Rheingold (2022),2026-06-14,871,7
T177,DE,de,Rheingold (2022),2026-08-16,559,7
T177,DE,de,Rheingold (2022),2026-07-19,665,7
T177,DE,de,Rheingold (2022),2026-08-23,664,7
T177,DE,de,Rheingold (2022),2026-06-21,744,7
T177,DE,de,Rheingold (2022),2026-06-28,837,7
T177,DE,de,Rheingold (2022),2026-06-07,884,7
T177,DE,de,Rheingold (2022),2026-08-09,630,7
T177,DE,de,Rheingold (2022),2026-09-20,9310,7
T177,DE,de,Rheingold (2022),2026-08-02,703,7
T177,DE,de,Rheingold (2022),2026-08-30,984,7
T177,DE,de,Rheingold (2022),2026-09-13,11331,7
T045,DE,de,SEAL Team,2026-09-20,8516,7
T045,DE,de,SEAL Team,2026-08-23,10192,7
T045,DE,de,SEAL Team,2026-06-28,1237,7
T045,DE,de,SEAL Team,2026-09-06,9093,7
T045,DE,de,SEAL Team,2026-08-30,10870,7
T045,DE,de,SEAL Team,2026-07-19,1488,7
T045,DE,de,SEAL Team,2026-08-02,1791,7
T045,DE,de,SEAL Team,2026-07-05,1303,7
T045,DE,de,SEAL Team,2026-08-16,2016,7
T045,DE,de,SEAL Team,2026-06-07,1571,7
T045,DE,de,SEAL Team,2026-06-21,1182,7
T045,DE,de,SEAL Team,2026-07-26,1767,7
T045,DE,de,SEAL Team,2026-08-09,1884,7
T045,DE,de,SEAL Team,2026-07-12,1484,7
T045,DE,de,SEAL Team,2026-09-13,9037,7
T045,DE,de,SEAL Team,2026-06-14,1412,7
T081,DE,de,Sniper: No Nation,2026-08-02,1653,7
T081,DE,de,Sniper: No Nation,2026-08-09,876,7
T081,DE,de,Sniper: No Nation,2026-06-07,162,7
T081,DE,de,Sniper: No Nation,2026-09-20,376,7
T081,DE,de,Sniper: No Nation,2026-08-30,578,7
T081,DE,de,Sniper: No Nation,2026-07-12,191,7
T081,DE,de,Sniper: No Nation,2026-07-05,192,7
T081,DE,de,Sniper: No Nation,2026-07-26,4446,7
T081,DE,de,Sniper: No Nation,2026-09-13,346,7
T081,DE,de,Sniper: No Nation,2026-07-19,5769,7
T081,DE,de,Sniper: No Nation,2026-09-06,382,7
T081,DE,de,Sniper: No Nation,2026-06-21,121,7
T081,DE,de,Sniper: No Nation,2026-06-28,123,7
T081,DE,de,Sniper: No Nation,2026-08-16,728,7
T081,DE,de,Sniper: No Nation,2026-06-14,124,7
T081,DE,de,Sniper: No Nation,2026-08-23,701,7
T065,DE,de,Sonic the Hedgehog 3 (Film),2026-09-06,5146,7
T065,DE,de,Sonic the Hedgehog 3 (Film),2026-08-09,760,7
T065,DE,de,Sonic the Hedgehog 3 (Film),2026-08-30,643,7
T065,DE,de,Sonic the Hedgehog 3 (Film),2026-09-13,930,7
T065,DE,de,Sonic the Hedgehog 3 (Film),2026-08-02,782,7
T065,DE,de,Sonic the Hedgehog 3 (Film),2026-07-05,1800,7
T065,DE,de,Sonic the Hedgehog 3 (Film),2026-08-23,601,7
T065,DE,de,Sonic the Hedgehog 3 (Film),2026-09-20,539,7
T065,DE,de,Sonic the Hedgehog 3 (Film),2026-06-28,388,7
T065,DE,de,Sonic the Hedgehog 3 (Film),2026-06-07,392,7
T065,DE,de,Sonic the Hedgehog 3 (Film),2026-07-19,872,7
T065,DE,de,Sonic the Hedgehog 3 (Film),2026-06-14,400,7
T065,DE,de,Sonic the Hedgehog 3 (Film),2026-06-21,341,7
T065,DE,de,Sonic the Hedgehog 3 (Film),2026-07-26,837,7
T065,DE,de,Sonic the Hedgehog 3 (Film),2026-08-16,567,7
T065,DE,de,Sonic the Hedgehog 3 (Film),2026-07-12,1456,7
T218,DE,de,Testo (Fernsehserie),2026-08-02,1041,7
T218,DE,de,Testo (Fernsehserie),2026-07-12,5144,7
T218,DE,de,Testo (Fernsehserie),2026-08-23,770,7
T218,DE,de,Testo (Fernsehserie),2026-08-30,483,7
T218,DE,de,Testo (Fernsehserie),2026-09-20,408,7
T218,DE,de,Testo (Fernsehserie),2026-06-07,349,7
T218,DE,de,Testo (Fernsehserie),2026-07-05,4693,7
T218,DE,de,Testo (Fernsehserie),2026-06-14,303,7
T218,DE,de,Testo (Fernsehserie),2026-08-16,621,7
T218,DE,de,Testo (Fernsehserie),2026-07-19,2710,7
T218,DE,de,Testo (Fernsehserie),2026-09-06,390,7
T218,DE,de,Testo (Fernsehserie),2026-06-28,303,7
T218,DE,de,Testo (Fernsehserie),2026-09-13,382,7
T218,DE,de,Testo (Fernsehserie),2026-06-21,308,7
T218,DE,de,Testo (Fernsehserie),2026-08-09,812,7
T218,DE,de,Testo (Fernsehserie),2026-07-26,1201,7
T026,DE,de,"The Gentlemen (Fernsehserie, 2024)",2026-09-06,35760,7
T026,DE,de,"The Gentlemen (Fernsehserie, 2024)",2026-09-13,50892,7
T026,DE,de,"The Gentlemen (Fernsehserie, 2024)",2026-08-09,1459,7
T026,DE,de,"The Gentlemen (Fernsehserie, 2024)",2026-08-23,4265,7
T026,DE,de,"The Gentlemen (Fernsehserie, 2024)",2026-07-26,1543,7
T026,DE,de,"The Gentlemen (Fernsehserie, 2024)",2026-06-07,1408,7
T026,DE,de,"The Gentlemen (Fernsehserie, 2024)",2026-06-14,1196,7
T026,DE,de,"The Gentlemen (Fernsehserie, 2024)",2026-09-20,33253,7
T026,DE,de,"The Gentlemen (Fernsehserie, 2024)",2026-07-19,1972,7
T026,DE,de,"The Gentlemen (Fernsehserie, 2024)",2026-08-30,7675,7
T026,DE,de,"The Gentlemen (Fernsehserie, 2024)",2026-07-12,2122,7
T026,DE,de,"The Gentlemen (Fernsehserie, 2024)",2026-07-05,981,7
T026,DE,de,"The Gentlemen (Fernsehserie, 2024)",2026-08-16,1695,7
T026,DE,de,"The Gentlemen (Fernsehserie, 2024)",2026-08-02,1557,7
T026,DE,de,"The Gentlemen (Fernsehserie, 2024)",2026-06-21,958,7
T026,DE,de,"The Gentlemen (Fernsehserie, 2024)",2026-06-28,1060,7
T327,DE,de,The Hawk (Fernsehserie),2026-08-16,335,7
T327,DE,de,The Hawk (Fernsehserie),2026-07-26,0,7
T327,DE,de,The Hawk (Fernsehserie),2026-07-12,0,7
T327,DE,de,The Hawk (Fernsehserie),2026-08-23,1143,7
T327,DE,de,The Hawk (Fernsehserie),2026-06-14,0,7
T327,DE,de,The Hawk (Fernsehserie),2026-09-20,415,7
T327,DE,de,The Hawk (Fernsehserie),2026-08-30,838,7
T327,DE,de,The Hawk (Fernsehserie),2026-09-13,449,7
T327,DE,de,The Hawk (Fernsehserie),2026-07-05,0,7
T327,DE,de,The Hawk (Fernsehserie),2026-09-06,573,7
T327,DE,de,The Hawk (Fernsehserie),2026-06-07,0,7
T327,DE,de,The Hawk (Fernsehserie),2026-06-21,0,7
T327,DE,de,The Hawk (Fernsehserie),2026-07-19,0,7
T327,DE,de,The Hawk (Fernsehserie),2026-06-28,0,7
T327,DE,de,The Hawk (Fernsehserie),2026-08-02,0,7
T327,DE,de,The Hawk (Fernsehserie),2026-08-09,0,7
T002,DE,de,The Last House,2026-07-12,2168,7
T002,DE,de,The Last House,2026-08-30,10332,7
T002,DE,de,The Last House,2026-07-26,2273,7
T002,DE,de,The Last House,2026-08-09,35277,7
T002,DE,de,The Last House,2026-09-13,4609,7
T002,DE,de,The Last House,2026-06-21,0,7
T002,DE,de,The Last House,2026-06-07,0,7
T002,DE,de,The Last House,2026-07-19,2158,7
T002,DE,de,The Last House,2026-08-16,45523,7
T002,DE,de,The Last House,2026-08-23,20423,7
T002,DE,de,The Last House,2026-06-14,0,7
T002,DE,de,The Last House,2026-08-02,1925,7
T002,DE,de,The Last House,2026-09-20,3105,7
T002,DE,de,The Last House,2026-07-05,289,7
T002,DE,de,The Last House,2026-06-28,0,7
T002,DE,de,The Last House,2026-09-06,5611,7
T136,DE,de,The Rookie (Fernsehserie),2026-07-05,15629,7
T136,DE,de,The Rookie (Fernsehserie),2026-09-13,13022,7
T136,DE,de,The Rookie (Fernsehserie),2026-09-20,10154,7
T136,DE,de,The Rookie (Fernsehserie),2026-06-14,16012,7
T136,DE,de,The Rookie (Fernsehserie),2026-08-02,29753,7
T136,DE,de,The Rookie (Fernsehserie),2026-09-06,18641,7
T136,DE,de,The Rookie (Fernsehserie),2026-08-09,28413,7
T136,DE,de,The Rookie (Fernsehserie),2026-06-28,13920,7
T136,DE,de,The Rookie (Fernsehserie),2026-07-19,19846,7
T136,DE,de,The Rookie (Fernsehserie),2026-08-16,25319,7
T136,DE,de,The Rookie (Fernsehserie),2026-07-12,18519,7
T136,DE,de,The Rookie (Fernsehserie),2026-06-21,13923,7
T136,DE,de,The Rookie (Fernsehserie),2026-07-26,25509,7
T136,DE,de,The Rookie (Fernsehserie),2026-08-23,24093,7
T136,DE,de,The Rookie (Fernsehserie),2026-08-30,21347,7
T136,DE,de,The Rookie (Fernsehserie),2026-06-07,12703,7
T021,DE,de,Voicemails for Isabelle,2026-08-30,2271,7
T021,DE,de,Voicemails for Isabelle,2026-07-19,5568,7
T021,DE,de,Voicemails for Isabelle,2026-09-20,1413,7
T021,DE,de,Voicemails for Isabelle,2026-07-26,4791,7
T021,DE,de,Voicemails for Isabelle,2026-06-21,16794,7
T021,DE,de,Voicemails for Isabelle,2026-07-05,13085,7
T021,DE,de,Voicemails for Isabelle,2026-06-14,460,7
T021,DE,de,Voicemails for Isabelle,2026-09-06,1806,7
T021,DE,de,Voicemails for Isabelle,2026-06-28,27813,7
T021,DE,de,Voicemails for Isabelle,2026-09-13,1664,7
T021,DE,de,Voicemails for Isabelle,2026-06-07,438,7
T021,DE,de,Voicemails for Isabelle,2026-08-23,2488,7
T021,DE,de,Voicemails for Isabelle,2026-08-09,3086,7
T021,DE,de,Voicemails for Isabelle,2026-08-16,2446,7
T021,DE,de,Voicemails for Isabelle,2026-07-12,8426,7
T021,DE,de,Voicemails for Isabelle,2026-08-02,3709,7
T099,DE,de,War Machine (2026),2026-07-26,5428,7
T099,DE,de,War Machine (2026),2026-08-23,3967,7
T099,DE,de,War Machine (2026),2026-06-21,2877,7
T099,DE,de,War Machine (2026),2026-07-12,2848,7
T099,DE,de,War Machine (2026),2026-09-20,4489,7
T099,DE,de,War Machine (2026),2026-08-30,5493,7
T099,DE,de,War Machine (2026),2026-08-02,5682,7
T099,DE,de,War Machine (2026),2026-06-28,3415,7
T099,DE,de,War Machine (2026),2026-07-05,2681,7
T099,DE,de,War Machine (2026),2026-09-06,4364,7
T099,DE,de,War Machine (2026),2026-06-14,5575,7
T099,DE,de,War Machine (2026),2026-06-07,4693,7
T099,DE,de,War Machine (2026),2026-07-19,4001,7
T099,DE,de,War Machine (2026),2026-08-09,4162,7
T099,DE,de,War Machine (2026),2026-08-16,4400,7
T099,DE,de,War Machine (2026),2026-09-13,4169,7
T243,DE,de,Wunderschöner,2026-08-09,1000,7
T243,DE,de,Wunderschöner,2026-08-16,4483,7
T243,DE,de,Wunderschöner,2026-06-21,660,7
T243,DE,de,Wunderschöner,2026-08-02,935,7
T243,DE,de,Wunderschöner,2026-06-14,818,7
T243,DE,de,Wunderschöner,2026-09-06,1147,7
T243,DE,de,Wunderschöner,2026-09-13,5567,7
T243,DE,de,Wunderschöner,2026-06-28,729,7
T243,DE,de,Wunderschöner,2026-07-26,821,7
T243,DE,de,Wunderschöner,2026-09-20,16412,7
T243,DE,de,Wunderschöner,2026-07-05,792,7
T243,DE,de,Wunderschöner,2026-06-07,923,7
T243,DE,de,Wunderschöner,2026-08-23,2962,7
T243,DE,de,Wunderschöner,2026-07-12,787,7
T243,DE,de,Wunderschöner,2026-08-30,1279,7
T243,DE,de,Wunderschöner,2026-07-19,741,7
T339,DE,de,Zone 3,2026-09-06,239,7
T339,DE,de,Zone 3,2026-07-12,987,7
T339,DE,de,Zone 3,2026-06-21,108,7
T339,DE,de,Zone 3,2026-06-14,189,7
T339,DE,de,Zone 3,2026-07-05,2774,7
T339,DE,de,Zone 3,2026-06-07,155,7
T339,DE,de,Zone 3,2026-07-26,530,7
T339,DE,de,Zone 3,2026-08-02,498,7
T339,DE,de,Zone 3,2026-08-23,291,7
T339,DE,de,Zone 3,2026-09-13,221,7
T339,DE,de,Zone 3,2026-09-20,218,7
T339,DE,de,Zone 3,2026-06-28,2817,7
T339,DE,de,Zone 3,2026-08-16,330,7
T339,DE,de,Zone 3,2026-07-19,609,7
T339,DE,de,Zone 3,2026-08-30,242,7
T339,DE,de,Zone 3,2026-08-09,293,7
T010,FR,fr,72 Heures (film),2026-06-21,0,7
T010,FR,fr,72 Heures (film),2026-09-06,692,7
T010,FR,fr,72 Heures (film),2026-08-23,1221,7
T010,FR,fr,72 Heures (film),2026-09-20,380,7
T010,FR,fr,72 Heures (film),2026-09-13,440,7
T010,FR,fr,72 Heures (film),2026-07-05,0,7
T010,FR,fr,72 Heures (film),2026-06-14,0,7
T010,FR,fr,72 Heures (film),2026-06-07,0,7
T010,FR,fr,72 Heures (film),2026-07-26,1622,7
T010,FR,fr,72 Heures (film),2026-08-02,5662,7
T010,FR,fr,72 Heures (film),2026-06-28,0,7
T010,FR,fr,72 Heures (film),2026-08-09,2758,7
T010,FR,fr,72 Heures (film),2026-08-16,1618,7
T010,FR,fr,72 Heures (film),2026-07-19,0,7
T010,FR,fr,72 Heures (film),2026-08-30,1223,7
T010,FR,fr,72 Heures (film),2026-07-12,0,7
T001,FR,fr,Agent Kim Reactivated,2026-08-09,6066,7
T001,FR,fr,Agent Kim Reactivated,2026-09-13,1640,7
T001,FR,fr,Agent Kim Reactivated,2026-08-02,10096,7
T001,FR,fr,Agent Kim Reactivated,2026-06-28,0,7
T001,FR,fr,Agent Kim Reactivated,2026-07-26,11229,7
T001,FR,fr,Agent Kim Reactivated,2026-06-14,0,7
T001,FR,fr,Agent Kim Reactivated,2026-09-20,1478,7
T001,FR,fr,Agent Kim Reactivated,2026-06-21,0,7
T001,FR,fr,Agent Kim Reactivated,2026-08-23,3210,7
T001,FR,fr,Agent Kim Reactivated,2026-09-06,2116,7
T001,FR,fr,Agent Kim Reactivated,2026-07-05,0,7
T001,FR,fr,Agent Kim Reactivated,2026-08-30,2567,7
T001,FR,fr,Agent Kim Reactivated,2026-06-07,0,7
T001,FR,fr,Agent Kim Reactivated,2026-07-12,166,7
T001,FR,fr,Agent Kim Reactivated,2026-07-19,4263,7
T001,FR,fr,Agent Kim Reactivated,2026-08-16,3866,7
T334,FR,fr,"Aline (film, 2020)",2026-08-09,256,7
T334,FR,fr,"Aline (film, 2020)",2026-09-13,1980,7
T334,FR,fr,"Aline (film, 2020)",2026-09-06,410,7
T334,FR,fr,"Aline (film, 2020)",2026-08-30,329,7
T334,FR,fr,"Aline (film, 2020)",2026-06-28,259,7
T334,FR,fr,"Aline (film, 2020)",2026-06-14,262,7
T334,FR,fr,"Aline (film, 2020)",2026-07-12,228,7
T334,FR,fr,"Aline (film, 2020)",2026-06-21,262,7
T334,FR,fr,"Aline (film, 2020)",2026-08-23,346,7
T334,FR,fr,"Aline (film, 2020)",2026-07-26,571,7
T334,FR,fr,"Aline (film, 2020)",2026-08-16,537,7
T334,FR,fr,"Aline (film, 2020)",2026-09-20,7708,7
T334,FR,fr,"Aline (film, 2020)",2026-06-07,284,7
T334,FR,fr,"Aline (film, 2020)",2026-07-05,229,7
T334,FR,fr,"Aline (film, 2020)",2026-07-19,378,7
T334,FR,fr,"Aline (film, 2020)",2026-08-02,336,7
T008,FR,fr,Anacondas 4 : La Piste du sang,2026-07-12,196,7
T008,FR,fr,Anacondas 4 : La Piste du sang,2026-08-23,81,7
T008,FR,fr,Anacondas 4 : La Piste du sang,2026-09-06,781,7
T008,FR,fr,Anacondas 4 : La Piste du sang,2026-09-20,129,7
T008,FR,fr,Anacondas 4 : La Piste du sang,2026-08-16,119,7
T008,FR,fr,Anacondas 4 : La Piste du sang,2026-07-05,231,7
T008,FR,fr,Anacondas 4 : La Piste du sang,2026-08-09,154,7
T008,FR,fr,Anacondas 4 : La Piste du sang,2026-09-13,294,7
T008,FR,fr,Anacondas 4 : La Piste du sang,2026-06-28,40,7
T008,FR,fr,Anacondas 4 : La Piste du sang,2026-06-14,63,7
T008,FR,fr,Anacondas 4 : La Piste du sang,2026-06-21,40,7
T008,FR,fr,Anacondas 4 : La Piste du sang,2026-07-19,168,7
T008,FR,fr,Anacondas 4 : La Piste du sang,2026-08-02,321,7
T008,FR,fr,Anacondas 4 : La Piste du sang,2026-06-07,43,7
T008,FR,fr,Anacondas 4 : La Piste du sang,2026-07-26,272,7
T008,FR,fr,Anacondas 4 : La Piste du sang,2026-08-30,109,7
T104,FR,fr,"Angel Eyes (film, 2001)",2026-06-07,128,7
T104,FR,fr,"Angel Eyes (film, 2001)",2026-06-28,129,7
T104,FR,fr,"Angel Eyes (film, 2001)",2026-08-23,208,7
T104,FR,fr,"Angel Eyes (film, 2001)",2026-08-30,238,7
T104,FR,fr,"Angel Eyes (film, 2001)",2026-06-14,149,7
T104,FR,fr,"Angel Eyes (film, 2001)",2026-08-16,180,7
T104,FR,fr,"Angel Eyes (film, 2001)",2026-09-13,251,7
T104,FR,fr,"Angel Eyes (film, 2001)",2026-09-06,244,7
T104,FR,fr,"Angel Eyes (film, 2001)",2026-08-09,293,7
T104,FR,fr,"Angel Eyes (film, 2001)",2026-06-21,133,7
T104,FR,fr,"Angel Eyes (film, 2001)",2026-07-19,1056,7
T104,FR,fr,"Angel Eyes (film, 2001)",2026-09-20,202,7
T104,FR,fr,"Angel Eyes (film, 2001)",2026-07-26,622,7
T104,FR,fr,"Angel Eyes (film, 2001)",2026-07-12,2332,7
T104,FR,fr,"Angel Eyes (film, 2001)",2026-08-02,388,7
T104,FR,fr,"Angel Eyes (film, 2001)",2026-07-05,3612,7
T091,FR,fr,Anora (film),2026-06-28,954,7
T091,FR,fr,Anora (film),2026-08-23,1773,7
T091,FR,fr,Anora (film),2026-06-07,1635,7
T091,FR,fr,Anora (film),2026-07-26,913,7
T091,FR,fr,Anora (film),2026-08-09,1170,7
T091,FR,fr,Anora (film),2026-06-14,1127,7
T091,FR,fr,Anora (film),2026-08-30,2123,7
T091,FR,fr,Anora (film),2026-08-16,1605,7
T091,FR,fr,Anora (film),2026-09-06,1350,7
T091,FR,fr,Anora (film),2026-07-05,819,7
T091,FR,fr,Anora (film),2026-08-02,918,7
T091,FR,fr,Anora (film),2026-09-13,7517,7
T091,FR,fr,Anora (film),2026-07-12,1157,7
T091,FR,fr,Anora (film),2026-07-19,1061,7
T091,FR,fr,Anora (film),2026-06-21,976,7
T091,FR,fr,Anora (film),2026-09-20,8637,7
T024,FR,fr,"Avatar, le dernier maître de l'air (série télévisée)",2026-08-09,3652,7
T024,FR,fr,"Avatar, le dernier maître de l'air (série télévisée)",2026-06-21,783,7
T024,FR,fr,"Avatar, le dernier maître de l'air (série télévisée)",2026-07-05,13405,7
T024,FR,fr,"Avatar, le dernier maître de l'air (série télévisée)",2026-09-20,1440,7
T024,FR,fr,"Avatar, le dernier maître de l'air (série télévisée)",2026-06-14,670,7
T024,FR,fr,"Avatar, le dernier maître de l'air (série télévisée)",2026-09-06,1538,7
T024,FR,fr,"Avatar, le dernier maître de l'air (série télévisée)",2026-08-16,2677,7
T024,FR,fr,"Avatar, le dernier maître de l'air (série télévisée)",2026-06-07,576,7
T024,FR,fr,"Avatar, le dernier maître de l'air (série télévisée)",2026-09-13,1549,7
T024,FR,fr,"Avatar, le dernier maître de l'air (série télévisée)",2026-07-26,5503,7
T024,FR,fr,"Avatar, le dernier maître de l'air (série télévisée)",2026-07-19,7500,7
T024,FR,fr,"Avatar, le dernier maître de l'air (série télévisée)",2026-07-12,8890,7
T024,FR,fr,"Avatar, le dernier maître de l'air (série télévisée)",2026-08-02,4718,7
T024,FR,fr,"Avatar, le dernier maître de l'air (série télévisée)",2026-06-28,12827,7
T024,FR,fr,"Avatar, le dernier maître de l'air (série télévisée)",2026-08-23,2597,7
T024,FR,fr,"Avatar, le dernier maître de l'air (série télévisée)",2026-08-30,2305,7
T286,FR,fr,Avis de mistral,2026-07-19,157,7
T286,FR,fr,Avis de mistral,2026-07-12,140,7
T286,FR,fr,Avis de mistral,2026-08-23,1614,7
T286,FR,fr,Avis de mistral,2026-06-28,108,7
T286,FR,fr,Avis de mistral,2026-09-06,1716,7
T286,FR,fr,Avis de mistral,2026-07-05,285,7
T286,FR,fr,Avis de mistral,2026-09-20,544,7
T286,FR,fr,Avis de mistral,2026-09-13,850,7
T286,FR,fr,Avis de mistral,2026-08-16,168,7
T286,FR,fr,Avis de mistral,2026-08-09,122,7
T286,FR,fr,Avis de mistral,2026-06-21,143,7
T286,FR,fr,Avis de mistral,2026-08-02,208,7
T286,FR,fr,Avis de mistral,2026-08-30,5118,7
T286,FR,fr,Avis de mistral,2026-06-07,96,7
T286,FR,fr,Avis de mistral,2026-06-14,110,7
T286,FR,fr,Avis de mistral,2026-07-26,137,7
T283,FR,fr,Back to Business,2026-08-30,348,7
T283,FR,fr,Back to Business,2026-08-09,171,7
T283,FR,fr,Back to Business,2026-08-16,370,7
T283,FR,fr,Back to Business,2026-08-02,172,7
T283,FR,fr,Back to Business,2026-06-07,169,7
T283,FR,fr,Back to Business,2026-08-23,1099,7
T283,FR,fr,Back to Business,2026-07-26,147,7
T283,FR,fr,Back to Business,2026-09-06,163,7
T283,FR,fr,Back to Business,2026-07-05,59,7
T283,FR,fr,Back to Business,2026-07-12,117,7
T283,FR,fr,Back to Business,2026-06-14,169,7
T283,FR,fr,Back to Business,2026-06-21,118,7
T283,FR,fr,Back to Business,2026-09-20,104,7
T283,FR,fr,Back to Business,2026-07-19,142,7
T283,FR,fr,Back to Business,2026-06-28,130,7
T283,FR,fr,Back to Business,2026-09-13,120,7
T267,FR,fr,Barbie (film),2026-07-12,858,7
T267,FR,fr,Barbie (film),2026-08-30,2002,7
T267,FR,fr,Barbie (film),2026-08-23,2614,7
T267,FR,fr,Barbie (film),2026-08-16,2560,7
T267,FR,fr,Barbie (film),2026-08-02,4570,7
T267,FR,fr,Barbie (film),2026-09-13,1283,7
T267,FR,fr,Barbie (film),2026-06-21,1314,7
T267,FR,fr,Barbie (film),2026-08-09,3298,7
T267,FR,fr,Barbie (film),2026-06-14,826,7
T267,FR,fr,Barbie (film),2026-09-06,1343,7
T267,FR,fr,Barbie (film),2026-09-20,1294,7
T267,FR,fr,Barbie (film),2026-06-28,1181,7
T267,FR,fr,Barbie (film),2026-06-07,903,7
T267,FR,fr,Barbie (film),2026-07-05,798,7
T267,FR,fr,Barbie (film),2026-07-19,2381,7
T267,FR,fr,Barbie (film),2026-07-26,5391,7
T113,FR,fr,"Best of the Best (film, 2026)",2026-07-26,0,7
T113,FR,fr,"Best of the Best (film, 2026)",2026-08-23,0,7
T113,FR,fr,"Best of the Best (film, 2026)",2026-06-28,0,7
T113,FR,fr,"Best of the Best (film, 2026)",2026-06-21,0,7
T113,FR,fr,"Best of the Best (film, 2026)",2026-08-02,0,7
T113,FR,fr,"Best of the Best (film, 2026)",2026-09-13,0,7
T113,FR,fr,"Best of the Best (film, 2026)",2026-08-30,0,7
T113,FR,fr,"Best of the Best (film, 2026)",2026-09-06,0,7
T113,FR,fr,"Best of the Best (film, 2026)",2026-08-16,0,7
T113,FR,fr,"Best of the Best (film, 2026)",2026-07-12,0,7
T113,FR,fr,"Best of the Best (film, 2026)",2026-08-09,0,7
T113,FR,fr,"Best of the Best (film, 2026)",2026-06-14,0,7
T113,FR,fr,"Best of the Best (film, 2026)",2026-06-07,0,7
T113,FR,fr,"Best of the Best (film, 2026)",2026-07-05,0,7
T113,FR,fr,"Best of the Best (film, 2026)",2026-09-20,0,7
T113,FR,fr,"Best of the Best (film, 2026)",2026-07-19,0,7
T251,FR,fr,Blue Beetle (film),2026-06-28,425,7
T251,FR,fr,Blue Beetle (film),2026-08-09,961,7
T251,FR,fr,Blue Beetle (film),2026-08-30,2113,7
T251,FR,fr,Blue Beetle (film),2026-09-06,1070,7
T251,FR,fr,Blue Beetle (film),2026-09-13,781,7
T251,FR,fr,Blue Beetle (film),2026-07-05,398,7
T251,FR,fr,Blue Beetle (film),2026-08-02,952,7
T251,FR,fr,Blue Beetle (film),2026-08-16,17806,7
T251,FR,fr,Blue Beetle (film),2026-08-23,9608,7
T251,FR,fr,Blue Beetle (film),2026-06-21,526,7
T251,FR,fr,Blue Beetle (film),2026-09-20,590,7
T251,FR,fr,Blue Beetle (film),2026-06-14,493,7
T251,FR,fr,Blue Beetle (film),2026-07-12,365,7
T251,FR,fr,Blue Beetle (film),2026-07-19,784,7
T251,FR,fr,Blue Beetle (film),2026-07-26,1356,7
T251,FR,fr,Blue Beetle (film),2026-06-07,325,7
T179,FR,fr,Bonne Conduite,2026-06-14,170,7
T179,FR,fr,Bonne Conduite,2026-07-12,154,7
T179,FR,fr,Bonne Conduite,2026-08-16,3104,7
T179,FR,fr,Bonne Conduite,2026-07-26,214,7
T179,FR,fr,Bonne Conduite,2026-08-23,12505,7
T179,FR,fr,Bonne Conduite,2026-06-28,1012,7
T179,FR,fr,Bonne Conduite,2026-09-13,2106,7
T179,FR,fr,Bonne Conduite,2026-08-02,256,7
T179,FR,fr,Bonne Conduite,2026-09-20,1681,7
T179,FR,fr,Bonne Conduite,2026-06-21,196,7
T179,FR,fr,Bonne Conduite,2026-09-06,2685,7
T179,FR,fr,Bonne Conduite,2026-07-19,188,7
T179,FR,fr,Bonne Conduite,2026-08-09,276,7
T179,FR,fr,Bonne Conduite,2026-08-30,6439,7
T179,FR,fr,Bonne Conduite,2026-06-07,143,7
T179,FR,fr,Bonne Conduite,2026-07-05,150,7
T295,FR,fr,C'est quoi cette mamie ?!,2026-08-02,1145,7
T295,FR,fr,C'est quoi cette mamie ?!,2026-09-20,1594,7
T295,FR,fr,C'est quoi cette mamie ?!,2026-06-28,76,7
T295,FR,fr,C'est quoi cette mamie ?!,2026-07-05,69,7
T295,FR,fr,C'est quoi cette mamie ?!,2026-09-13,256,7
T295,FR,fr,C'est quoi cette mamie ?!,2026-07-12,1369,7
T295,FR,fr,C'est quoi cette mamie ?!,2026-08-23,525,7
T295,FR,fr,C'est quoi cette mamie ?!,2026-08-09,861,7
T295,FR,fr,C'est quoi cette mamie ?!,2026-06-07,108,7
T295,FR,fr,C'est quoi cette mamie ?!,2026-07-19,2643,7
T295,FR,fr,C'est quoi cette mamie ?!,2026-06-21,95,7
T295,FR,fr,C'est quoi cette mamie ?!,2026-08-16,817,7
T295,FR,fr,C'est quoi cette mamie ?!,2026-06-14,91,7
T295,FR,fr,C'est quoi cette mamie ?!,2026-07-26,1363,7
T295,FR,fr,C'est quoi cette mamie ?!,2026-08-30,452,7
T295,FR,fr,C'est quoi cette mamie ?!,2026-09-06,327,7
T071,FR,fr,Ce dont rêvent les filles,2026-09-06,403,7
T071,FR,fr,Ce dont rêvent les filles,2026-09-20,297,7
T071,FR,fr,Ce dont rêvent les filles,2026-07-26,107,7
T071,FR,fr,Ce dont rêvent les filles,2026-08-09,176,7
T071,FR,fr,Ce dont rêvent les filles,2026-09-13,383,7
T071,FR,fr,Ce dont rêvent les filles,2026-07-05,85,7
T071,FR,fr,Ce dont rêvent les filles,2026-07-12,75,7
T071,FR,fr,Ce dont rêvent les filles,2026-08-02,87,7
T071,FR,fr,Ce dont rêvent les filles,2026-06-21,174,7
T071,FR,fr,Ce dont rêvent les filles,2026-08-16,1861,7
T071,FR,fr,Ce dont rêvent les filles,2026-06-14,120,7
T071,FR,fr,Ce dont rêvent les filles,2026-06-07,107,7
T071,FR,fr,Ce dont rêvent les filles,2026-08-23,1255,7
T071,FR,fr,Ce dont rêvent les filles,2026-08-30,578,7
T071,FR,fr,Ce dont rêvent les filles,2026-06-28,79,7
T071,FR,fr,Ce dont rêvent les filles,2026-07-19,84,7
T298,FR,fr,Colombiana,2026-08-16,335,7
T298,FR,fr,Colombiana,2026-07-05,264,7
T298,FR,fr,Colombiana,2026-06-07,235,7
T298,FR,fr,Colombiana,2026-07-26,293,7
T298,FR,fr,Colombiana,2026-06-14,420,7
T298,FR,fr,Colombiana,2026-06-21,186,7
T298,FR,fr,Colombiana,2026-08-30,1511,7
T298,FR,fr,Colombiana,2026-09-06,936,7
T298,FR,fr,Colombiana,2026-06-28,280,7
T298,FR,fr,Colombiana,2026-09-13,630,7
T298,FR,fr,Colombiana,2026-07-19,260,7
T298,FR,fr,Colombiana,2026-07-12,204,7
T298,FR,fr,Colombiana,2026-09-20,584,7
T298,FR,fr,Colombiana,2026-08-02,280,7
T298,FR,fr,Colombiana,2026-08-09,345,7
T298,FR,fr,Colombiana,2026-08-23,345,7
T166,FR,fr,"Dix pour cent, le film",2026-06-28,0,7
T166,FR,fr,"Dix pour cent, le film",2026-07-26,346,7
T166,FR,fr,"Dix pour cent, le film",2026-08-09,787,7
T166,FR,fr,"Dix pour cent, le film",2026-09-13,54525,7
T166,FR,fr,"Dix pour cent, le film",2026-07-19,0,7
T166,FR,fr,"Dix pour cent, le film",2026-07-05,0,7
T166,FR,fr,"Dix pour cent, le film",2026-09-20,22208,7
T166,FR,fr,"Dix pour cent, le film",2026-08-30,5381,7
T166,FR,fr,"Dix pour cent, le film",2026-08-16,790,7
T166,FR,fr,"Dix pour cent, le film",2026-08-23,1689,7
T166,FR,fr,"Dix pour cent, le film",2026-06-14,0,7
T166,FR,fr,"Dix pour cent, le film",2026-06-21,0,7
T166,FR,fr,"Dix pour cent, le film",2026-07-12,0,7
T166,FR,fr,"Dix pour cent, le film",2026-06-07,0,7
T166,FR,fr,"Dix pour cent, le film",2026-09-06,5862,7
T166,FR,fr,"Dix pour cent, le film",2026-08-02,651,7
T188,FR,fr,"Dragons (film, 2025)",2026-07-05,834,7
T188,FR,fr,"Dragons (film, 2025)",2026-07-12,1037,7
T188,FR,fr,"Dragons (film, 2025)",2026-09-06,614,7
T188,FR,fr,"Dragons (film, 2025)",2026-08-09,903,7
T188,FR,fr,"Dragons (film, 2025)",2026-06-21,788,7
T188,FR,fr,"Dragons (film, 2025)",2026-07-19,1097,7
T188,FR,fr,"Dragons (film, 2025)",2026-06-14,892,7
T188,FR,fr,"Dragons (film, 2025)",2026-08-23,891,7
T188,FR,fr,"Dragons (film, 2025)",2026-08-30,951,7
T188,FR,fr,"Dragons (film, 2025)",2026-06-28,960,7
T188,FR,fr,"Dragons (film, 2025)",2026-09-20,3105,7
T188,FR,fr,"Dragons (film, 2025)",2026-07-26,1207,7
T188,FR,fr,"Dragons (film, 2025)",2026-08-16,823,7
T188,FR,fr,"Dragons (film, 2025)",2026-06-07,792,7
T188,FR,fr,"Dragons (film, 2025)",2026-08-02,894,7
T188,FR,fr,"Dragons (film, 2025)",2026-09-13,3082,7
T270,FR,fr,Drop Game,2026-06-21,577,7
T270,FR,fr,Drop Game,2026-08-02,1741,7
T270,FR,fr,Drop Game,2026-07-12,524,7
T270,FR,fr,Drop Game,2026-07-19,683,7
T270,FR,fr,Drop Game,2026-09-20,250,7
T270,FR,fr,Drop Game,2026-08-16,589,7
T270,FR,fr,Drop Game,2026-07-26,1103,7
T270,FR,fr,Drop Game,2026-06-14,834,7
T270,FR,fr,Drop Game,2026-08-30,332,7
T270,FR,fr,Drop Game,2026-09-13,384,7
T270,FR,fr,Drop Game,2026-07-05,412,7
T270,FR,fr,Drop Game,2026-08-09,729,7
T270,FR,fr,Drop Game,2026-08-23,580,7
T270,FR,fr,Drop Game,2026-09-06,577,7
T270,FR,fr,Drop Game,2026-06-07,282,7
T270,FR,fr,Drop Game,2026-06-28,439,7
T004,FR,fr,Elize : Surgie de l'ombre,2026-06-14,0,7
T004,FR,fr,Elize : Surgie de l'ombre,2026-06-28,0,7
T004,FR,fr,Elize : Surgie de l'ombre,2026-08-16,1770,7
T004,FR,fr,Elize : Surgie de l'ombre,2026-09-20,369,7
T004,FR,fr,Elize : Surgie de l'ombre,2026-06-21,0,7
T004,FR,fr,Elize : Surgie de l'ombre,2026-08-09,7506,7
T004,FR,fr,Elize : Surgie de l'ombre,2026-07-19,0,7
T004,FR,fr,Elize : Surgie de l'ombre,2026-09-13,603,7
T004,FR,fr,Elize : Surgie de l'ombre,2026-06-07,0,7
T004,FR,fr,Elize : Surgie de l'ombre,2026-07-05,0,7
T004,FR,fr,Elize : Surgie de l'ombre,2026-07-26,0,7
T004,FR,fr,Elize : Surgie de l'ombre,2026-08-23,4990,7
T004,FR,fr,Elize : Surgie de l'ombre,2026-08-02,4578,7
T004,FR,fr,Elize : Surgie de l'ombre,2026-09-06,896,7
T004,FR,fr,Elize : Surgie de l'ombre,2026-08-30,2494,7
T004,FR,fr,Elize : Surgie de l'ombre,2026-07-12,0,7
T090,FR,fr,En eaux très troubles,2026-06-07,289,7
T090,FR,fr,En eaux très troubles,2026-06-14,342,7
T090,FR,fr,En eaux très troubles,2026-07-05,301,7
T090,FR,fr,En eaux très troubles,2026-08-30,823,7
T090,FR,fr,En eaux très troubles,2026-08-02,1514,7
T090,FR,fr,En eaux très troubles,2026-09-13,444,7
T090,FR,fr,En eaux très troubles,2026-08-23,1138,7
T090,FR,fr,En eaux très troubles,2026-09-20,347,7
T090,FR,fr,En eaux très troubles,2026-07-19,400,7
T090,FR,fr,En eaux très troubles,2026-07-12,328,7
T090,FR,fr,En eaux très troubles,2026-08-16,1394,7
T090,FR,fr,En eaux très troubles,2026-06-21,331,7
T090,FR,fr,En eaux très troubles,2026-08-09,3147,7
T090,FR,fr,En eaux très troubles,2026-09-06,525,7
T090,FR,fr,En eaux très troubles,2026-06-28,323,7
T090,FR,fr,En eaux très troubles,2026-07-26,516,7
T005,FR,fr,Enola Holmes 3,2026-08-23,1213,7
T005,FR,fr,Enola Holmes 3,2026-09-06,678,7
T005,FR,fr,Enola Holmes 3,2026-08-09,1652,7
T005,FR,fr,Enola Holmes 3,2026-06-21,872,7
T005,FR,fr,Enola Holmes 3,2026-08-02,2052,7
T005,FR,fr,Enola Holmes 3,2026-07-05,14936,7
T005,FR,fr,Enola Holmes 3,2026-07-19,4114,7
T005,FR,fr,Enola Holmes 3,2026-09-13,551,7
T005,FR,fr,Enola Holmes 3,2026-07-26,2757,7
T005,FR,fr,Enola Holmes 3,2026-06-07,661,7
T005,FR,fr,Enola Holmes 3,2026-06-28,1063,7
T005,FR,fr,Enola Holmes 3,2026-06-14,914,7
T005,FR,fr,Enola Holmes 3,2026-08-16,1390,7
T005,FR,fr,Enola Holmes 3,2026-08-30,1085,7
T005,FR,fr,Enola Holmes 3,2026-09-20,593,7
T005,FR,fr,Enola Holmes 3,2026-07-12,8372,7
T191,FR,fr,Equalizer 3,2026-09-13,2526,7
T191,FR,fr,Equalizer 3,2026-09-20,22315,7
T191,FR,fr,Equalizer 3,2026-07-19,627,7
T191,FR,fr,Equalizer 3,2026-06-21,1013,7
T191,FR,fr,Equalizer 3,2026-08-02,625,7
T191,FR,fr,Equalizer 3,2026-07-05,519,7
T191,FR,fr,Equalizer 3,2026-07-26,635,7
T191,FR,fr,Equalizer 3,2026-06-28,561,7
T191,FR,fr,Equalizer 3,2026-06-14,650,7
T191,FR,fr,Equalizer 3,2026-09-06,6161,7
T191,FR,fr,Equalizer 3,2026-08-23,833,7
T191,FR,fr,Equalizer 3,2026-07-12,610,7
T191,FR,fr,Equalizer 3,2026-08-09,615,7
T191,FR,fr,Equalizer 3,2026-08-30,800,7
T191,FR,fr,Equalizer 3,2026-06-07,559,7
T191,FR,fr,Equalizer 3,2026-08-16,621,7
T063,FR,fr,Fauda,2026-09-20,15764,7
T063,FR,fr,Fauda,2026-08-02,914,7
T063,FR,fr,Fauda,2026-07-05,992,7
T063,FR,fr,Fauda,2026-07-26,896,7
T063,FR,fr,Fauda,2026-06-07,836,7
T063,FR,fr,Fauda,2026-08-09,864,7
T063,FR,fr,Fauda,2026-07-12,797,7
T063,FR,fr,Fauda,2026-09-06,4175,7
T063,FR,fr,Fauda,2026-08-23,2362,7
T063,FR,fr,Fauda,2026-06-21,727,7
T063,FR,fr,Fauda,2026-07-19,962,7
T063,FR,fr,Fauda,2026-06-28,948,7
T063,FR,fr,Fauda,2026-08-30,2941,7
T063,FR,fr,Fauda,2026-09-13,20822,7
T063,FR,fr,Fauda,2026-06-14,785,7
T063,FR,fr,Fauda,2026-08-16,1832,7
T012,FR,fr,GIGN (mini-série),2026-06-21,0,7
T012,FR,fr,GIGN (mini-série),2026-09-13,5438,7
T012,FR,fr,GIGN (mini-série),2026-09-20,3885,7
T012,FR,fr,GIGN (mini-série),2026-08-02,61987,7
T012,FR,fr,GIGN (mini-série),2026-08-09,35142,7
T012,FR,fr,GIGN (mini-série),2026-06-14,0,7
T012,FR,fr,GIGN (mini-série),2026-07-12,1202,7
T012,FR,fr,GIGN (mini-série),2026-06-07,0,7
T012,FR,fr,GIGN (mini-série),2026-07-26,73032,7
T012,FR,fr,GIGN (mini-série),2026-07-05,812,7
T012,FR,fr,GIGN (mini-série),2026-08-23,14174,7
T012,FR,fr,GIGN (mini-série),2026-07-19,1788,7
T012,FR,fr,GIGN (mini-série),2026-08-30,10413,7
T012,FR,fr,GIGN (mini-série),2026-09-06,7019,7
T012,FR,fr,GIGN (mini-série),2026-08-16,19022,7
T012,FR,fr,GIGN (mini-série),2026-06-28,707,7
T053,FR,fr,Gabby et la Maison magique,2026-08-23,445,7
T053,FR,fr,Gabby et la Maison magique,2026-06-14,426,7
T053,FR,fr,Gabby et la Maison magique,2026-06-07,406,7
T053,FR,fr,Gabby et la Maison magique,2026-06-28,427,7
T053,FR,fr,Gabby et la Maison magique,2026-07-05,354,7
T053,FR,fr,Gabby et la Maison magique,2026-09-13,443,7
T053,FR,fr,Gabby et la Maison magique,2026-09-20,858,7
T053,FR,fr,Gabby et la Maison magique,2026-07-12,390,7
T053,FR,fr,Gabby et la Maison magique,2026-08-30,447,7
T053,FR,fr,Gabby et la Maison magique,2026-09-06,460,7
T053,FR,fr,Gabby et la Maison magique,2026-08-09,428,7
T053,FR,fr,Gabby et la Maison magique,2026-07-26,411,7
T053,FR,fr,Gabby et la Maison magique,2026-08-02,465,7
T053,FR,fr,Gabby et la Maison magique,2026-08-16,416,7
T053,FR,fr,Gabby et la Maison magique,2026-07-19,521,7
T053,FR,fr,Gabby et la Maison magique,2026-06-21,344,7
T254,FR,fr,Gran Turismo (film),2026-09-06,1119,7
T254,FR,fr,Gran Turismo (film),2026-06-28,375,7
T254,FR,fr,Gran Turismo (film),2026-08-30,1307,7
T254,FR,fr,Gran Turismo (film),2026-07-12,374,7
T254,FR,fr,Gran Turismo (film),2026-08-09,1172,7
T254,FR,fr,Gran Turismo (film),2026-08-02,458,7
T254,FR,fr,Gran Turismo (film),2026-07-05,316,7
T254,FR,fr,Gran Turismo (film),2026-08-16,3371,7
T254,FR,fr,Gran Turismo (film),2026-09-13,916,7
T254,FR,fr,Gran Turismo (film),2026-06-07,491,7
T254,FR,fr,Gran Turismo (film),2026-09-20,807,7
T254,FR,fr,Gran Turismo (film),2026-07-26,543,7
T254,FR,fr,Gran Turismo (film),2026-06-21,394,7
T254,FR,fr,Gran Turismo (film),2026-08-23,1702,7
T254,FR,fr,Gran Turismo (film),2026-07-19,433,7
T254,FR,fr,Gran Turismo (film),2026-06-14,476,7
T365,FR,fr,KPop Demon Hunters,2026-06-07,2257,7
T365,FR,fr,KPop Demon Hunters,2026-07-05,2089,7
T365,FR,fr,KPop Demon Hunters,2026-06-21,2272,7
T365,FR,fr,KPop Demon Hunters,2026-07-12,2150,7
T365,FR,fr,KPop Demon Hunters,2026-08-16,1839,7
T365,FR,fr,KPop Demon Hunters,2026-08-23,1753,7
T365,FR,fr,KPop Demon Hunters,2026-09-13,1507,7
T365,FR,fr,KPop Demon Hunters,2026-06-14,2457,7
T365,FR,fr,KPop Demon Hunters,2026-09-06,1591,7
T365,FR,fr,KPop Demon Hunters,2026-07-19,2328,7
T365,FR,fr,KPop Demon Hunters,2026-07-26,2062,7
T365,FR,fr,KPop Demon Hunters,2026-09-20,1333,7
T365,FR,fr,KPop Demon Hunters,2026-06-28,2325,7
T365,FR,fr,KPop Demon Hunters,2026-08-30,1644,7
T365,FR,fr,KPop Demon Hunters,2026-08-09,1714,7
T365,FR,fr,KPop Demon Hunters,2026-08-02,1864,7
T028,FR,fr,L'Attentat du vol Pan Am 103,2026-06-14,0,7
T028,FR,fr,L'Attentat du vol Pan Am 103,2026-06-07,0,7
T028,FR,fr,L'Attentat du vol Pan Am 103,2026-08-30,4874,7
T028,FR,fr,L'Attentat du vol Pan Am 103,2026-06-28,0,7
T028,FR,fr,L'Attentat du vol Pan Am 103,2026-08-23,10161,7
T028,FR,fr,L'Attentat du vol Pan Am 103,2026-07-19,0,7
T028,FR,fr,L'Attentat du vol Pan Am 103,2026-07-12,0,7
T028,FR,fr,L'Attentat du vol Pan Am 103,2026-08-02,0,7
T028,FR,fr,L'Attentat du vol Pan Am 103,2026-07-05,0,7
T028,FR,fr,L'Attentat du vol Pan Am 103,2026-08-16,16320,7
T028,FR,fr,L'Attentat du vol Pan Am 103,2026-07-26,0,7
T028,FR,fr,L'Attentat du vol Pan Am 103,2026-09-06,2907,7
T028,FR,fr,L'Attentat du vol Pan Am 103,2026-09-13,1889,7
T028,FR,fr,L'Attentat du vol Pan Am 103,2026-06-21,0,7
T028,FR,fr,L'Attentat du vol Pan Am 103,2026-09-20,1222,7
T028,FR,fr,L'Attentat du vol Pan Am 103,2026-08-09,19183,7
T011,FR,fr,"La Femme secrète (film, 2026)",2026-08-09,0,7
T011,FR,fr,"La Femme secrète (film, 2026)",2026-06-28,0,7
T011,FR,fr,"La Femme secrète (film, 2026)",2026-09-13,5946,7
T011,FR,fr,"La Femme secrète (film, 2026)",2026-07-19,0,7
T011,FR,fr,"La Femme secrète (film, 2026)",2026-08-23,0,7
T011,FR,fr,"La Femme secrète (film, 2026)",2026-08-02,0,7
T011,FR,fr,"La Femme secrète (film, 2026)",2026-07-26,0,7
T011,FR,fr,"La Femme secrète (film, 2026)",2026-07-05,0,7
T011,FR,fr,"La Femme secrète (film, 2026)",2026-08-16,0,7
T011,FR,fr,"La Femme secrète (film, 2026)",2026-09-20,3647,7
T011,FR,fr,"La Femme secrète (film, 2026)",2026-06-07,0,7
T011,FR,fr,"La Femme secrète (film, 2026)",2026-06-14,0,7
T011,FR,fr,"La Femme secrète (film, 2026)",2026-06-21,0,7
T011,FR,fr,"La Femme secrète (film, 2026)",2026-08-30,0,7
T011,FR,fr,"La Femme secrète (film, 2026)",2026-09-06,1708,7
T011,FR,fr,"La Femme secrète (film, 2026)",2026-07-12,0,7
T277,FR,fr,La Nonne : La Malédiction de Sainte-Lucie,2026-06-07,248,7
T277,FR,fr,La Nonne : La Malédiction de Sainte-Lucie,2026-09-20,3013,7
T277,FR,fr,La Nonne : La Malédiction de Sainte-Lucie,2026-07-26,310,7
T277,FR,fr,La Nonne : La Malédiction de Sainte-Lucie,2026-09-13,1284,7
T277,FR,fr,La Nonne : La Malédiction de Sainte-Lucie,2026-08-16,514,7
T277,FR,fr,La Nonne : La Malédiction de Sainte-Lucie,2026-06-14,254,7
T277,FR,fr,La Nonne : La Malédiction de Sainte-Lucie,2026-06-21,258,7
T277,FR,fr,La Nonne : La Malédiction de Sainte-Lucie,2026-09-06,397,7
T277,FR,fr,La Nonne : La Malédiction de Sainte-Lucie,2026-07-12,338,7
T277,FR,fr,La Nonne : La Malédiction de Sainte-Lucie,2026-07-05,368,7
T277,FR,fr,La Nonne : La Malédiction de Sainte-Lucie,2026-08-09,534,7
T277,FR,fr,La Nonne : La Malédiction de Sainte-Lucie,2026-06-28,342,7
T277,FR,fr,La Nonne : La Malédiction de Sainte-Lucie,2026-08-02,463,7
T277,FR,fr,La Nonne : La Malédiction de Sainte-Lucie,2026-07-19,371,7
T277,FR,fr,La Nonne : La Malédiction de Sainte-Lucie,2026-08-30,474,7
T277,FR,fr,La Nonne : La Malédiction de Sainte-Lucie,2026-08-23,509,7
T109,FR,fr,La Nuit au musée,2026-07-19,1251,7
T109,FR,fr,La Nuit au musée,2026-09-20,626,7
T109,FR,fr,La Nuit au musée,2026-08-02,1270,7
T109,FR,fr,La Nuit au musée,2026-08-30,1079,7
T109,FR,fr,La Nuit au musée,2026-09-06,746,7
T109,FR,fr,La Nuit au musée,2026-09-13,759,7
T109,FR,fr,La Nuit au musée,2026-06-28,1695,7
T109,FR,fr,La Nuit au musée,2026-08-09,1154,7
T109,FR,fr,La Nuit au musée,2026-06-21,531,7
T109,FR,fr,La Nuit au musée,2026-06-07,512,7
T109,FR,fr,La Nuit au musée,2026-06-14,507,7
T109,FR,fr,La Nuit au musée,2026-07-05,2064,7
T109,FR,fr,La Nuit au musée,2026-07-12,1304,7
T109,FR,fr,La Nuit au musée,2026-08-23,1276,7
T109,FR,fr,La Nuit au musée,2026-07-26,1253,7
T109,FR,fr,La Nuit au musée,2026-08-16,1231,7
T023,FR,fr,"La Petite Maison dans la prairie (série télévisée, 2026)",2026-07-12,11205,7
T023,FR,fr,"La Petite Maison dans la prairie (série télévisée, 2026)",2026-07-26,12169,7
T023,FR,fr,"La Petite Maison dans la prairie (série télévisée, 2026)",2026-08-02,8399,7
T023,FR,fr,"La Petite Maison dans la prairie (série télévisée, 2026)",2026-08-30,2200,7
T023,FR,fr,"La Petite Maison dans la prairie (série télévisée, 2026)",2026-07-05,61,7
T023,FR,fr,"La Petite Maison dans la prairie (série télévisée, 2026)",2026-06-21,863,7
T023,FR,fr,"La Petite Maison dans la prairie (série télévisée, 2026)",2026-08-23,2934,7
T023,FR,fr,"La Petite Maison dans la prairie (série télévisée, 2026)",2026-09-20,1131,7
T023,FR,fr,"La Petite Maison dans la prairie (série télévisée, 2026)",2026-08-09,5527,7
T023,FR,fr,"La Petite Maison dans la prairie (série télévisée, 2026)",2026-06-07,502,7
T023,FR,fr,"La Petite Maison dans la prairie (série télévisée, 2026)",2026-06-14,1584,7
T023,FR,fr,"La Petite Maison dans la prairie (série télévisée, 2026)",2026-07-19,28664,7
T023,FR,fr,"La Petite Maison dans la prairie (série télévisée, 2026)",2026-08-16,3803,7
T023,FR,fr,"La Petite Maison dans la prairie (série télévisée, 2026)",2026-09-06,1787,7
T023,FR,fr,"La Petite Maison dans la prairie (série télévisée, 2026)",2026-09-13,1461,7
T023,FR,fr,"La Petite Maison dans la prairie (série télévisée, 2026)",2026-06-28,454,7
T002,FR,fr,"Le Dernier Refuge (film, 2026)",2026-07-12,0,7
T002,FR,fr,"Le Dernier Refuge (film, 2026)",2026-08-23,10669,7
T002,FR,fr,"Le Dernier Refuge (film, 2026)",2026-07-26,1423,7
T002,FR,fr,"Le Dernier Refuge (film, 2026)",2026-07-05,0,7
T002,FR,fr,"Le Dernier Refuge (film, 2026)",2026-06-28,0,7
T002,FR,fr,"Le Dernier Refuge (film, 2026)",2026-06-07,0,7
T002,FR,fr,"Le Dernier Refuge (film, 2026)",2026-08-02,1374,7
T002,FR,fr,"Le Dernier Refuge (film, 2026)",2026-06-14,0,7
T002,FR,fr,"Le Dernier Refuge (film, 2026)",2026-08-30,5427,7
T002,FR,fr,"Le Dernier Refuge (film, 2026)",2026-08-09,20690,7
T002,FR,fr,"Le Dernier Refuge (film, 2026)",2026-09-20,1382,7
T002,FR,fr,"Le Dernier Refuge (film, 2026)",2026-07-19,93,7
T002,FR,fr,"Le Dernier Refuge (film, 2026)",2026-09-06,3387,7
T002,FR,fr,"Le Dernier Refuge (film, 2026)",2026-08-16,21654,7
T002,FR,fr,"Le Dernier Refuge (film, 2026)",2026-09-13,2021,7
T002,FR,fr,"Le Dernier Refuge (film, 2026)",2026-06-21,0,7
T206,FR,fr,Le Lendemain du crime,2026-06-28,34,7
T206,FR,fr,Le Lendemain du crime,2026-08-30,38,7
T206,FR,fr,Le Lendemain du crime,2026-06-21,22,7
T206,FR,fr,Le Lendemain du crime,2026-08-23,40,7
T206,FR,fr,Le Lendemain du crime,2026-09-20,25,7
T206,FR,fr,Le Lendemain du crime,2026-07-19,29,7
T206,FR,fr,Le Lendemain du crime,2026-08-09,31,7
T206,FR,fr,Le Lendemain du crime,2026-08-16,32,7
T206,FR,fr,Le Lendemain du crime,2026-09-06,40,7
T206,FR,fr,Le Lendemain du crime,2026-07-26,40,7
T206,FR,fr,Le Lendemain du crime,2026-08-02,28,7
T206,FR,fr,Le Lendemain du crime,2026-06-07,27,7
T206,FR,fr,Le Lendemain du crime,2026-06-14,29,7
T206,FR,fr,Le Lendemain du crime,2026-09-13,37,7
T206,FR,fr,Le Lendemain du crime,2026-07-05,28,7
T206,FR,fr,Le Lendemain du crime,2026-07-12,22,7
T308,FR,fr,Le Loup et le Lion (film),2026-08-09,883,7
T308,FR,fr,Le Loup et le Lion (film),2026-08-02,158,7
T308,FR,fr,Le Loup et le Lion (film),2026-06-14,45,7
T308,FR,fr,Le Loup et le Lion (film),2026-07-05,2808,7
T308,FR,fr,Le Loup et le Lion (film),2026-07-19,124,7
T308,FR,fr,Le Loup et le Lion (film),2026-07-12,209,7
T308,FR,fr,Le Loup et le Lion (film),2026-09-20,312,7
T308,FR,fr,Le Loup et le Lion (film),2026-08-30,1192,7
T308,FR,fr,Le Loup et le Lion (film),2026-06-28,253,7
T308,FR,fr,Le Loup et le Lion (film),2026-07-26,140,7
T308,FR,fr,Le Loup et le Lion (film),2026-09-13,297,7
T308,FR,fr,Le Loup et le Lion (film),2026-06-07,66,7
T308,FR,fr,Le Loup et le Lion (film),2026-08-23,1340,7
T308,FR,fr,Le Loup et le Lion (film),2026-09-06,445,7
T308,FR,fr,Le Loup et le Lion (film),2026-08-16,1750,7
T308,FR,fr,Le Loup et le Lion (film),2026-06-21,43,7
T039,FR,fr,Le Palais de l'Est,2026-07-26,0,7
T039,FR,fr,Le Palais de l'Est,2026-08-16,0,7
T039,FR,fr,Le Palais de l'Est,2026-09-06,0,7
T039,FR,fr,Le Palais de l'Est,2026-06-07,0,7
T039,FR,fr,Le Palais de l'Est,2026-06-28,0,7
T039,FR,fr,Le Palais de l'Est,2026-08-09,0,7
T039,FR,fr,Le Palais de l'Est,2026-08-23,0,7
T039,FR,fr,Le Palais de l'Est,2026-09-13,145,7
T039,FR,fr,Le Palais de l'Est,2026-07-19,0,7
T039,FR,fr,Le Palais de l'Est,2026-09-20,399,7
T039,FR,fr,Le Palais de l'Est,2026-06-21,0,7
T039,FR,fr,Le Palais de l'Est,2026-06-14,0,7
T039,FR,fr,Le Palais de l'Est,2026-08-02,0,7
T039,FR,fr,Le Palais de l'Est,2026-07-05,0,7
T039,FR,fr,Le Palais de l'Est,2026-07-12,0,7
T039,FR,fr,Le Palais de l'Est,2026-08-30,0,7
T034,FR,fr,Leur vérité,2026-08-02,3054,7
T034,FR,fr,Leur vérité,2026-06-28,0,7
T034,FR,fr,Leur vérité,2026-08-23,870,7
T034,FR,fr,Leur vérité,2026-07-05,0,7
T034,FR,fr,Leur vérité,2026-09-20,298,7
T034,FR,fr,Leur vérité,2026-09-06,460,7
T034,FR,fr,Leur vérité,2026-07-12,0,7
T034,FR,fr,Leur vérité,2026-06-14,0,7
T034,FR,fr,Leur vérité,2026-08-16,1082,7
T034,FR,fr,Leur vérité,2026-07-26,0,7
T034,FR,fr,Leur vérité,2026-06-07,0,7
T034,FR,fr,Leur vérité,2026-06-21,0,7
T034,FR,fr,Leur vérité,2026-09-13,358,7
T034,FR,fr,Leur vérité,2026-08-09,1872,7
T034,FR,fr,Leur vérité,2026-08-30,649,7
T034,FR,fr,Leur vérité,2026-07-19,0,7
T317,FR,fr,Lovesick (série télévisée),2026-08-02,945,7
T317,FR,fr,Lovesick (série télévisée),2026-09-13,348,7
T317,FR,fr,Lovesick (série télévisée),2026-06-28,296,7
T317,FR,fr,Lovesick (série télévisée),2026-06-07,284,7
T317,FR,fr,Lovesick (série télévisée),2026-07-26,950,7
T317,FR,fr,Lovesick (série télévisée),2026-07-12,259,7
T317,FR,fr,Lovesick (série télévisée),2026-09-20,220,7
T317,FR,fr,Lovesick (série télévisée),2026-08-16,482,7
T317,FR,fr,Lovesick (série télévisée),2026-06-14,248,7
T317,FR,fr,Lovesick (série télévisée),2026-06-21,295,7
T317,FR,fr,Lovesick (série télévisée),2026-09-06,623,7
T317,FR,fr,Lovesick (série télévisée),2026-08-09,1044,7
T317,FR,fr,Lovesick (série télévisée),2026-08-23,442,7
T317,FR,fr,Lovesick (série télévisée),2026-07-05,244,7
T317,FR,fr,Lovesick (série télévisée),2026-08-30,400,7
T317,FR,fr,Lovesick (série télévisée),2026-07-19,797,7
T033,FR,fr,Ma brillante carrière (série télévisée),2026-06-14,0,7
T033,FR,fr,Ma brillante carrière (série télévisée),2026-09-06,4845,7
T033,FR,fr,Ma brillante carrière (série télévisée),2026-09-20,2647,7
T033,FR,fr,Ma brillante carrière (série télévisée),2026-08-09,0,7
T033,FR,fr,Ma brillante carrière (série télévisée),2026-07-19,0,7
T033,FR,fr,Ma brillante carrière (série télévisée),2026-08-16,7740,7
T033,FR,fr,Ma brillante carrière (série télévisée),2026-07-12,0,7
T033,FR,fr,Ma brillante carrière (série télévisée),2026-08-23,15668,7
T033,FR,fr,Ma brillante carrière (série télévisée),2026-08-30,8077,7
T033,FR,fr,Ma brillante carrière (série télévisée),2026-06-07,0,7
T033,FR,fr,Ma brillante carrière (série télévisée),2026-07-26,0,7
T033,FR,fr,Ma brillante carrière (série télévisée),2026-06-28,0,7
T033,FR,fr,Ma brillante carrière (série télévisée),2026-08-02,0,7
T033,FR,fr,Ma brillante carrière (série télévisée),2026-06-21,0,7
T033,FR,fr,Ma brillante carrière (série télévisée),2026-07-05,0,7
T033,FR,fr,Ma brillante carrière (série télévisée),2026-09-13,3154,7
T017,FR,fr,Ma vie avec les Walter Boys,2026-06-28,1020,7
T017,FR,fr,Ma vie avec les Walter Boys,2026-09-20,1754,7
T017,FR,fr,Ma vie avec les Walter Boys,2026-08-09,13757,7
T017,FR,fr,Ma vie avec les Walter Boys,2026-06-21,707,7
T017,FR,fr,Ma vie avec les Walter Boys,2026-07-19,1426,7
T017,FR,fr,Ma vie avec les Walter Boys,2026-09-06,3403,7
T017,FR,fr,Ma vie avec les Walter Boys,2026-07-26,1396,7
T017,FR,fr,Ma vie avec les Walter Boys,2026-08-16,14677,7
T017,FR,fr,Ma vie avec les Walter Boys,2026-08-23,8730,7
T017,FR,fr,Ma vie avec les Walter Boys,2026-09-13,2560,7
T017,FR,fr,Ma vie avec les Walter Boys,2026-06-14,827,7
T017,FR,fr,Ma vie avec les Walter Boys,2026-06-07,831,7
T017,FR,fr,Ma vie avec les Walter Boys,2026-07-05,808,7
T017,FR,fr,Ma vie avec les Walter Boys,2026-08-30,5853,7
T017,FR,fr,Ma vie avec les Walter Boys,2026-08-02,1772,7
T017,FR,fr,Ma vie avec les Walter Boys,2026-07-12,839,7
T037,FR,fr,Mal barrée,2026-07-05,0,7
T037,FR,fr,Mal barrée,2026-09-13,7646,7
T037,FR,fr,Mal barrée,2026-09-20,16220,7
T037,FR,fr,Mal barrée,2026-07-12,0,7
T037,FR,fr,Mal barrée,2026-07-19,0,7
T037,FR,fr,Mal barrée,2026-06-28,0,7
T037,FR,fr,Mal barrée,2026-06-21,0,7
T037,FR,fr,Mal barrée,2026-09-06,90,7
T037,FR,fr,Mal barrée,2026-08-30,86,7
T037,FR,fr,Mal barrée,2026-06-14,0,7
T037,FR,fr,Mal barrée,2026-08-16,0,7
T037,FR,fr,Mal barrée,2026-08-09,0,7
T037,FR,fr,Mal barrée,2026-08-23,12,7
T037,FR,fr,Mal barrée,2026-07-26,0,7
T037,FR,fr,Mal barrée,2026-06-07,0,7
T037,FR,fr,Mal barrée,2026-08-02,0,7
T050,FR,fr,Monstre : L'Histoire de Lizzie Borden,2026-09-20,125528,7
T050,FR,fr,Monstre : L'Histoire de Lizzie Borden,2026-06-14,773,7
T050,FR,fr,Monstre : L'Histoire de Lizzie Borden,2026-08-23,3679,7
T050,FR,fr,Monstre : L'Histoire de Lizzie Borden,2026-07-26,717,7
T050,FR,fr,Monstre : L'Histoire de Lizzie Borden,2026-08-09,4880,7
T050,FR,fr,Monstre : L'Histoire de Lizzie Borden,2026-08-16,2116,7
T050,FR,fr,Monstre : L'Histoire de Lizzie Borden,2026-06-28,605,7
T050,FR,fr,Monstre : L'Histoire de Lizzie Borden,2026-08-30,1691,7
T050,FR,fr,Monstre : L'Histoire de Lizzie Borden,2026-07-12,698,7
T050,FR,fr,Monstre : L'Histoire de Lizzie Borden,2026-09-13,3077,7
T050,FR,fr,Monstre : L'Histoire de Lizzie Borden,2026-07-19,699,7
T050,FR,fr,Monstre : L'Histoire de Lizzie Borden,2026-06-07,813,7
T050,FR,fr,Monstre : L'Histoire de Lizzie Borden,2026-07-05,563,7
T050,FR,fr,Monstre : L'Histoire de Lizzie Borden,2026-08-02,765,7
T050,FR,fr,Monstre : L'Histoire de Lizzie Borden,2026-06-21,698,7
T050,FR,fr,Monstre : L'Histoire de Lizzie Borden,2026-09-06,1800,7
T030,FR,fr,Nouvelle vie à Ransom Canyon,2026-08-09,6531,7
T030,FR,fr,Nouvelle vie à Ransom Canyon,2026-07-19,930,7
T030,FR,fr,Nouvelle vie à Ransom Canyon,2026-07-05,476,7
T030,FR,fr,Nouvelle vie à Ransom Canyon,2026-06-28,435,7
T030,FR,fr,Nouvelle vie à Ransom Canyon,2026-07-26,9582,7
T030,FR,fr,Nouvelle vie à Ransom Canyon,2026-06-07,270,7
T030,FR,fr,Nouvelle vie à Ransom Canyon,2026-08-23,2662,7
T030,FR,fr,Nouvelle vie à Ransom Canyon,2026-08-30,2166,7
T030,FR,fr,Nouvelle vie à Ransom Canyon,2026-09-06,1741,7
T030,FR,fr,Nouvelle vie à Ransom Canyon,2026-09-20,890,7
T030,FR,fr,Nouvelle vie à Ransom Canyon,2026-06-21,252,7
T030,FR,fr,Nouvelle vie à Ransom Canyon,2026-08-16,3893,7
T030,FR,fr,Nouvelle vie à Ransom Canyon,2026-08-02,12859,7
T030,FR,fr,Nouvelle vie à Ransom Canyon,2026-06-14,244,7
T030,FR,fr,Nouvelle vie à Ransom Canyon,2026-07-12,501,7
T030,FR,fr,Nouvelle vie à Ransom Canyon,2026-09-13,1404,7
T145,FR,fr,Nouvelle École (émission de téléréalité),2026-06-21,617,7
T145,FR,fr,Nouvelle École (émission de téléréalité),2026-07-12,665,7
T145,FR,fr,Nouvelle École (émission de téléréalité),2026-08-30,8805,7
T145,FR,fr,Nouvelle École (émission de téléréalité),2026-07-05,715,7
T145,FR,fr,Nouvelle École (émission de téléréalité),2026-06-07,747,7
T145,FR,fr,Nouvelle École (émission de téléréalité),2026-06-14,657,7
T145,FR,fr,Nouvelle École (émission de téléréalité),2026-09-06,11673,7
T145,FR,fr,Nouvelle École (émission de téléréalité),2026-09-20,5665,7
T145,FR,fr,Nouvelle École (émission de téléréalité),2026-09-13,12192,7
T145,FR,fr,Nouvelle École (émission de téléréalité),2026-06-28,709,7
T145,FR,fr,Nouvelle École (émission de téléréalité),2026-07-19,637,7
T145,FR,fr,Nouvelle École (émission de téléréalité),2026-08-16,724,7
T145,FR,fr,Nouvelle École (émission de téléréalité),2026-08-02,1120,7
T145,FR,fr,Nouvelle École (émission de téléréalité),2026-08-09,824,7
T145,FR,fr,Nouvelle École (émission de téléréalité),2026-07-26,1254,7
T145,FR,fr,Nouvelle École (émission de téléréalité),2026-08-23,1123,7
T204,FR,fr,On sourit pour la photo,2026-07-19,22,7
T204,FR,fr,On sourit pour la photo,2026-09-13,274,7
T204,FR,fr,On sourit pour la photo,2026-06-14,40,7
T204,FR,fr,On sourit pour la photo,2026-09-06,351,7
T204,FR,fr,On sourit pour la photo,2026-08-30,473,7
T204,FR,fr,On sourit pour la photo,2026-08-09,1690,7
T204,FR,fr,On sourit pour la photo,2026-06-28,47,7
T204,FR,fr,On sourit pour la photo,2026-06-07,41,7
T204,FR,fr,On sourit pour la photo,2026-07-05,38,7
T204,FR,fr,On sourit pour la photo,2026-08-02,82,7
T204,FR,fr,On sourit pour la photo,2026-07-26,54,7
T204,FR,fr,On sourit pour la photo,2026-07-12,24,7
T204,FR,fr,On sourit pour la photo,2026-08-16,1386,7
T204,FR,fr,On sourit pour la photo,2026-09-20,205,7
T204,FR,fr,On sourit pour la photo,2026-06-21,126,7
T204,FR,fr,On sourit pour la photo,2026-08-23,612,7
T014,FR,fr,Our Sticky Love,2026-07-26,0,7
T014,FR,fr,Our Sticky Love,2026-08-02,8,7
T014,FR,fr,Our Sticky Love,2026-08-09,2951,7
T014,FR,fr,Our Sticky Love,2026-06-21,0,7
T014,FR,fr,Our Sticky Love,2026-06-07,0,7
T014,FR,fr,Our Sticky Love,2026-09-13,1190,7
T014,FR,fr,Our Sticky Love,2026-08-23,3409,7
T014,FR,fr,Our Sticky Love,2026-06-28,0,7
T014,FR,fr,Our Sticky Love,2026-07-12,0,7
T014,FR,fr,Our Sticky Love,2026-08-16,6177,7
T014,FR,fr,Our Sticky Love,2026-09-20,799,7
T014,FR,fr,Our Sticky Love,2026-08-30,2231,7
T014,FR,fr,Our Sticky Love,2026-09-06,1306,7
T014,FR,fr,Our Sticky Love,2026-07-19,0,7
T014,FR,fr,Our Sticky Love,2026-07-05,0,7
T014,FR,fr,Our Sticky Love,2026-06-14,0,7
T020,FR,fr,Outer Banks (série télévisée),2026-06-07,1259,7
T020,FR,fr,Outer Banks (série télévisée),2026-07-19,1539,7
T020,FR,fr,Outer Banks (série télévisée),2026-09-06,8184,7
T020,FR,fr,Outer Banks (série télévisée),2026-08-30,14970,7
T020,FR,fr,Outer Banks (série télévisée),2026-06-28,1549,7
T020,FR,fr,Outer Banks (série télévisée),2026-08-16,2873,7
T020,FR,fr,Outer Banks (série télévisée),2026-06-14,1229,7
T020,FR,fr,Outer Banks (série télévisée),2026-07-12,1298,7
T020,FR,fr,Outer Banks (série télévisée),2026-07-26,1601,7
T020,FR,fr,Outer Banks (série télévisée),2026-09-20,3774,7
T020,FR,fr,Outer Banks (série télévisée),2026-08-02,2635,7
T020,FR,fr,Outer Banks (série télévisée),2026-06-21,1697,7
T020,FR,fr,Outer Banks (série télévisée),2026-08-23,15239,7
T020,FR,fr,Outer Banks (série télévisée),2026-08-09,2361,7
T020,FR,fr,Outer Banks (série télévisée),2026-09-13,5461,7
T020,FR,fr,Outer Banks (série télévisée),2026-07-05,1420,7
T176,FR,fr,Paulette (film),2026-07-05,171,7
T176,FR,fr,Paulette (film),2026-09-06,450,7
T176,FR,fr,Paulette (film),2026-07-12,137,7
T176,FR,fr,Paulette (film),2026-08-09,3848,7
T176,FR,fr,Paulette (film),2026-08-23,918,7
T176,FR,fr,Paulette (film),2026-06-14,179,7
T176,FR,fr,Paulette (film),2026-08-30,633,7
T176,FR,fr,Paulette (film),2026-08-02,3547,7
T176,FR,fr,Paulette (film),2026-08-16,1623,7
T176,FR,fr,Paulette (film),2026-06-07,202,7
T176,FR,fr,Paulette (film),2026-07-19,201,7
T176,FR,fr,Paulette (film),2026-07-26,267,7
T176,FR,fr,Paulette (film),2026-09-13,365,7
T176,FR,fr,Paulette (film),2026-06-21,191,7
T176,FR,fr,Paulette (film),2026-06-28,164,7
T176,FR,fr,Paulette (film),2026-09-20,378,7
T351,FR,fr,Présidents,2026-08-09,667,7
T351,FR,fr,Présidents,2026-07-26,1093,7
T351,FR,fr,Présidents,2026-08-23,673,7
T351,FR,fr,Présidents,2026-07-12,5856,7
T351,FR,fr,Présidents,2026-06-28,554,7
T351,FR,fr,Présidents,2026-09-20,395,7
T351,FR,fr,Présidents,2026-09-13,402,7
T351,FR,fr,Présidents,2026-08-02,812,7
T351,FR,fr,Présidents,2026-08-30,590,7
T351,FR,fr,Présidents,2026-07-19,2084,7
T351,FR,fr,Présidents,2026-06-21,168,7
T351,FR,fr,Présidents,2026-08-16,646,7
T351,FR,fr,Présidents,2026-09-06,543,7
T351,FR,fr,Présidents,2026-06-14,107,7
T351,FR,fr,Présidents,2026-06-07,127,7
T351,FR,fr,Présidents,2026-07-05,414,7
T025,FR,fr,Que ça vous serve de leçon !,2026-07-05,8241,7
T025,FR,fr,Que ça vous serve de leçon !,2026-08-16,2931,7
T025,FR,fr,Que ça vous serve de leçon !,2026-09-20,1853,7
T025,FR,fr,Que ça vous serve de leçon !,2026-07-19,6562,7
T025,FR,fr,Que ça vous serve de leçon !,2026-06-21,1637,7
T025,FR,fr,Que ça vous serve de leçon !,2026-07-26,4994,7
T025,FR,fr,Que ça vous serve de leçon !,2026-06-28,10260,7
T025,FR,fr,Que ça vous serve de leçon !,2026-08-02,4364,7
T025,FR,fr,Que ça vous serve de leçon !,2026-08-23,2584,7
T025,FR,fr,Que ça vous serve de leçon !,2026-07-12,6855,7
T025,FR,fr,Que ça vous serve de leçon !,2026-09-06,1935,7
T025,FR,fr,Que ça vous serve de leçon !,2026-09-13,2103,7
T025,FR,fr,Que ça vous serve de leçon !,2026-08-30,2357,7
T025,FR,fr,Que ça vous serve de leçon !,2026-06-14,0,7
T025,FR,fr,Que ça vous serve de leçon !,2026-08-09,3469,7
T025,FR,fr,Que ça vous serve de leçon !,2026-06-07,0,7
T045,FR,fr,SEAL Team,2026-06-21,587,7
T045,FR,fr,SEAL Team,2026-08-02,951,7
T045,FR,fr,SEAL Team,2026-06-07,712,7
T045,FR,fr,SEAL Team,2026-08-30,11140,7
T045,FR,fr,SEAL Team,2026-08-23,11144,7
T045,FR,fr,SEAL Team,2026-06-14,598,7
T045,FR,fr,SEAL Team,2026-09-06,8601,7
T045,FR,fr,SEAL Team,2026-09-13,7236,7
T045,FR,fr,SEAL Team,2026-08-09,1094,7
T045,FR,fr,SEAL Team,2026-08-16,1179,7
T045,FR,fr,SEAL Team,2026-07-19,638,7
T045,FR,fr,SEAL Team,2026-07-12,579,7
T045,FR,fr,SEAL Team,2026-07-26,765,7
T045,FR,fr,SEAL Team,2026-06-28,627,7
T045,FR,fr,SEAL Team,2026-07-05,582,7
T045,FR,fr,SEAL Team,2026-09-20,6488,7
T102,FR,fr,Sa mère ou moi !,2026-08-09,70,7
T102,FR,fr,Sa mère ou moi !,2026-09-20,1151,7
T102,FR,fr,Sa mère ou moi !,2026-09-06,127,7
T102,FR,fr,Sa mère ou moi !,2026-07-19,77,7
T102,FR,fr,Sa mère ou moi !,2026-06-14,132,7
T102,FR,fr,Sa mère ou moi !,2026-09-13,1649,7
T102,FR,fr,Sa mère ou moi !,2026-08-02,81,7
T102,FR,fr,Sa mère ou moi !,2026-07-26,125,7
T102,FR,fr,Sa mère ou moi !,2026-08-23,126,7
T102,FR,fr,Sa mère ou moi !,2026-08-16,73,7
T102,FR,fr,Sa mère ou moi !,2026-08-30,201,7
T102,FR,fr,Sa mère ou moi !,2026-06-21,100,7
T102,FR,fr,Sa mère ou moi !,2026-07-05,91,7
T102,FR,fr,Sa mère ou moi !,2026-07-12,90,7
T102,FR,fr,Sa mère ou moi !,2026-06-28,103,7
T102,FR,fr,Sa mère ou moi !,2026-06-07,92,7
T228,FR,fr,Seven (film),2026-07-19,6589,7
T228,FR,fr,Seven (film),2026-08-02,5505,7
T228,FR,fr,Seven (film),2026-09-13,19355,7
T228,FR,fr,Seven (film),2026-06-21,3133,7
T228,FR,fr,Seven (film),2026-08-23,4301,7
T228,FR,fr,Seven (film),2026-09-20,5164,7
T228,FR,fr,Seven (film),2026-07-26,4981,7
T228,FR,fr,Seven (film),2026-08-09,4689,7
T228,FR,fr,Seven (film),2026-09-06,2897,7
T228,FR,fr,Seven (film),2026-07-05,7337,7
T228,FR,fr,Seven (film),2026-06-14,2181,7
T228,FR,fr,Seven (film),2026-08-16,3914,7
T228,FR,fr,Seven (film),2026-07-12,7511,7
T228,FR,fr,Seven (film),2026-06-07,2703,7
T228,FR,fr,Seven (film),2026-08-30,3885,7
T228,FR,fr,Seven (film),2026-06-28,2439,7
T021,FR,fr,Si tu m'écoutes,2026-08-23,3607,7
T021,FR,fr,Si tu m'écoutes,2026-07-05,0,7
T021,FR,fr,Si tu m'écoutes,2026-09-06,1085,7
T021,FR,fr,Si tu m'écoutes,2026-09-13,755,7
T021,FR,fr,Si tu m'écoutes,2026-06-28,0,7
T021,FR,fr,Si tu m'écoutes,2026-06-07,0,7
T021,FR,fr,Si tu m'écoutes,2026-08-30,2019,7
T021,FR,fr,Si tu m'écoutes,2026-07-26,466,7
T021,FR,fr,Si tu m'écoutes,2026-06-14,0,7
T021,FR,fr,Si tu m'écoutes,2026-06-21,0,7
T021,FR,fr,Si tu m'écoutes,2026-09-20,632,7
T021,FR,fr,Si tu m'écoutes,2026-08-02,2729,7
T021,FR,fr,Si tu m'écoutes,2026-07-19,0,7
T021,FR,fr,Si tu m'écoutes,2026-07-12,0,7
T021,FR,fr,Si tu m'écoutes,2026-08-09,2301,7
T021,FR,fr,Si tu m'écoutes,2026-08-16,1611,7
T036,FR,fr,Spider-Man: Far From Home,2026-09-13,3705,7
T036,FR,fr,Spider-Man: Far From Home,2026-06-14,827,7
T036,FR,fr,Spider-Man: Far From Home,2026-08-09,16069,7
T036,FR,fr,Spider-Man: Far From Home,2026-07-12,1523,7
T036,FR,fr,Spider-Man: Far From Home,2026-07-05,1477,7
T036,FR,fr,Spider-Man: Far From Home,2026-08-30,21946,7
T036,FR,fr,Spider-Man: Far From Home,2026-06-28,1448,7
T036,FR,fr,Spider-Man: Far From Home,2026-09-06,8865,7
T036,FR,fr,Spider-Man: Far From Home,2026-07-26,3948,7
T036,FR,fr,Spider-Man: Far From Home,2026-08-23,14392,7
T036,FR,fr,Spider-Man: Far From Home,2026-06-07,864,7
T036,FR,fr,Spider-Man: Far From Home,2026-08-02,14540,7
T036,FR,fr,Spider-Man: Far From Home,2026-06-21,1165,7
T036,FR,fr,Spider-Man: Far From Home,2026-09-20,2371,7
T036,FR,fr,Spider-Man: Far From Home,2026-07-19,2074,7
T036,FR,fr,Spider-Man: Far From Home,2026-08-16,11956,7
T056,FR,fr,Spider-Man: Homecoming,2026-09-06,7387,7
T056,FR,fr,Spider-Man: Homecoming,2026-08-30,15698,7
T056,FR,fr,Spider-Man: Homecoming,2026-08-16,14315,7
T056,FR,fr,Spider-Man: Homecoming,2026-06-21,1447,7
T056,FR,fr,Spider-Man: Homecoming,2026-08-02,17242,7
T056,FR,fr,Spider-Man: Homecoming,2026-07-12,2015,7
T056,FR,fr,Spider-Man: Homecoming,2026-08-23,28980,7
T056,FR,fr,Spider-Man: Homecoming,2026-07-26,4969,7
T056,FR,fr,Spider-Man: Homecoming,2026-07-05,1878,7
T056,FR,fr,Spider-Man: Homecoming,2026-07-19,2610,7
T056,FR,fr,Spider-Man: Homecoming,2026-08-09,19724,7
T056,FR,fr,Spider-Man: Homecoming,2026-09-20,2798,7
T056,FR,fr,Spider-Man: Homecoming,2026-06-28,1890,7
T056,FR,fr,Spider-Man: Homecoming,2026-06-14,1103,7
T056,FR,fr,Spider-Man: Homecoming,2026-06-07,1104,7
T056,FR,fr,Spider-Man: Homecoming,2026-09-13,4212,7
T009,FR,fr,Sur tes traces,2026-07-19,22680,7
T009,FR,fr,Sur tes traces,2026-09-06,7169,7
T009,FR,fr,Sur tes traces,2026-08-23,11963,7
T009,FR,fr,Sur tes traces,2026-06-28,65240,7
T009,FR,fr,Sur tes traces,2026-07-26,22982,7
T009,FR,fr,Sur tes traces,2026-08-02,18160,7
T009,FR,fr,Sur tes traces,2026-08-30,10319,7
T009,FR,fr,Sur tes traces,2026-06-21,51111,7
T009,FR,fr,Sur tes traces,2026-08-09,15085,7
T009,FR,fr,Sur tes traces,2026-08-16,11315,7
T009,FR,fr,Sur tes traces,2026-07-05,33161,7
T009,FR,fr,Sur tes traces,2026-06-07,862,7
T009,FR,fr,Sur tes traces,2026-09-20,4218,7
T009,FR,fr,Sur tes traces,2026-09-13,5337,7
T009,FR,fr,Sur tes traces,2026-06-14,574,7
T009,FR,fr,Sur tes traces,2026-07-12,22658,7
T103,FR,fr,The Contractor,2026-08-02,292,7
T103,FR,fr,The Contractor,2026-09-13,114,7
T103,FR,fr,The Contractor,2026-08-23,197,7
T103,FR,fr,The Contractor,2026-09-06,124,7
T103,FR,fr,The Contractor,2026-07-19,364,7
T103,FR,fr,The Contractor,2026-07-26,320,7
T103,FR,fr,The Contractor,2026-07-05,1464,7
T103,FR,fr,The Contractor,2026-06-07,21,7
T103,FR,fr,The Contractor,2026-08-30,155,7
T103,FR,fr,The Contractor,2026-09-20,100,7
T103,FR,fr,The Contractor,2026-08-16,212,7
T103,FR,fr,The Contractor,2026-07-12,750,7
T103,FR,fr,The Contractor,2026-08-09,287,7
T103,FR,fr,The Contractor,2026-06-21,96,7
T103,FR,fr,The Contractor,2026-06-14,25,7
T103,FR,fr,The Contractor,2026-06-28,134,7
T026,FR,fr,The Gentlemen (série télévisée),2026-09-20,27127,7
T026,FR,fr,The Gentlemen (série télévisée),2026-07-26,368,7
T026,FR,fr,The Gentlemen (série télévisée),2026-06-28,483,7
T026,FR,fr,The Gentlemen (série télévisée),2026-07-19,425,7
T026,FR,fr,The Gentlemen (série télévisée),2026-07-05,328,7
T026,FR,fr,The Gentlemen (série télévisée),2026-09-06,31946,7
T026,FR,fr,The Gentlemen (série télévisée),2026-08-30,5138,7
T026,FR,fr,The Gentlemen (série télévisée),2026-08-16,1507,7
T026,FR,fr,The Gentlemen (série télévisée),2026-07-12,401,7
T026,FR,fr,The Gentlemen (série télévisée),2026-08-02,942,7
T026,FR,fr,The Gentlemen (série télévisée),2026-06-07,984,7
T026,FR,fr,The Gentlemen (série télévisée),2026-06-21,747,7
T026,FR,fr,The Gentlemen (série télévisée),2026-08-23,2896,7
T026,FR,fr,The Gentlemen (série télévisée),2026-06-14,839,7
T026,FR,fr,The Gentlemen (série télévisée),2026-09-13,43970,7
T026,FR,fr,The Gentlemen (série télévisée),2026-08-09,1561,7
T087,FR,fr,The Polygamist,2026-07-12,4214,7
T087,FR,fr,The Polygamist,2026-08-02,2987,7
T087,FR,fr,The Polygamist,2026-06-07,0,7
T087,FR,fr,The Polygamist,2026-07-26,3414,7
T087,FR,fr,The Polygamist,2026-06-21,4719,7
T087,FR,fr,The Polygamist,2026-08-30,2133,7
T087,FR,fr,The Polygamist,2026-09-20,1004,7
T087,FR,fr,The Polygamist,2026-07-05,5993,7
T087,FR,fr,The Polygamist,2026-08-16,2087,7
T087,FR,fr,The Polygamist,2026-08-23,2045,7
T087,FR,fr,The Polygamist,2026-06-14,0,7
T087,FR,fr,The Polygamist,2026-09-06,1731,7
T087,FR,fr,The Polygamist,2026-09-13,1398,7
T087,FR,fr,The Polygamist,2026-07-19,4866,7
T087,FR,fr,The Polygamist,2026-08-09,2421,7
T087,FR,fr,The Polygamist,2026-06-28,18954,7
T111,FR,fr,The Town,2026-06-28,372,7
T111,FR,fr,The Town,2026-06-21,377,7
T111,FR,fr,The Town,2026-07-05,316,7
T111,FR,fr,The Town,2026-09-06,445,7
T111,FR,fr,The Town,2026-07-26,1011,7
T111,FR,fr,The Town,2026-07-12,508,7
T111,FR,fr,The Town,2026-08-16,758,7
T111,FR,fr,The Town,2026-08-30,612,7
T111,FR,fr,The Town,2026-08-02,771,7
T111,FR,fr,The Town,2026-09-13,458,7
T111,FR,fr,The Town,2026-08-09,929,7
T111,FR,fr,The Town,2026-07-19,2384,7
T111,FR,fr,The Town,2026-06-14,285,7
T111,FR,fr,The Town,2026-08-23,660,7
T111,FR,fr,The Town,2026-09-20,633,7
T111,FR,fr,The Town,2026-06-07,302,7
T003,FR,fr,The Whisper Man,2026-07-26,410,7
T003,FR,fr,The Whisper Man,2026-08-30,26883,7
T003,FR,fr,The Whisper Man,2026-06-07,197,7
T003,FR,fr,The Whisper Man,2026-08-09,549,7
T003,FR,fr,The Whisper Man,2026-06-28,181,7
T003,FR,fr,The Whisper Man,2026-06-14,239,7
T003,FR,fr,The Whisper Man,2026-08-02,586,7
T003,FR,fr,The Whisper Man,2026-08-23,1584,7
T003,FR,fr,The Whisper Man,2026-07-12,219,7
T003,FR,fr,The Whisper Man,2026-07-19,1095,7
T003,FR,fr,The Whisper Man,2026-09-13,14586,7
T003,FR,fr,The Whisper Man,2026-08-16,762,7
T003,FR,fr,The Whisper Man,2026-09-20,9087,7
T003,FR,fr,The Whisper Man,2026-09-06,34154,7
T003,FR,fr,The Whisper Man,2026-07-05,168,7
T003,FR,fr,The Whisper Man,2026-06-21,225,7
T293,FR,fr,The Woman in the Yard,2026-07-05,154,7
T293,FR,fr,The Woman in the Yard,2026-09-06,289,7
T293,FR,fr,The Woman in the Yard,2026-09-20,201,7
T293,FR,fr,The Woman in the Yard,2026-06-14,169,7
T293,FR,fr,The Woman in the Yard,2026-06-21,119,7
T293,FR,fr,The Woman in the Yard,2026-08-09,448,7
T293,FR,fr,The Woman in the Yard,2026-06-28,171,7
T293,FR,fr,The Woman in the Yard,2026-09-13,279,7
T293,FR,fr,The Woman in the Yard,2026-07-12,5355,7
T293,FR,fr,The Woman in the Yard,2026-07-26,1804,7
T293,FR,fr,The Woman in the Yard,2026-06-07,62,7
T293,FR,fr,The Woman in the Yard,2026-08-23,609,7
T293,FR,fr,The Woman in the Yard,2026-08-02,845,7
T293,FR,fr,The Woman in the Yard,2026-08-30,329,7
T293,FR,fr,The Woman in the Yard,2026-08-16,474,7
T293,FR,fr,The Woman in the Yard,2026-07-19,3594,7
T247,FR,fr,Turbulences à 30 000 pieds,2026-07-05,79,7
T247,FR,fr,Turbulences à 30 000 pieds,2026-08-02,80,7
T247,FR,fr,Turbulences à 30 000 pieds,2026-08-23,58,7
T247,FR,fr,Turbulences à 30 000 pieds,2026-06-28,69,7
T247,FR,fr,Turbulences à 30 000 pieds,2026-09-06,48,7
T247,FR,fr,Turbulences à 30 000 pieds,2026-09-13,46,7
T247,FR,fr,Turbulences à 30 000 pieds,2026-08-09,112,7
T247,FR,fr,Turbulences à 30 000 pieds,2026-06-14,78,7
T247,FR,fr,Turbulences à 30 000 pieds,2026-06-21,54,7
T247,FR,fr,Turbulences à 30 000 pieds,2026-06-07,75,7
T247,FR,fr,Turbulences à 30 000 pieds,2026-07-19,55,7
T247,FR,fr,Turbulences à 30 000 pieds,2026-09-20,62,7
T247,FR,fr,Turbulences à 30 000 pieds,2026-07-26,75,7
T247,FR,fr,Turbulences à 30 000 pieds,2026-08-16,73,7
T247,FR,fr,Turbulences à 30 000 pieds,2026-07-12,39,7
T247,FR,fr,Turbulences à 30 000 pieds,2026-08-30,43,7
T059,FR,fr,Une affaire de détails,2026-09-06,205,7
T059,FR,fr,Une affaire de détails,2026-08-02,257,7
T059,FR,fr,Une affaire de détails,2026-08-09,244,7
T059,FR,fr,Une affaire de détails,2026-07-19,196,7
T059,FR,fr,Une affaire de détails,2026-08-30,227,7
T059,FR,fr,Une affaire de détails,2026-06-07,254,7
T059,FR,fr,Une affaire de détails,2026-07-26,188,7
T059,FR,fr,Une affaire de détails,2026-06-14,239,7
T059,FR,fr,Une affaire de détails,2026-09-20,7519,7
T059,FR,fr,Une affaire de détails,2026-09-13,8507,7
T059,FR,fr,Une affaire de détails,2026-06-28,137,7
T059,FR,fr,Une affaire de détails,2026-08-16,269,7
T059,FR,fr,Une affaire de détails,2026-06-21,194,7
T059,FR,fr,Une affaire de détails,2026-08-23,262,7
T059,FR,fr,Une affaire de détails,2026-07-12,180,7
T059,FR,fr,Une affaire de détails,2026-07-05,155,7
T181,FR,fr,Une retraite d'enfer,2026-09-06,167,7
T181,FR,fr,Une retraite d'enfer,2026-08-16,334,7
T181,FR,fr,Une retraite d'enfer,2026-08-30,255,7
T181,FR,fr,Une retraite d'enfer,2026-06-28,35,7
T181,FR,fr,Une retraite d'enfer,2026-07-26,1329,7
T181,FR,fr,Une retraite d'enfer,2026-08-02,805,7
T181,FR,fr,Une retraite d'enfer,2026-09-20,126,7
T181,FR,fr,Une retraite d'enfer,2026-06-07,44,7
T181,FR,fr,Une retraite d'enfer,2026-06-14,37,7
T181,FR,fr,Une retraite d'enfer,2026-08-23,426,7
T181,FR,fr,Une retraite d'enfer,2026-07-05,21,7
T181,FR,fr,Une retraite d'enfer,2026-07-19,2427,7
T181,FR,fr,Une retraite d'enfer,2026-06-21,35,7
T181,FR,fr,Une retraite d'enfer,2026-07-12,39,7
T181,FR,fr,Une retraite d'enfer,2026-08-09,445,7
T181,FR,fr,Une retraite d'enfer,2026-09-13,131,7
T099,FR,fr,"War Machine (film, 2026)",2026-09-13,1114,7
T099,FR,fr,"War Machine (film, 2026)",2026-06-14,1818,7
T099,FR,fr,"War Machine (film, 2026)",2026-07-26,2046,7
T099,FR,fr,"War Machine (film, 2026)",2026-08-23,1766,7
T099,FR,fr,"War Machine (film, 2026)",2026-06-07,1786,7
T099,FR,fr,"War Machine (film, 2026)",2026-07-19,1282,7
T099,FR,fr,"War Machine (film, 2026)",2026-08-09,1570,7
T099,FR,fr,"War Machine (film, 2026)",2026-08-16,1569,7
T099,FR,fr,"War Machine (film, 2026)",2026-06-28,1540,7
T099,FR,fr,"War Machine (film, 2026)",2026-09-20,1162,7
T099,FR,fr,"War Machine (film, 2026)",2026-08-30,1656,7
T099,FR,fr,"War Machine (film, 2026)",2026-08-02,2432,7
T099,FR,fr,"War Machine (film, 2026)",2026-07-12,938,7
T099,FR,fr,"War Machine (film, 2026)",2026-09-06,1313,7
T099,FR,fr,"War Machine (film, 2026)",2026-07-05,1020,7
T099,FR,fr,"War Machine (film, 2026)",2026-06-21,1374,7
T010,IT,it,72 Hours (film 2026),2026-06-21,0,7
T010,IT,it,72 Hours (film 2026),2026-08-23,1473,7
T010,IT,it,72 Hours (film 2026),2026-06-28,0,7
T010,IT,it,72 Hours (film 2026),2026-07-12,0,7
T010,IT,it,72 Hours (film 2026),2026-09-13,588,7
T010,IT,it,72 Hours (film 2026),2026-09-20,399,7
T010,IT,it,72 Hours (film 2026),2026-07-05,0,7
T010,IT,it,72 Hours (film 2026),2026-07-19,0,7
T010,IT,it,72 Hours (film 2026),2026-06-07,0,7
T010,IT,it,72 Hours (film 2026),2026-06-14,0,7
T010,IT,it,72 Hours (film 2026),2026-08-16,1513,7
T010,IT,it,72 Hours (film 2026),2026-09-06,696,7
T010,IT,it,72 Hours (film 2026),2026-08-02,4535,7
T010,IT,it,72 Hours (film 2026),2026-08-09,2252,7
T010,IT,it,72 Hours (film 2026),2026-08-30,1313,7
T010,IT,it,72 Hours (film 2026),2026-07-26,2887,7
T001,IT,it,Agent Kim Reactivated,2026-08-23,617,7
T001,IT,it,Agent Kim Reactivated,2026-06-21,0,7
T001,IT,it,Agent Kim Reactivated,2026-09-06,577,7
T001,IT,it,Agent Kim Reactivated,2026-07-26,0,7
T001,IT,it,Agent Kim Reactivated,2026-09-20,386,7
T001,IT,it,Agent Kim Reactivated,2026-07-19,0,7
T001,IT,it,Agent Kim Reactivated,2026-09-13,484,7
T001,IT,it,Agent Kim Reactivated,2026-08-30,688,7
T001,IT,it,Agent Kim Reactivated,2026-06-14,0,7
T001,IT,it,Agent Kim Reactivated,2026-07-05,0,7
T001,IT,it,Agent Kim Reactivated,2026-08-02,0,7
T001,IT,it,Agent Kim Reactivated,2026-08-16,354,7
T001,IT,it,Agent Kim Reactivated,2026-08-09,113,7
T001,IT,it,Agent Kim Reactivated,2026-06-07,0,7
T001,IT,it,Agent Kim Reactivated,2026-07-12,0,7
T001,IT,it,Agent Kim Reactivated,2026-06-28,0,7
T197,IT,it,Amori & incantesimi,2026-09-13,25006,7
T197,IT,it,Amori & incantesimi,2026-09-06,8789,7
T197,IT,it,Amori & incantesimi,2026-08-16,1150,7
T197,IT,it,Amori & incantesimi,2026-09-20,14892,7
T197,IT,it,Amori & incantesimi,2026-08-02,601,7
T197,IT,it,Amori & incantesimi,2026-07-19,381,7
T197,IT,it,Amori & incantesimi,2026-07-26,432,7
T197,IT,it,Amori & incantesimi,2026-08-30,6960,7
T197,IT,it,Amori & incantesimi,2026-06-14,374,7
T197,IT,it,Amori & incantesimi,2026-08-23,2159,7
T197,IT,it,Amori & incantesimi,2026-07-12,463,7
T197,IT,it,Amori & incantesimi,2026-08-09,830,7
T197,IT,it,Amori & incantesimi,2026-06-07,418,7
T197,IT,it,Amori & incantesimi,2026-06-21,359,7
T197,IT,it,Amori & incantesimi,2026-07-05,767,7
T197,IT,it,Amori & incantesimi,2026-06-28,2034,7
T008,IT,it,Anaconda - Sentiero di sangue,2026-08-30,126,7
T008,IT,it,Anaconda - Sentiero di sangue,2026-09-13,407,7
T008,IT,it,Anaconda - Sentiero di sangue,2026-07-26,25,7
T008,IT,it,Anaconda - Sentiero di sangue,2026-09-20,116,7
T008,IT,it,Anaconda - Sentiero di sangue,2026-06-14,24,7
T008,IT,it,Anaconda - Sentiero di sangue,2026-06-21,19,7
T008,IT,it,Anaconda - Sentiero di sangue,2026-07-05,30,7
T008,IT,it,Anaconda - Sentiero di sangue,2026-09-06,1022,7
T008,IT,it,Anaconda - Sentiero di sangue,2026-07-12,28,7
T008,IT,it,Anaconda - Sentiero di sangue,2026-08-02,30,7
T008,IT,it,Anaconda - Sentiero di sangue,2026-08-16,203,7
T008,IT,it,Anaconda - Sentiero di sangue,2026-08-23,129,7
T008,IT,it,Anaconda - Sentiero di sangue,2026-06-07,25,7
T008,IT,it,Anaconda - Sentiero di sangue,2026-08-09,182,7
T008,IT,it,Anaconda - Sentiero di sangue,2026-07-19,23,7
T008,IT,it,Anaconda - Sentiero di sangue,2026-06-28,34,7
T104,IT,it,Angel Eyes - Occhi d'angelo,2026-06-28,153,7
T104,IT,it,Angel Eyes - Occhi d'angelo,2026-07-12,2148,7
T104,IT,it,Angel Eyes - Occhi d'angelo,2026-07-05,3496,7
T104,IT,it,Angel Eyes - Occhi d'angelo,2026-08-02,413,7
T104,IT,it,Angel Eyes - Occhi d'angelo,2026-06-07,115,7
T104,IT,it,Angel Eyes - Occhi d'angelo,2026-06-14,101,7
T104,IT,it,Angel Eyes - Occhi d'angelo,2026-08-23,408,7
T104,IT,it,Angel Eyes - Occhi d'angelo,2026-08-09,363,7
T104,IT,it,Angel Eyes - Occhi d'angelo,2026-09-06,449,7
T104,IT,it,Angel Eyes - Occhi d'angelo,2026-06-21,155,7
T104,IT,it,Angel Eyes - Occhi d'angelo,2026-07-26,584,7
T104,IT,it,Angel Eyes - Occhi d'angelo,2026-07-19,1163,7
T104,IT,it,Angel Eyes - Occhi d'angelo,2026-08-16,349,7
T104,IT,it,Angel Eyes - Occhi d'angelo,2026-09-13,398,7
T104,IT,it,Angel Eyes - Occhi d'angelo,2026-08-30,364,7
T104,IT,it,Angel Eyes - Occhi d'angelo,2026-09-20,237,7
T091,IT,it,Anora,2026-06-07,915,7
T091,IT,it,Anora,2026-08-30,4477,7
T091,IT,it,Anora,2026-07-12,18372,7
T091,IT,it,Anora,2026-08-02,6486,7
T091,IT,it,Anora,2026-08-23,4292,7
T091,IT,it,Anora,2026-07-26,8412,7
T091,IT,it,Anora,2026-09-20,3505,7
T091,IT,it,Anora,2026-06-14,1077,7
T091,IT,it,Anora,2026-06-21,982,7
T091,IT,it,Anora,2026-07-19,13285,7
T091,IT,it,Anora,2026-09-13,3707,7
T091,IT,it,Anora,2026-07-05,943,7
T091,IT,it,Anora,2026-08-09,5577,7
T091,IT,it,Anora,2026-09-06,4187,7
T091,IT,it,Anora,2026-06-28,1459,7
T091,IT,it,Anora,2026-08-16,5061,7
T024,IT,it,Avatar - La leggenda di Aang (serie televisiva),2026-07-12,5227,7
T024,IT,it,Avatar - La leggenda di Aang (serie televisiva),2026-08-16,1486,7
T024,IT,it,Avatar - La leggenda di Aang (serie televisiva),2026-08-02,2827,7
T024,IT,it,Avatar - La leggenda di Aang (serie televisiva),2026-08-30,1236,7
T024,IT,it,Avatar - La leggenda di Aang (serie televisiva),2026-08-23,1527,7
T024,IT,it,Avatar - La leggenda di Aang (serie televisiva),2026-06-28,8476,7
T024,IT,it,Avatar - La leggenda di Aang (serie televisiva),2026-07-26,3237,7
T024,IT,it,Avatar - La leggenda di Aang (serie televisiva),2026-07-05,8560,7
T024,IT,it,Avatar - La leggenda di Aang (serie televisiva),2026-06-14,522,7
T024,IT,it,Avatar - La leggenda di Aang (serie televisiva),2026-06-21,716,7
T024,IT,it,Avatar - La leggenda di Aang (serie televisiva),2026-09-06,1065,7
T024,IT,it,Avatar - La leggenda di Aang (serie televisiva),2026-09-20,965,7
T024,IT,it,Avatar - La leggenda di Aang (serie televisiva),2026-06-07,586,7
T024,IT,it,Avatar - La leggenda di Aang (serie televisiva),2026-09-13,987,7
T024,IT,it,Avatar - La leggenda di Aang (serie televisiva),2026-08-09,1925,7
T024,IT,it,Avatar - La leggenda di Aang (serie televisiva),2026-07-19,4014,7
T268,IT,it,Blood and Bone,2026-07-05,281,7
T268,IT,it,Blood and Bone,2026-08-09,216,7
T268,IT,it,Blood and Bone,2026-07-19,533,7
T268,IT,it,Blood and Bone,2026-07-26,330,7
T268,IT,it,Blood and Bone,2026-09-13,144,7
T268,IT,it,Blood and Bone,2026-07-12,1138,7
T268,IT,it,Blood and Bone,2026-08-23,261,7
T268,IT,it,Blood and Bone,2026-06-07,105,7
T268,IT,it,Blood and Bone,2026-06-21,123,7
T268,IT,it,Blood and Bone,2026-06-28,93,7
T268,IT,it,Blood and Bone,2026-08-02,287,7
T268,IT,it,Blood and Bone,2026-08-30,266,7
T268,IT,it,Blood and Bone,2026-06-14,130,7
T268,IT,it,Blood and Bone,2026-08-16,225,7
T268,IT,it,Blood and Bone,2026-09-20,131,7
T268,IT,it,Blood and Bone,2026-09-06,162,7
T128,IT,it,Buen camino,2026-06-14,3021,7
T128,IT,it,Buen camino,2026-07-05,2727,7
T128,IT,it,Buen camino,2026-07-12,2378,7
T128,IT,it,Buen camino,2026-09-20,1945,7
T128,IT,it,Buen camino,2026-08-16,4603,7
T128,IT,it,Buen camino,2026-07-19,2555,7
T128,IT,it,Buen camino,2026-07-26,3256,7
T128,IT,it,Buen camino,2026-08-23,4691,7
T128,IT,it,Buen camino,2026-09-13,2739,7
T128,IT,it,Buen camino,2026-09-06,2598,7
T128,IT,it,Buen camino,2026-08-09,3575,7
T128,IT,it,Buen camino,2026-06-07,4264,7
T128,IT,it,Buen camino,2026-08-30,3941,7
T128,IT,it,Buen camino,2026-08-02,3692,7
T128,IT,it,Buen camino,2026-06-21,2882,7
T128,IT,it,Buen camino,2026-06-28,2832,7
T306,IT,it,Corpi da reato,2026-09-13,393,7
T306,IT,it,Corpi da reato,2026-08-02,125,7
T306,IT,it,Corpi da reato,2026-06-07,2045,7
T306,IT,it,Corpi da reato,2026-06-14,501,7
T306,IT,it,Corpi da reato,2026-08-09,141,7
T306,IT,it,Corpi da reato,2026-06-21,209,7
T306,IT,it,Corpi da reato,2026-07-19,151,7
T306,IT,it,Corpi da reato,2026-08-30,1388,7
T306,IT,it,Corpi da reato,2026-08-16,191,7
T306,IT,it,Corpi da reato,2026-07-12,118,7
T306,IT,it,Corpi da reato,2026-07-26,120,7
T306,IT,it,Corpi da reato,2026-09-20,278,7
T306,IT,it,Corpi da reato,2026-09-06,550,7
T306,IT,it,Corpi da reato,2026-06-28,117,7
T306,IT,it,Corpi da reato,2026-07-05,108,7
T306,IT,it,Corpi da reato,2026-08-23,762,7
T037,IT,it,Crew Girl,2026-08-02,0,7
T037,IT,it,Crew Girl,2026-08-30,0,7
T037,IT,it,Crew Girl,2026-06-07,0,7
T037,IT,it,Crew Girl,2026-07-12,0,7
T037,IT,it,Crew Girl,2026-09-06,89,7
T037,IT,it,Crew Girl,2026-09-13,6260,7
T037,IT,it,Crew Girl,2026-06-21,0,7
T037,IT,it,Crew Girl,2026-07-05,0,7
T037,IT,it,Crew Girl,2026-08-09,0,7
T037,IT,it,Crew Girl,2026-07-19,0,7
T037,IT,it,Crew Girl,2026-08-16,0,7
T037,IT,it,Crew Girl,2026-08-23,0,7
T037,IT,it,Crew Girl,2026-06-28,0,7
T037,IT,it,Crew Girl,2026-09-20,8861,7
T037,IT,it,Crew Girl,2026-06-14,0,7
T037,IT,it,Crew Girl,2026-07-26,0,7
T105,IT,it,Edge of Tomorrow - Senza domani,2026-06-07,584,7
T105,IT,it,Edge of Tomorrow - Senza domani,2026-08-02,623,7
T105,IT,it,Edge of Tomorrow - Senza domani,2026-08-23,1632,7
T105,IT,it,Edge of Tomorrow - Senza domani,2026-08-09,1516,7
T105,IT,it,Edge of Tomorrow - Senza domani,2026-06-28,462,7
T105,IT,it,Edge of Tomorrow - Senza domani,2026-09-13,902,7
T105,IT,it,Edge of Tomorrow - Senza domani,2026-09-20,7157,7
T105,IT,it,Edge of Tomorrow - Senza domani,2026-06-21,606,7
T105,IT,it,Edge of Tomorrow - Senza domani,2026-08-30,1167,7
T105,IT,it,Edge of Tomorrow - Senza domani,2026-08-16,3031,7
T105,IT,it,Edge of Tomorrow - Senza domani,2026-07-12,512,7
T105,IT,it,Edge of Tomorrow - Senza domani,2026-09-06,950,7
T105,IT,it,Edge of Tomorrow - Senza domani,2026-07-05,932,7
T105,IT,it,Edge of Tomorrow - Senza domani,2026-07-26,636,7
T105,IT,it,Edge of Tomorrow - Senza domani,2026-06-14,632,7
T105,IT,it,Edge of Tomorrow - Senza domani,2026-07-19,644,7
T005,IT,it,Enola Holmes 3,2026-09-06,607,7
T005,IT,it,Enola Holmes 3,2026-08-02,1639,7
T005,IT,it,Enola Holmes 3,2026-07-12,6289,7
T005,IT,it,Enola Holmes 3,2026-08-30,770,7
T005,IT,it,Enola Holmes 3,2026-07-26,2340,7
T005,IT,it,Enola Holmes 3,2026-09-20,547,7
T005,IT,it,Enola Holmes 3,2026-07-05,2862,7
T005,IT,it,Enola Holmes 3,2026-07-19,3333,7
T005,IT,it,Enola Holmes 3,2026-08-09,1311,7
T005,IT,it,Enola Holmes 3,2026-06-14,0,7
T005,IT,it,Enola Holmes 3,2026-09-13,643,7
T005,IT,it,Enola Holmes 3,2026-06-07,0,7
T005,IT,it,Enola Holmes 3,2026-06-21,0,7
T005,IT,it,Enola Holmes 3,2026-08-16,856,7
T005,IT,it,Enola Holmes 3,2026-06-28,0,7
T005,IT,it,Enola Holmes 3,2026-08-23,1001,7
T063,IT,it,Fauda,2026-07-19,425,7
T063,IT,it,Fauda,2026-07-26,374,7
T063,IT,it,Fauda,2026-07-12,374,7
T063,IT,it,Fauda,2026-08-02,362,7
T063,IT,it,Fauda,2026-06-21,340,7
T063,IT,it,Fauda,2026-08-09,445,7
T063,IT,it,Fauda,2026-08-16,748,7
T063,IT,it,Fauda,2026-06-14,366,7
T063,IT,it,Fauda,2026-09-06,1654,7
T063,IT,it,Fauda,2026-06-07,465,7
T063,IT,it,Fauda,2026-07-05,327,7
T063,IT,it,Fauda,2026-08-23,879,7
T063,IT,it,Fauda,2026-09-13,11984,7
T063,IT,it,Fauda,2026-08-30,1058,7
T063,IT,it,Fauda,2026-06-28,368,7
T063,IT,it,Fauda,2026-09-20,10339,7
T059,IT,it,Fino all'ultimo indizio,2026-09-20,3901,7
T059,IT,it,Fino all'ultimo indizio,2026-08-09,347,7
T059,IT,it,Fino all'ultimo indizio,2026-07-26,138,7
T059,IT,it,Fino all'ultimo indizio,2026-07-12,224,7
T059,IT,it,Fino all'ultimo indizio,2026-08-16,5148,7
T059,IT,it,Fino all'ultimo indizio,2026-07-19,136,7
T059,IT,it,Fino all'ultimo indizio,2026-09-06,188,7
T059,IT,it,Fino all'ultimo indizio,2026-08-30,292,7
T059,IT,it,Fino all'ultimo indizio,2026-06-28,113,7
T059,IT,it,Fino all'ultimo indizio,2026-07-05,106,7
T059,IT,it,Fino all'ultimo indizio,2026-08-02,227,7
T059,IT,it,Fino all'ultimo indizio,2026-09-13,4710,7
T059,IT,it,Fino all'ultimo indizio,2026-06-21,127,7
T059,IT,it,Fino all'ultimo indizio,2026-06-07,169,7
T059,IT,it,Fino all'ultimo indizio,2026-06-14,132,7
T059,IT,it,Fino all'ultimo indizio,2026-08-23,429,7
T195,IT,it,Il bene comune,2026-06-14,696,7
T195,IT,it,Il bene comune,2026-08-02,4934,7
T195,IT,it,Il bene comune,2026-07-26,6554,7
T195,IT,it,Il bene comune,2026-09-13,1679,7
T195,IT,it,Il bene comune,2026-09-06,2085,7
T195,IT,it,Il bene comune,2026-08-16,4058,7
T195,IT,it,Il bene comune,2026-06-28,1330,7
T195,IT,it,Il bene comune,2026-06-07,565,7
T195,IT,it,Il bene comune,2026-07-12,13186,7
T195,IT,it,Il bene comune,2026-08-09,4497,7
T195,IT,it,Il bene comune,2026-07-19,10498,7
T195,IT,it,Il bene comune,2026-08-30,3106,7
T195,IT,it,Il bene comune,2026-06-21,1144,7
T195,IT,it,Il bene comune,2026-07-05,1323,7
T195,IT,it,Il bene comune,2026-08-23,4096,7
T195,IT,it,Il bene comune,2026-09-20,1474,7
T089,IT,it,Kraven - Il cacciatore,2026-07-05,1108,7
T089,IT,it,Kraven - Il cacciatore,2026-08-02,980,7
T089,IT,it,Kraven - Il cacciatore,2026-08-30,1614,7
T089,IT,it,Kraven - Il cacciatore,2026-08-23,1155,7
T089,IT,it,Kraven - Il cacciatore,2026-07-12,722,7
T089,IT,it,Kraven - Il cacciatore,2026-08-09,1224,7
T089,IT,it,Kraven - Il cacciatore,2026-06-28,1091,7
T089,IT,it,Kraven - Il cacciatore,2026-09-20,4561,7
T089,IT,it,Kraven - Il cacciatore,2026-06-14,1913,7
T089,IT,it,Kraven - Il cacciatore,2026-09-06,1554,7
T089,IT,it,Kraven - Il cacciatore,2026-07-26,1708,7
T089,IT,it,Kraven - Il cacciatore,2026-06-07,598,7
T089,IT,it,Kraven - Il cacciatore,2026-07-19,827,7
T089,IT,it,Kraven - Il cacciatore,2026-08-16,1549,7
T089,IT,it,Kraven - Il cacciatore,2026-09-13,4067,7
T089,IT,it,Kraven - Il cacciatore,2026-06-21,6399,7
T196,IT,it,L'amore sta bene su tutto,2026-09-20,1515,7
T196,IT,it,L'amore sta bene su tutto,2026-08-30,15002,7
T196,IT,it,L'amore sta bene su tutto,2026-07-26,546,7
T196,IT,it,L'amore sta bene su tutto,2026-09-13,3698,7
T196,IT,it,L'amore sta bene su tutto,2026-06-07,460,7
T196,IT,it,L'amore sta bene su tutto,2026-06-28,360,7
T196,IT,it,L'amore sta bene su tutto,2026-07-19,337,7
T196,IT,it,L'amore sta bene su tutto,2026-08-02,462,7
T196,IT,it,L'amore sta bene su tutto,2026-09-06,6957,7
T196,IT,it,L'amore sta bene su tutto,2026-06-14,358,7
T196,IT,it,L'amore sta bene su tutto,2026-08-09,441,7
T196,IT,it,L'amore sta bene su tutto,2026-07-12,391,7
T196,IT,it,L'amore sta bene su tutto,2026-08-23,540,7
T196,IT,it,L'amore sta bene su tutto,2026-08-16,523,7
T196,IT,it,L'amore sta bene su tutto,2026-07-05,301,7
T196,IT,it,L'amore sta bene su tutto,2026-06-21,315,7
T003,IT,it,L'uomo dei sussurri,2026-07-26,0,7
T003,IT,it,L'uomo dei sussurri,2026-08-02,0,7
T003,IT,it,L'uomo dei sussurri,2026-08-23,0,7
T003,IT,it,L'uomo dei sussurri,2026-07-05,0,7
T003,IT,it,L'uomo dei sussurri,2026-06-07,0,7
T003,IT,it,L'uomo dei sussurri,2026-09-20,16693,7
T003,IT,it,L'uomo dei sussurri,2026-09-13,25098,7
T003,IT,it,L'uomo dei sussurri,2026-06-14,0,7
T003,IT,it,L'uomo dei sussurri,2026-06-28,0,7
T003,IT,it,L'uomo dei sussurri,2026-07-12,0,7
T003,IT,it,L'uomo dei sussurri,2026-08-09,0,7
T003,IT,it,L'uomo dei sussurri,2026-09-06,60817,7
T003,IT,it,L'uomo dei sussurri,2026-08-30,49840,7
T003,IT,it,L'uomo dei sussurri,2026-06-21,0,7
T003,IT,it,L'uomo dei sussurri,2026-07-19,0,7
T003,IT,it,L'uomo dei sussurri,2026-08-16,0,7
T006,IT,it,La Captura,2026-08-02,0,7
T006,IT,it,La Captura,2026-08-09,0,7
T006,IT,it,La Captura,2026-06-28,0,7
T006,IT,it,La Captura,2026-08-30,11534,7
T006,IT,it,La Captura,2026-06-21,0,7
T006,IT,it,La Captura,2026-08-16,0,7
T006,IT,it,La Captura,2026-07-26,0,7
T006,IT,it,La Captura,2026-06-14,0,7
T006,IT,it,La Captura,2026-08-23,7908,7
T006,IT,it,La Captura,2026-09-20,1029,7
T006,IT,it,La Captura,2026-06-07,0,7
T006,IT,it,La Captura,2026-09-13,1861,7
T006,IT,it,La Captura,2026-09-06,3771,7
T006,IT,it,La Captura,2026-07-19,0,7
T006,IT,it,La Captura,2026-07-12,0,7
T006,IT,it,La Captura,2026-07-05,0,7
T053,IT,it,La casa delle bambole di Gabby,2026-06-14,220,7
T053,IT,it,La casa delle bambole di Gabby,2026-07-05,249,7
T053,IT,it,La casa delle bambole di Gabby,2026-08-09,315,7
T053,IT,it,La casa delle bambole di Gabby,2026-06-21,274,7
T053,IT,it,La casa delle bambole di Gabby,2026-07-26,248,7
T053,IT,it,La casa delle bambole di Gabby,2026-08-30,340,7
T053,IT,it,La casa delle bambole di Gabby,2026-06-07,243,7
T053,IT,it,La casa delle bambole di Gabby,2026-08-16,272,7
T053,IT,it,La casa delle bambole di Gabby,2026-09-20,671,7
T053,IT,it,La casa delle bambole di Gabby,2026-07-12,246,7
T053,IT,it,La casa delle bambole di Gabby,2026-09-13,361,7
T053,IT,it,La casa delle bambole di Gabby,2026-07-19,245,7
T053,IT,it,La casa delle bambole di Gabby,2026-08-02,238,7
T053,IT,it,La casa delle bambole di Gabby,2026-09-06,323,7
T053,IT,it,La casa delle bambole di Gabby,2026-08-23,324,7
T053,IT,it,La casa delle bambole di Gabby,2026-06-28,343,7
T023,IT,it,La casa nella prateria (serie televisiva 2026),2026-08-09,2923,7
T023,IT,it,La casa nella prateria (serie televisiva 2026),2026-07-12,4229,7
T023,IT,it,La casa nella prateria (serie televisiva 2026),2026-08-02,4637,7
T023,IT,it,La casa nella prateria (serie televisiva 2026),2026-09-06,1448,7
T023,IT,it,La casa nella prateria (serie televisiva 2026),2026-08-23,1703,7
T023,IT,it,La casa nella prateria (serie televisiva 2026),2026-09-20,921,7
T023,IT,it,La casa nella prateria (serie televisiva 2026),2026-08-30,1585,7
T023,IT,it,La casa nella prateria (serie televisiva 2026),2026-07-19,14266,7
T023,IT,it,La casa nella prateria (serie televisiva 2026),2026-09-13,1190,7
T023,IT,it,La casa nella prateria (serie televisiva 2026),2026-06-21,0,7
T023,IT,it,La casa nella prateria (serie televisiva 2026),2026-06-28,0,7
T023,IT,it,La casa nella prateria (serie televisiva 2026),2026-06-07,0,7
T023,IT,it,La casa nella prateria (serie televisiva 2026),2026-08-16,2281,7
T023,IT,it,La casa nella prateria (serie televisiva 2026),2026-06-14,0,7
T023,IT,it,La casa nella prateria (serie televisiva 2026),2026-07-26,6924,7
T023,IT,it,La casa nella prateria (serie televisiva 2026),2026-07-05,0,7
T316,IT,it,Lavoreremo da grandi,2026-07-19,3592,7
T316,IT,it,Lavoreremo da grandi,2026-08-02,2974,7
T316,IT,it,Lavoreremo da grandi,2026-08-16,2176,7
T316,IT,it,Lavoreremo da grandi,2026-08-30,2133,7
T316,IT,it,Lavoreremo da grandi,2026-09-13,1106,7
T316,IT,it,Lavoreremo da grandi,2026-07-05,8478,7
T316,IT,it,Lavoreremo da grandi,2026-09-20,1013,7
T316,IT,it,Lavoreremo da grandi,2026-06-07,1143,7
T316,IT,it,Lavoreremo da grandi,2026-09-06,1364,7
T316,IT,it,Lavoreremo da grandi,2026-07-26,3631,7
T316,IT,it,Lavoreremo da grandi,2026-06-14,891,7
T316,IT,it,Lavoreremo da grandi,2026-08-09,2561,7
T316,IT,it,Lavoreremo da grandi,2026-06-28,15140,7
T316,IT,it,Lavoreremo da grandi,2026-07-12,4245,7
T316,IT,it,Lavoreremo da grandi,2026-08-23,2752,7
T316,IT,it,Lavoreremo da grandi,2026-06-21,779,7
T353,IT,it,Lei è troppo per me,2026-08-23,357,7
T353,IT,it,Lei è troppo per me,2026-07-26,88,7
T353,IT,it,Lei è troppo per me,2026-08-30,358,7
T353,IT,it,Lei è troppo per me,2026-09-06,415,7
T353,IT,it,Lei è troppo per me,2026-06-21,97,7
T353,IT,it,Lei è troppo per me,2026-08-16,814,7
T353,IT,it,Lei è troppo per me,2026-06-07,106,7
T353,IT,it,Lei è troppo per me,2026-06-14,73,7
T353,IT,it,Lei è troppo per me,2026-06-28,86,7
T353,IT,it,Lei è troppo per me,2026-08-02,225,7
T353,IT,it,Lei è troppo per me,2026-09-20,268,7
T353,IT,it,Lei è troppo per me,2026-07-12,76,7
T353,IT,it,Lei è troppo per me,2026-07-19,83,7
T353,IT,it,Lei è troppo per me,2026-07-05,76,7
T353,IT,it,Lei è troppo per me,2026-08-09,1361,7
T353,IT,it,Lei è troppo per me,2026-09-13,276,7
T034,IT,it,Los Creyentes - Oltre la verità,2026-06-21,0,7
T034,IT,it,Los Creyentes - Oltre la verità,2026-06-28,0,7
T034,IT,it,Los Creyentes - Oltre la verità,2026-08-09,2128,7
T034,IT,it,Los Creyentes - Oltre la verità,2026-07-05,0,7
T034,IT,it,Los Creyentes - Oltre la verità,2026-09-13,260,7
T034,IT,it,Los Creyentes - Oltre la verità,2026-09-20,293,7
T034,IT,it,Los Creyentes - Oltre la verità,2026-08-30,531,7
T034,IT,it,Los Creyentes - Oltre la verità,2026-08-02,4782,7
T034,IT,it,Los Creyentes - Oltre la verità,2026-07-12,0,7
T034,IT,it,Los Creyentes - Oltre la verità,2026-07-26,2898,7
T034,IT,it,Los Creyentes - Oltre la verità,2026-08-23,719,7
T034,IT,it,Los Creyentes - Oltre la verità,2026-09-06,324,7
T034,IT,it,Los Creyentes - Oltre la verità,2026-07-19,0,7
T034,IT,it,Los Creyentes - Oltre la verità,2026-06-14,0,7
T034,IT,it,Los Creyentes - Oltre la verità,2026-08-16,947,7
T034,IT,it,Los Creyentes - Oltre la verità,2026-06-07,0,7
T021,IT,it,Messaggi per Isabelle,2026-07-19,3142,7
T021,IT,it,Messaggi per Isabelle,2026-08-23,1503,7
T021,IT,it,Messaggi per Isabelle,2026-08-16,1300,7
T021,IT,it,Messaggi per Isabelle,2026-06-14,0,7
T021,IT,it,Messaggi per Isabelle,2026-08-02,1950,7
T021,IT,it,Messaggi per Isabelle,2026-09-20,708,7
T021,IT,it,Messaggi per Isabelle,2026-09-13,1027,7
T021,IT,it,Messaggi per Isabelle,2026-08-30,1309,7
T021,IT,it,Messaggi per Isabelle,2026-07-12,4911,7
T021,IT,it,Messaggi per Isabelle,2026-09-06,1099,7
T021,IT,it,Messaggi per Isabelle,2026-08-09,1369,7
T021,IT,it,Messaggi per Isabelle,2026-06-07,0,7
T021,IT,it,Messaggi per Isabelle,2026-06-21,7143,7
T021,IT,it,Messaggi per Isabelle,2026-07-05,10514,7
T021,IT,it,Messaggi per Isabelle,2026-06-28,19174,7
T021,IT,it,Messaggi per Isabelle,2026-07-26,2268,7
T014,IT,it,Our Sticky Love,2026-06-07,0,7
T014,IT,it,Our Sticky Love,2026-08-09,0,7
T014,IT,it,Our Sticky Love,2026-09-13,0,7
T014,IT,it,Our Sticky Love,2026-07-05,0,7
T014,IT,it,Our Sticky Love,2026-06-21,0,7
T014,IT,it,Our Sticky Love,2026-08-30,0,7
T014,IT,it,Our Sticky Love,2026-07-12,0,7
T014,IT,it,Our Sticky Love,2026-08-02,0,7
T014,IT,it,Our Sticky Love,2026-09-20,257,7
T014,IT,it,Our Sticky Love,2026-06-14,0,7
T014,IT,it,Our Sticky Love,2026-09-06,0,7
T014,IT,it,Our Sticky Love,2026-07-19,0,7
T014,IT,it,Our Sticky Love,2026-08-16,0,7
T014,IT,it,Our Sticky Love,2026-08-23,0,7
T014,IT,it,Our Sticky Love,2026-07-26,0,7
T014,IT,it,Our Sticky Love,2026-06-28,0,7
T020,IT,it,Outer Banks (serie televisiva),2026-06-28,1667,7
T020,IT,it,Outer Banks (serie televisiva),2026-07-26,1350,7
T020,IT,it,Outer Banks (serie televisiva),2026-07-19,1235,7
T020,IT,it,Outer Banks (serie televisiva),2026-09-13,5862,7
T020,IT,it,Outer Banks (serie televisiva),2026-08-02,2153,7
T020,IT,it,Outer Banks (serie televisiva),2026-07-12,1403,7
T020,IT,it,Outer Banks (serie televisiva),2026-06-21,1954,7
T020,IT,it,Outer Banks (serie televisiva),2026-08-16,2723,7
T020,IT,it,Outer Banks (serie televisiva),2026-08-23,17389,7
T020,IT,it,Outer Banks (serie televisiva),2026-09-06,9182,7
T020,IT,it,Outer Banks (serie televisiva),2026-06-14,1144,7
T020,IT,it,Outer Banks (serie televisiva),2026-06-07,1274,7
T020,IT,it,Outer Banks (serie televisiva),2026-09-20,3587,7
T020,IT,it,Outer Banks (serie televisiva),2026-07-05,1248,7
T020,IT,it,Outer Banks (serie televisiva),2026-08-30,16620,7
T020,IT,it,Outer Banks (serie televisiva),2026-08-09,2283,7
T084,IT,it,Physical Italia: da 100 a 1,2026-08-23,0,7
T084,IT,it,Physical Italia: da 100 a 1,2026-09-20,34101,7
T084,IT,it,Physical Italia: da 100 a 1,2026-06-14,0,7
T084,IT,it,Physical Italia: da 100 a 1,2026-09-06,0,7
T084,IT,it,Physical Italia: da 100 a 1,2026-06-21,0,7
T084,IT,it,Physical Italia: da 100 a 1,2026-09-13,4583,7
T084,IT,it,Physical Italia: da 100 a 1,2026-07-12,0,7
T084,IT,it,Physical Italia: da 100 a 1,2026-08-30,0,7
T084,IT,it,Physical Italia: da 100 a 1,2026-06-28,0,7
T084,IT,it,Physical Italia: da 100 a 1,2026-06-07,0,7
T084,IT,it,Physical Italia: da 100 a 1,2026-07-19,0,7
T084,IT,it,Physical Italia: da 100 a 1,2026-08-09,0,7
T084,IT,it,Physical Italia: da 100 a 1,2026-08-16,0,7
T084,IT,it,Physical Italia: da 100 a 1,2026-07-26,0,7
T084,IT,it,Physical Italia: da 100 a 1,2026-07-05,0,7
T084,IT,it,Physical Italia: da 100 a 1,2026-08-02,0,7
T274,IT,it,Qualcuno come te,2026-06-14,68,7
T274,IT,it,Qualcuno come te,2026-06-28,67,7
T274,IT,it,Qualcuno come te,2026-08-30,86,7
T274,IT,it,Qualcuno come te,2026-07-12,89,7
T274,IT,it,Qualcuno come te,2026-08-16,127,7
T274,IT,it,Qualcuno come te,2026-08-23,101,7
T274,IT,it,Qualcuno come te,2026-09-20,146,7
T274,IT,it,Qualcuno come te,2026-07-19,92,7
T274,IT,it,Qualcuno come te,2026-09-06,73,7
T274,IT,it,Qualcuno come te,2026-08-09,126,7
T274,IT,it,Qualcuno come te,2026-08-02,212,7
T274,IT,it,Qualcuno come te,2026-07-05,60,7
T274,IT,it,Qualcuno come te,2026-09-13,59,7
T274,IT,it,Qualcuno come te,2026-06-21,61,7
T274,IT,it,Qualcuno come te,2026-06-07,52,7
T274,IT,it,Qualcuno come te,2026-07-26,255,7
T102,IT,it,Quel mostro di suocera,2026-09-06,861,7
T102,IT,it,Quel mostro di suocera,2026-09-20,856,7
T102,IT,it,Quel mostro di suocera,2026-06-21,249,7
T102,IT,it,Quel mostro di suocera,2026-08-30,268,7
T102,IT,it,Quel mostro di suocera,2026-06-07,144,7
T102,IT,it,Quel mostro di suocera,2026-07-26,182,7
T102,IT,it,Quel mostro di suocera,2026-08-02,201,7
T102,IT,it,Quel mostro di suocera,2026-08-23,232,7
T102,IT,it,Quel mostro di suocera,2026-06-28,169,7
T102,IT,it,Quel mostro di suocera,2026-07-12,275,7
T102,IT,it,Quel mostro di suocera,2026-08-09,202,7
T102,IT,it,Quel mostro di suocera,2026-06-14,170,7
T102,IT,it,Quel mostro di suocera,2026-08-16,222,7
T102,IT,it,Quel mostro di suocera,2026-07-19,180,7
T102,IT,it,Quel mostro di suocera,2026-09-13,913,7
T102,IT,it,Quel mostro di suocera,2026-07-05,145,7
T287,IT,it,Race for Glory: Audi vs. Lancia,2026-09-20,2860,7
T287,IT,it,Race for Glory: Audi vs. Lancia,2026-09-13,382,7
T287,IT,it,Race for Glory: Audi vs. Lancia,2026-08-30,281,7
T287,IT,it,Race for Glory: Audi vs. Lancia,2026-06-21,211,7
T287,IT,it,Race for Glory: Audi vs. Lancia,2026-08-09,204,7
T287,IT,it,Race for Glory: Audi vs. Lancia,2026-06-28,198,7
T287,IT,it,Race for Glory: Audi vs. Lancia,2026-07-26,311,7
T287,IT,it,Race for Glory: Audi vs. Lancia,2026-06-07,252,7
T287,IT,it,Race for Glory: Audi vs. Lancia,2026-09-06,441,7
T287,IT,it,Race for Glory: Audi vs. Lancia,2026-06-14,179,7
T287,IT,it,Race for Glory: Audi vs. Lancia,2026-08-23,444,7
T287,IT,it,Race for Glory: Audi vs. Lancia,2026-07-12,183,7
T287,IT,it,Race for Glory: Audi vs. Lancia,2026-07-19,258,7
T287,IT,it,Race for Glory: Audi vs. Lancia,2026-08-16,214,7
T287,IT,it,Race for Glory: Audi vs. Lancia,2026-07-05,161,7
T287,IT,it,Race for Glory: Audi vs. Lancia,2026-08-02,253,7
T030,IT,it,Ransom Canyon (serie televisiva),2026-07-12,455,7
T030,IT,it,Ransom Canyon (serie televisiva),2026-08-02,9303,7
T030,IT,it,Ransom Canyon (serie televisiva),2026-08-09,4760,7
T030,IT,it,Ransom Canyon (serie televisiva),2026-07-26,8539,7
T030,IT,it,Ransom Canyon (serie televisiva),2026-06-28,633,7
T030,IT,it,Ransom Canyon (serie televisiva),2026-06-07,290,7
T030,IT,it,Ransom Canyon (serie televisiva),2026-09-06,1529,7
T030,IT,it,Ransom Canyon (serie televisiva),2026-08-30,1820,7
T030,IT,it,Ransom Canyon (serie televisiva),2026-09-13,1280,7
T030,IT,it,Ransom Canyon (serie televisiva),2026-08-23,2157,7
T030,IT,it,Ransom Canyon (serie televisiva),2026-06-21,184,7
T030,IT,it,Ransom Canyon (serie televisiva),2026-09-20,833,7
T030,IT,it,Ransom Canyon (serie televisiva),2026-08-16,2568,7
T030,IT,it,Ransom Canyon (serie televisiva),2026-07-05,502,7
T030,IT,it,Ransom Canyon (serie televisiva),2026-06-14,238,7
T030,IT,it,Ransom Canyon (serie televisiva),2026-07-19,656,7
T264,IT,it,Ricomincio da taaac,2026-09-06,252,7
T264,IT,it,Ricomincio da taaac,2026-07-26,532,7
T264,IT,it,Ricomincio da taaac,2026-08-30,325,7
T264,IT,it,Ricomincio da taaac,2026-09-13,190,7
T264,IT,it,Ricomincio da taaac,2026-09-20,219,7
T264,IT,it,Ricomincio da taaac,2026-06-21,180,7
T264,IT,it,Ricomincio da taaac,2026-06-14,376,7
T264,IT,it,Ricomincio da taaac,2026-08-09,2722,7
T264,IT,it,Ricomincio da taaac,2026-08-02,1165,7
T264,IT,it,Ricomincio da taaac,2026-06-07,151,7
T264,IT,it,Ricomincio da taaac,2026-07-12,336,7
T264,IT,it,Ricomincio da taaac,2026-07-19,488,7
T264,IT,it,Ricomincio da taaac,2026-06-28,177,7
T264,IT,it,Ricomincio da taaac,2026-08-16,632,7
T264,IT,it,Ricomincio da taaac,2026-07-05,215,7
T264,IT,it,Ricomincio da taaac,2026-08-23,351,7
T045,IT,it,SEAL Team (serie televisiva),2026-06-07,3123,7
T045,IT,it,SEAL Team (serie televisiva),2026-07-12,1172,7
T045,IT,it,SEAL Team (serie televisiva),2026-07-19,1114,7
T045,IT,it,SEAL Team (serie televisiva),2026-09-20,4737,7
T045,IT,it,SEAL Team (serie televisiva),2026-09-06,5549,7
T045,IT,it,SEAL Team (serie televisiva),2026-08-30,6830,7
T045,IT,it,SEAL Team (serie televisiva),2026-06-14,1687,7
T045,IT,it,SEAL Team (serie televisiva),2026-08-02,1154,7
T045,IT,it,SEAL Team (serie televisiva),2026-07-05,1138,7
T045,IT,it,SEAL Team (serie televisiva),2026-08-09,1438,7
T045,IT,it,SEAL Team (serie televisiva),2026-09-13,5457,7
T045,IT,it,SEAL Team (serie televisiva),2026-06-28,1222,7
T045,IT,it,SEAL Team (serie televisiva),2026-06-21,1332,7
T045,IT,it,SEAL Team (serie televisiva),2026-08-16,1580,7
T045,IT,it,SEAL Team (serie televisiva),2026-07-26,1024,7
T045,IT,it,SEAL Team (serie televisiva),2026-08-23,6875,7
T065,IT,it,Sonic 3 - Il film,2026-06-14,310,7
T065,IT,it,Sonic 3 - Il film,2026-08-30,509,7
T065,IT,it,Sonic 3 - Il film,2026-06-28,316,7
T065,IT,it,Sonic 3 - Il film,2026-09-06,451,7
T065,IT,it,Sonic 3 - Il film,2026-08-23,516,7
T065,IT,it,Sonic 3 - Il film,2026-07-12,1135,7
T065,IT,it,Sonic 3 - Il film,2026-07-19,707,7
T065,IT,it,Sonic 3 - Il film,2026-07-26,637,7
T065,IT,it,Sonic 3 - Il film,2026-06-07,325,7
T065,IT,it,Sonic 3 - Il film,2026-08-16,468,7
T065,IT,it,Sonic 3 - Il film,2026-09-13,431,7
T065,IT,it,Sonic 3 - Il film,2026-06-21,343,7
T065,IT,it,Sonic 3 - Il film,2026-07-05,1526,7
T065,IT,it,Sonic 3 - Il film,2026-08-09,607,7
T065,IT,it,Sonic 3 - Il film,2026-08-02,665,7
T065,IT,it,Sonic 3 - Il film,2026-09-20,349,7
T036,IT,it,Spider-Man: Far from Home,2026-06-14,615,7
T036,IT,it,Spider-Man: Far from Home,2026-07-12,1314,7
T036,IT,it,Spider-Man: Far from Home,2026-09-20,1311,7
T036,IT,it,Spider-Man: Far from Home,2026-09-13,1942,7
T036,IT,it,Spider-Man: Far from Home,2026-07-26,4342,7
T036,IT,it,Spider-Man: Far from Home,2026-07-19,1742,7
T036,IT,it,Spider-Man: Far from Home,2026-09-06,2564,7
T036,IT,it,Spider-Man: Far from Home,2026-06-07,749,7
T036,IT,it,Spider-Man: Far from Home,2026-08-16,9707,7
T036,IT,it,Spider-Man: Far from Home,2026-08-30,4526,7
T036,IT,it,Spider-Man: Far from Home,2026-07-05,1258,7
T036,IT,it,Spider-Man: Far from Home,2026-06-21,1090,7
T036,IT,it,Spider-Man: Far from Home,2026-08-02,15838,7
T036,IT,it,Spider-Man: Far from Home,2026-06-28,1310,7
T036,IT,it,Spider-Man: Far from Home,2026-08-09,16842,7
T036,IT,it,Spider-Man: Far from Home,2026-08-23,6801,7
T348,IT,it,Storia della mia famiglia,2026-06-14,15420,7
T348,IT,it,Storia della mia famiglia,2026-06-28,11804,7
T348,IT,it,Storia della mia famiglia,2026-08-30,1893,7
T348,IT,it,Storia della mia famiglia,2026-09-13,1909,7
T348,IT,it,Storia della mia famiglia,2026-06-07,1681,7
T348,IT,it,Storia della mia famiglia,2026-09-20,1565,7
T348,IT,it,Storia della mia famiglia,2026-07-12,6660,7
T348,IT,it,Storia della mia famiglia,2026-08-02,2987,7
T348,IT,it,Storia della mia famiglia,2026-07-19,5587,7
T348,IT,it,Storia della mia famiglia,2026-08-23,2075,7
T348,IT,it,Storia della mia famiglia,2026-08-16,1772,7
T348,IT,it,Storia della mia famiglia,2026-06-21,19862,7
T348,IT,it,Storia della mia famiglia,2026-09-06,1693,7
T348,IT,it,Storia della mia famiglia,2026-07-26,3893,7
T348,IT,it,Storia della mia famiglia,2026-08-09,2474,7
T348,IT,it,Storia della mia famiglia,2026-07-05,8970,7
T082,IT,it,Sullivan's Crossing,2026-06-21,1095,7
T082,IT,it,Sullivan's Crossing,2026-06-14,1261,7
T082,IT,it,Sullivan's Crossing,2026-06-07,468,7
T082,IT,it,Sullivan's Crossing,2026-06-28,1220,7
T082,IT,it,Sullivan's Crossing,2026-07-12,5149,7
T082,IT,it,Sullivan's Crossing,2026-08-23,1334,7
T082,IT,it,Sullivan's Crossing,2026-08-16,1357,7
T082,IT,it,Sullivan's Crossing,2026-08-02,1965,7
T082,IT,it,Sullivan's Crossing,2026-07-26,2400,7
T082,IT,it,Sullivan's Crossing,2026-09-13,1020,7
T082,IT,it,Sullivan's Crossing,2026-09-20,921,7
T082,IT,it,Sullivan's Crossing,2026-08-09,1634,7
T082,IT,it,Sullivan's Crossing,2026-07-19,3717,7
T082,IT,it,Sullivan's Crossing,2026-07-05,5874,7
T082,IT,it,Sullivan's Crossing,2026-09-06,1040,7
T082,IT,it,Sullivan's Crossing,2026-08-30,1312,7
T211,IT,it,The Cleaning Lady,2026-09-06,4215,7
T211,IT,it,The Cleaning Lady,2026-08-16,1626,7
T211,IT,it,The Cleaning Lady,2026-06-07,2467,7
T211,IT,it,The Cleaning Lady,2026-06-14,2009,7
T211,IT,it,The Cleaning Lady,2026-07-19,1270,7
T211,IT,it,The Cleaning Lady,2026-08-09,1630,7
T211,IT,it,The Cleaning Lady,2026-09-13,5088,7
T211,IT,it,The Cleaning Lady,2026-08-23,2127,7
T211,IT,it,The Cleaning Lady,2026-08-02,1217,7
T211,IT,it,The Cleaning Lady,2026-07-26,1179,7
T211,IT,it,The Cleaning Lady,2026-08-30,2371,7
T211,IT,it,The Cleaning Lady,2026-07-12,1275,7
T211,IT,it,The Cleaning Lady,2026-06-28,1518,7
T211,IT,it,The Cleaning Lady,2026-06-21,1629,7
T211,IT,it,The Cleaning Lady,2026-07-05,1604,7
T211,IT,it,The Cleaning Lady,2026-09-20,3551,7
T103,IT,it,The Contractor - Rischio supremo,2026-08-02,168,7
T103,IT,it,The Contractor - Rischio supremo,2026-09-06,83,7
T103,IT,it,The Contractor - Rischio supremo,2026-08-30,105,7
T103,IT,it,The Contractor - Rischio supremo,2026-09-13,50,7
T103,IT,it,The Contractor - Rischio supremo,2026-06-07,50,7
T103,IT,it,The Contractor - Rischio supremo,2026-07-26,175,7
T103,IT,it,The Contractor - Rischio supremo,2026-08-09,137,7
T103,IT,it,The Contractor - Rischio supremo,2026-07-12,416,7
T103,IT,it,The Contractor - Rischio supremo,2026-07-19,143,7
T103,IT,it,The Contractor - Rischio supremo,2026-06-21,57,7
T103,IT,it,The Contractor - Rischio supremo,2026-06-28,48,7
T103,IT,it,The Contractor - Rischio supremo,2026-06-14,42,7
T103,IT,it,The Contractor - Rischio supremo,2026-08-16,133,7
T103,IT,it,The Contractor - Rischio supremo,2026-08-23,163,7
T103,IT,it,The Contractor - Rischio supremo,2026-09-20,65,7
T103,IT,it,The Contractor - Rischio supremo,2026-07-05,840,7
T015,IT,it,The Debt Collector (film 2018),2026-07-26,0,7
T015,IT,it,The Debt Collector (film 2018),2026-08-09,0,7
T015,IT,it,The Debt Collector (film 2018),2026-08-23,0,7
T015,IT,it,The Debt Collector (film 2018),2026-08-30,32,7
T015,IT,it,The Debt Collector (film 2018),2026-06-07,0,7
T015,IT,it,The Debt Collector (film 2018),2026-07-05,0,7
T015,IT,it,The Debt Collector (film 2018),2026-08-02,0,7
T015,IT,it,The Debt Collector (film 2018),2026-06-28,0,7
T015,IT,it,The Debt Collector (film 2018),2026-06-14,0,7
T015,IT,it,The Debt Collector (film 2018),2026-06-21,0,7
T015,IT,it,The Debt Collector (film 2018),2026-09-20,19,7
T015,IT,it,The Debt Collector (film 2018),2026-09-06,30,7
T015,IT,it,The Debt Collector (film 2018),2026-09-13,26,7
T015,IT,it,The Debt Collector (film 2018),2026-07-19,0,7
T015,IT,it,The Debt Collector (film 2018),2026-08-16,0,7
T015,IT,it,The Debt Collector (film 2018),2026-07-12,0,7
T039,IT,it,The East Palace,2026-08-16,0,7
T039,IT,it,The East Palace,2026-08-02,0,7
T039,IT,it,The East Palace,2026-06-28,0,7
T039,IT,it,The East Palace,2026-08-30,0,7
T039,IT,it,The East Palace,2026-07-05,0,7
T039,IT,it,The East Palace,2026-07-26,0,7
T039,IT,it,The East Palace,2026-06-14,0,7
T039,IT,it,The East Palace,2026-06-07,0,7
T039,IT,it,The East Palace,2026-09-06,0,7
T039,IT,it,The East Palace,2026-09-13,205,7
T039,IT,it,The East Palace,2026-09-20,364,7
T039,IT,it,The East Palace,2026-07-19,0,7
T039,IT,it,The East Palace,2026-08-23,0,7
T039,IT,it,The East Palace,2026-06-21,0,7
T039,IT,it,The East Palace,2026-07-12,0,7
T039,IT,it,The East Palace,2026-08-09,0,7
T026,IT,it,The Gentlemen (serie televisiva),2026-06-07,950,7
T026,IT,it,The Gentlemen (serie televisiva),2026-08-02,1184,7
T026,IT,it,The Gentlemen (serie televisiva),2026-06-21,871,7
T026,IT,it,The Gentlemen (serie televisiva),2026-07-19,1440,7
T026,IT,it,The Gentlemen (serie televisiva),2026-07-05,662,7
T026,IT,it,The Gentlemen (serie televisiva),2026-09-06,46436,7
T026,IT,it,The Gentlemen (serie televisiva),2026-06-28,840,7
T026,IT,it,The Gentlemen (serie televisiva),2026-07-12,1815,7
T026,IT,it,The Gentlemen (serie televisiva),2026-08-09,1147,7
T026,IT,it,The Gentlemen (serie televisiva),2026-07-26,1261,7
T026,IT,it,The Gentlemen (serie televisiva),2026-09-20,42785,7
T026,IT,it,The Gentlemen (serie televisiva),2026-08-16,1214,7
T026,IT,it,The Gentlemen (serie televisiva),2026-06-14,841,7
T026,IT,it,The Gentlemen (serie televisiva),2026-08-23,3049,7
T026,IT,it,The Gentlemen (serie televisiva),2026-08-30,8316,7
T026,IT,it,The Gentlemen (serie televisiva),2026-09-13,72593,7
T002,IT,it,The Last House,2026-06-21,0,7
T002,IT,it,The Last House,2026-08-23,12794,7
T002,IT,it,The Last House,2026-07-26,0,7
T002,IT,it,The Last House,2026-09-20,3661,7
T002,IT,it,The Last House,2026-06-14,0,7
T002,IT,it,The Last House,2026-08-30,13225,7
T002,IT,it,The Last House,2026-06-07,0,7
T002,IT,it,The Last House,2026-09-13,5981,7
T002,IT,it,The Last House,2026-08-02,0,7
T002,IT,it,The Last House,2026-07-19,0,7
T002,IT,it,The Last House,2026-07-12,0,7
T002,IT,it,The Last House,2026-06-28,0,7
T002,IT,it,The Last House,2026-07-05,0,7
T002,IT,it,The Last House,2026-09-06,7624,7
T002,IT,it,The Last House,2026-08-09,18008,7
T002,IT,it,The Last House,2026-08-16,24616,7
T088,IT,it,The Sixth Sense - Il sesto senso,2026-07-05,1146,7
T088,IT,it,The Sixth Sense - Il sesto senso,2026-06-14,1247,7
T088,IT,it,The Sixth Sense - Il sesto senso,2026-07-26,1262,7
T088,IT,it,The Sixth Sense - Il sesto senso,2026-07-19,977,7
T088,IT,it,The Sixth Sense - Il sesto senso,2026-09-13,15604,7
T088,IT,it,The Sixth Sense - Il sesto senso,2026-06-28,1323,7
T088,IT,it,The Sixth Sense - Il sesto senso,2026-08-23,1727,7
T088,IT,it,The Sixth Sense - Il sesto senso,2026-09-06,8369,7
T088,IT,it,The Sixth Sense - Il sesto senso,2026-07-12,1338,7
T088,IT,it,The Sixth Sense - Il sesto senso,2026-08-30,2151,7
T088,IT,it,The Sixth Sense - Il sesto senso,2026-06-07,1319,7
T088,IT,it,The Sixth Sense - Il sesto senso,2026-08-09,1717,7
T088,IT,it,The Sixth Sense - Il sesto senso,2026-06-21,1149,7
T088,IT,it,The Sixth Sense - Il sesto senso,2026-08-16,1740,7
T088,IT,it,The Sixth Sense - Il sesto senso,2026-09-20,6400,7
T088,IT,it,The Sixth Sense - Il sesto senso,2026-08-02,1602,7
T111,IT,it,The Town (film 2010),2026-08-16,1029,7
T111,IT,it,The Town (film 2010),2026-06-21,8518,7
T111,IT,it,The Town (film 2010),2026-08-02,1380,7
T111,IT,it,The Town (film 2010),2026-07-26,1187,7
T111,IT,it,The Town (film 2010),2026-09-13,2125,7
T111,IT,it,The Town (film 2010),2026-07-12,739,7
T111,IT,it,The Town (film 2010),2026-08-09,1006,7
T111,IT,it,The Town (film 2010),2026-08-23,1101,7
T111,IT,it,The Town (film 2010),2026-09-20,1226,7
T111,IT,it,The Town (film 2010),2026-06-14,413,7
T111,IT,it,The Town (film 2010),2026-09-06,791,7
T111,IT,it,The Town (film 2010),2026-06-28,608,7
T111,IT,it,The Town (film 2010),2026-08-30,1044,7
T111,IT,it,The Town (film 2010),2026-06-07,477,7
T111,IT,it,The Town (film 2010),2026-07-05,496,7
T111,IT,it,The Town (film 2010),2026-07-19,2606,7
T370,IT,it,Tutto può succedere - Something's Gotta Give,2026-09-06,847,7
T370,IT,it,Tutto può succedere - Something's Gotta Give,2026-07-26,323,7
T370,IT,it,Tutto può succedere - Something's Gotta Give,2026-07-05,282,7
T370,IT,it,Tutto può succedere - Something's Gotta Give,2026-07-12,236,7
T370,IT,it,Tutto può succedere - Something's Gotta Give,2026-08-09,2467,7
T370,IT,it,Tutto può succedere - Something's Gotta Give,2026-06-07,348,7
T370,IT,it,Tutto può succedere - Something's Gotta Give,2026-06-21,306,7
T370,IT,it,Tutto può succedere - Something's Gotta Give,2026-06-28,239,7
T370,IT,it,Tutto può succedere - Something's Gotta Give,2026-09-13,689,7
T370,IT,it,Tutto può succedere - Something's Gotta Give,2026-08-02,324,7
T370,IT,it,Tutto può succedere - Something's Gotta Give,2026-08-16,3398,7
T370,IT,it,Tutto può succedere - Something's Gotta Give,2026-08-23,1357,7
T370,IT,it,Tutto può succedere - Something's Gotta Give,2026-09-20,686,7
T370,IT,it,Tutto può succedere - Something's Gotta Give,2026-08-30,1088,7
T370,IT,it,Tutto può succedere - Something's Gotta Give,2026-06-14,327,7
T370,IT,it,Tutto può succedere - Something's Gotta Give,2026-07-19,290,7
T109,IT,it,Una notte al museo,2026-07-26,1652,7
T109,IT,it,Una notte al museo,2026-09-06,1351,7
T109,IT,it,Una notte al museo,2026-09-20,1191,7
T109,IT,it,Una notte al museo,2026-07-12,2177,7
T109,IT,it,Una notte al museo,2026-08-02,1712,7
T109,IT,it,Una notte al museo,2026-06-07,829,7
T109,IT,it,Una notte al museo,2026-08-30,1626,7
T109,IT,it,Una notte al museo,2026-06-28,2822,7
T109,IT,it,Una notte al museo,2026-06-21,999,7
T109,IT,it,Una notte al museo,2026-06-14,777,7
T109,IT,it,Una notte al museo,2026-08-23,1713,7
T109,IT,it,Una notte al museo,2026-08-16,1607,7
T109,IT,it,Una notte al museo,2026-07-05,3284,7
T109,IT,it,Una notte al museo,2026-09-13,1318,7
T109,IT,it,Una notte al museo,2026-08-09,1497,7
T109,IT,it,Una notte al museo,2026-07-19,1866,7
T071,IT,it,Una ragazza e il suo sogno,2026-08-16,1611,7
T071,IT,it,Una ragazza e il suo sogno,2026-07-19,156,7
T071,IT,it,Una ragazza e il suo sogno,2026-06-07,149,7
T071,IT,it,Una ragazza e il suo sogno,2026-08-02,202,7
T071,IT,it,Una ragazza e il suo sogno,2026-09-13,3136,7
T071,IT,it,Una ragazza e il suo sogno,2026-09-06,497,7
T071,IT,it,Una ragazza e il suo sogno,2026-07-26,168,7
T071,IT,it,Una ragazza e il suo sogno,2026-09-20,354,7
T071,IT,it,Una ragazza e il suo sogno,2026-08-23,1184,7
T071,IT,it,Una ragazza e il suo sogno,2026-07-12,230,7
T071,IT,it,Una ragazza e il suo sogno,2026-08-09,170,7
T071,IT,it,Una ragazza e il suo sogno,2026-06-21,170,7
T071,IT,it,Una ragazza e il suo sogno,2026-06-14,117,7
T071,IT,it,Una ragazza e il suo sogno,2026-07-05,155,7
T071,IT,it,Una ragazza e il suo sogno,2026-08-30,482,7
T071,IT,it,Una ragazza e il suo sogno,2026-06-28,235,7
T017,IT,it,Uno splendido errore,2026-08-23,7983,7
T017,IT,it,Uno splendido errore,2026-09-06,4455,7
T017,IT,it,Uno splendido errore,2026-07-12,901,7
T017,IT,it,Uno splendido errore,2026-06-07,963,7
T017,IT,it,Uno splendido errore,2026-08-02,1514,7
T017,IT,it,Uno splendido errore,2026-06-14,924,7
T017,IT,it,Uno splendido errore,2026-08-09,13403,7
T017,IT,it,Uno splendido errore,2026-07-05,907,7
T017,IT,it,Uno splendido errore,2026-08-16,11707,7
T017,IT,it,Uno splendido errore,2026-08-30,6262,7
T017,IT,it,Uno splendido errore,2026-06-21,811,7
T017,IT,it,Uno splendido errore,2026-09-20,2066,7
T017,IT,it,Uno splendido errore,2026-09-13,2943,7
T017,IT,it,Uno splendido errore,2026-06-28,1071,7
T017,IT,it,Uno splendido errore,2026-07-19,1455,7
T017,IT,it,Uno splendido errore,2026-07-26,1292,7
T223,IT,it,Venom: The Last Dance,2026-08-09,2328,7
T223,IT,it,Venom: The Last Dance,2026-07-19,2186,7
T223,IT,it,Venom: The Last Dance,2026-07-05,1143,7
T223,IT,it,Venom: The Last Dance,2026-08-02,1968,7
T223,IT,it,Venom: The Last Dance,2026-09-06,1041,7
T223,IT,it,Venom: The Last Dance,2026-09-20,794,7
T223,IT,it,Venom: The Last Dance,2026-06-14,508,7
T223,IT,it,Venom: The Last Dance,2026-07-12,623,7
T223,IT,it,Venom: The Last Dance,2026-07-26,2369,7
T223,IT,it,Venom: The Last Dance,2026-08-16,2250,7
T223,IT,it,Venom: The Last Dance,2026-06-21,1259,7
T223,IT,it,Venom: The Last Dance,2026-08-23,2238,7
T223,IT,it,Venom: The Last Dance,2026-08-30,1654,7
T223,IT,it,Venom: The Last Dance,2026-09-13,856,7
T223,IT,it,Venom: The Last Dance,2026-06-28,719,7
T223,IT,it,Venom: The Last Dance,2026-06-07,617,7
T255,IT,it,Viaggio nell'isola misteriosa,2026-06-07,206,7
T255,IT,it,Viaggio nell'isola misteriosa,2026-08-30,695,7
T255,IT,it,Viaggio nell'isola misteriosa,2026-08-09,563,7
T255,IT,it,Viaggio nell'isola misteriosa,2026-08-02,699,7
T255,IT,it,Viaggio nell'isola misteriosa,2026-07-19,1733,7
T255,IT,it,Viaggio nell'isola misteriosa,2026-06-28,177,7
T255,IT,it,Viaggio nell'isola misteriosa,2026-06-21,168,7
T255,IT,it,Viaggio nell'isola misteriosa,2026-06-14,170,7
T255,IT,it,Viaggio nell'isola misteriosa,2026-07-12,651,7
T255,IT,it,Viaggio nell'isola misteriosa,2026-09-20,653,7
T255,IT,it,Viaggio nell'isola misteriosa,2026-09-06,621,7
T255,IT,it,Viaggio nell'isola misteriosa,2026-08-16,623,7
T255,IT,it,Viaggio nell'isola misteriosa,2026-07-26,861,7
T255,IT,it,Viaggio nell'isola misteriosa,2026-08-23,1491,7
T255,IT,it,Viaggio nell'isola misteriosa,2026-07-05,179,7
T255,IT,it,Viaggio nell'isola misteriosa,2026-09-13,5029,7
T273,JP,ja,1秒先の彼,2026-08-09,5,7
T273,JP,ja,1秒先の彼,2026-07-12,6,7
T273,JP,ja,1秒先の彼,2026-08-23,11,7
T273,JP,ja,1秒先の彼,2026-08-30,3,7
T273,JP,ja,1秒先の彼,2026-06-21,8,7
T273,JP,ja,1秒先の彼,2026-08-16,9,7
T273,JP,ja,1秒先の彼,2026-07-26,6,7
T273,JP,ja,1秒先の彼,2026-07-19,2,7
T273,JP,ja,1秒先の彼,2026-06-14,20,7
T273,JP,ja,1秒先の彼,2026-07-05,11,7
T273,JP,ja,1秒先の彼,2026-09-20,8,7
T273,JP,ja,1秒先の彼,2026-09-06,6,7
T273,JP,ja,1秒先の彼,2026-09-13,15,7
T273,JP,ja,1秒先の彼,2026-06-28,8,7
T273,JP,ja,1秒先の彼,2026-06-07,25,7
T273,JP,ja,1秒先の彼,2026-08-02,9,7
T360,JP,ja,2012 (映画),2026-08-02,933,7
T360,JP,ja,2012 (映画),2026-09-06,2195,7
T360,JP,ja,2012 (映画),2026-09-13,1174,7
T360,JP,ja,2012 (映画),2026-08-09,696,7
T360,JP,ja,2012 (映画),2026-06-14,742,7
T360,JP,ja,2012 (映画),2026-06-28,927,7
T360,JP,ja,2012 (映画),2026-07-19,1003,7
T360,JP,ja,2012 (映画),2026-06-21,862,7
T360,JP,ja,2012 (映画),2026-09-20,1069,7
T360,JP,ja,2012 (映画),2026-07-26,849,7
T360,JP,ja,2012 (映画),2026-08-23,745,7
T360,JP,ja,2012 (映画),2026-08-30,1751,7
T360,JP,ja,2012 (映画),2026-07-05,877,7
T360,JP,ja,2012 (映画),2026-07-12,674,7
T360,JP,ja,2012 (映画),2026-06-07,814,7
T360,JP,ja,2012 (映画),2026-08-16,782,7
T114,JP,ja,Tシャツが乾くまで,2026-06-28,5654,7
T114,JP,ja,Tシャツが乾くまで,2026-07-12,87717,7
T114,JP,ja,Tシャツが乾くまで,2026-09-06,83602,7
T114,JP,ja,Tシャツが乾くまで,2026-08-30,73810,7
T114,JP,ja,Tシャツが乾くまで,2026-07-26,55957,7
T114,JP,ja,Tシャツが乾くまで,2026-09-13,96577,7
T114,JP,ja,Tシャツが乾くまで,2026-06-07,2921,7
T114,JP,ja,Tシャツが乾くまで,2026-08-02,53260,7
T114,JP,ja,Tシャツが乾くまで,2026-08-16,59321,7
T114,JP,ja,Tシャツが乾くまで,2026-08-23,56275,7
T114,JP,ja,Tシャツが乾くまで,2026-08-09,54421,7
T114,JP,ja,Tシャツが乾くまで,2026-06-14,5559,7
T114,JP,ja,Tシャツが乾くまで,2026-06-21,5553,7
T114,JP,ja,Tシャツが乾くまで,2026-07-05,12629,7
T114,JP,ja,Tシャツが乾くまで,2026-09-20,46870,7
T114,JP,ja,Tシャツが乾くまで,2026-07-19,87073,7
T115,JP,ja,VIVANT,2026-09-13,177719,7
T115,JP,ja,VIVANT,2026-08-16,273916,7
T115,JP,ja,VIVANT,2026-06-21,79657,7
T115,JP,ja,VIVANT,2026-08-23,219065,7
T115,JP,ja,VIVANT,2026-08-02,383172,7
T115,JP,ja,VIVANT,2026-06-07,24370,7
T115,JP,ja,VIVANT,2026-07-26,336146,7
T115,JP,ja,VIVANT,2026-07-12,108085,7
T115,JP,ja,VIVANT,2026-07-19,116909,7
T115,JP,ja,VIVANT,2026-07-05,104988,7
T115,JP,ja,VIVANT,2026-09-06,180198,7
T115,JP,ja,VIVANT,2026-08-30,191726,7
T115,JP,ja,VIVANT,2026-06-28,77540,7
T115,JP,ja,VIVANT,2026-08-09,288791,7
T115,JP,ja,VIVANT,2026-09-20,144113,7
T115,JP,ja,VIVANT,2026-06-14,29566,7
T108,JP,ja,アナコンダ3,2026-08-30,190,7
T108,JP,ja,アナコンダ3,2026-09-20,354,7
T108,JP,ja,アナコンダ3,2026-08-09,176,7
T108,JP,ja,アナコンダ3,2026-07-19,99,7
T108,JP,ja,アナコンダ3,2026-09-13,983,7
T108,JP,ja,アナコンダ3,2026-07-26,108,7
T108,JP,ja,アナコンダ3,2026-08-16,152,7
T108,JP,ja,アナコンダ3,2026-07-05,94,7
T108,JP,ja,アナコンダ3,2026-06-28,79,7
T108,JP,ja,アナコンダ3,2026-06-07,137,7
T108,JP,ja,アナコンダ3,2026-07-12,92,7
T108,JP,ja,アナコンダ3,2026-08-23,138,7
T108,JP,ja,アナコンダ3,2026-06-21,109,7
T108,JP,ja,アナコンダ3,2026-09-06,661,7
T108,JP,ja,アナコンダ3,2026-08-02,120,7
T108,JP,ja,アナコンダ3,2026-06-14,147,7
T008,JP,ja,アナコンダ4,2026-09-06,1280,7
T008,JP,ja,アナコンダ4,2026-07-12,80,7
T008,JP,ja,アナコンダ4,2026-06-14,114,7
T008,JP,ja,アナコンダ4,2026-07-26,77,7
T008,JP,ja,アナコンダ4,2026-07-05,73,7
T008,JP,ja,アナコンダ4,2026-08-16,138,7
T008,JP,ja,アナコンダ4,2026-08-09,82,7
T008,JP,ja,アナコンダ4,2026-06-21,82,7
T008,JP,ja,アナコンダ4,2026-09-20,288,7
T008,JP,ja,アナコンダ4,2026-08-23,135,7
T008,JP,ja,アナコンダ4,2026-08-02,100,7
T008,JP,ja,アナコンダ4,2026-09-13,796,7
T008,JP,ja,アナコンダ4,2026-06-07,96,7
T008,JP,ja,アナコンダ4,2026-06-28,73,7
T008,JP,ja,アナコンダ4,2026-07-19,71,7
T008,JP,ja,アナコンダ4,2026-08-30,189,7
T110,JP,ja,イントゥ・ザ・ブルー,2026-08-23,238,7
T110,JP,ja,イントゥ・ザ・ブルー,2026-06-14,197,7
T110,JP,ja,イントゥ・ザ・ブルー,2026-07-12,842,7
T110,JP,ja,イントゥ・ザ・ブルー,2026-07-05,1276,7
T110,JP,ja,イントゥ・ザ・ブルー,2026-08-30,279,7
T110,JP,ja,イントゥ・ザ・ブルー,2026-07-19,367,7
T110,JP,ja,イントゥ・ザ・ブルー,2026-08-02,383,7
T110,JP,ja,イントゥ・ザ・ブルー,2026-09-13,303,7
T110,JP,ja,イントゥ・ザ・ブルー,2026-09-06,311,7
T110,JP,ja,イントゥ・ザ・ブルー,2026-06-21,142,7
T110,JP,ja,イントゥ・ザ・ブルー,2026-06-28,115,7
T110,JP,ja,イントゥ・ザ・ブルー,2026-07-26,380,7
T110,JP,ja,イントゥ・ザ・ブルー,2026-08-09,464,7
T110,JP,ja,イントゥ・ザ・ブルー,2026-08-16,467,7
T110,JP,ja,イントゥ・ザ・ブルー,2026-06-07,186,7
T110,JP,ja,イントゥ・ザ・ブルー,2026-09-20,268,7
T005,JP,ja,エノーラ・ホームズの事件簿3,2026-08-23,197,7
T005,JP,ja,エノーラ・ホームズの事件簿3,2026-07-12,0,7
T005,JP,ja,エノーラ・ホームズの事件簿3,2026-08-02,295,7
T005,JP,ja,エノーラ・ホームズの事件簿3,2026-08-30,202,7
T005,JP,ja,エノーラ・ホームズの事件簿3,2026-07-19,0,7
T005,JP,ja,エノーラ・ホームズの事件簿3,2026-06-28,0,7
T005,JP,ja,エノーラ・ホームズの事件簿3,2026-06-14,0,7
T005,JP,ja,エノーラ・ホームズの事件簿3,2026-08-09,241,7
T005,JP,ja,エノーラ・ホームズの事件簿3,2026-09-06,189,7
T005,JP,ja,エノーラ・ホームズの事件簿3,2026-09-13,167,7
T005,JP,ja,エノーラ・ホームズの事件簿3,2026-06-07,0,7
T005,JP,ja,エノーラ・ホームズの事件簿3,2026-07-26,22,7
T005,JP,ja,エノーラ・ホームズの事件簿3,2026-08-16,250,7
T005,JP,ja,エノーラ・ホームズの事件簿3,2026-06-21,0,7
T005,JP,ja,エノーラ・ホームズの事件簿3,2026-07-05,0,7
T005,JP,ja,エノーラ・ホームズの事件簿3,2026-09-20,209,7
T076,JP,ja,ガス人間,2026-07-19,3265,7
T076,JP,ja,ガス人間,2026-09-20,19270,7
T076,JP,ja,ガス人間,2026-08-23,12068,7
T076,JP,ja,ガス人間,2026-08-16,826,7
T076,JP,ja,ガス人間,2026-07-26,1641,7
T076,JP,ja,ガス人間,2026-06-28,162,7
T076,JP,ja,ガス人間,2026-08-30,20750,7
T076,JP,ja,ガス人間,2026-07-12,6472,7
T076,JP,ja,ガス人間,2026-08-09,727,7
T076,JP,ja,ガス人間,2026-09-13,25346,7
T076,JP,ja,ガス人間,2026-07-05,3717,7
T076,JP,ja,ガス人間,2026-09-06,23368,7
T076,JP,ja,ガス人間,2026-06-07,102,7
T076,JP,ja,ガス人間,2026-08-02,922,7
T076,JP,ja,ガス人間,2026-06-21,186,7
T076,JP,ja,ガス人間,2026-06-14,243,7
T202,JP,ja,キングダム 運命の炎,2026-08-09,6315,7
T202,JP,ja,キングダム 運命の炎,2026-07-26,16238,7
T202,JP,ja,キングダム 運命の炎,2026-06-07,3550,7
T202,JP,ja,キングダム 運命の炎,2026-07-12,12343,7
T202,JP,ja,キングダム 運命の炎,2026-07-19,28802,7
T202,JP,ja,キングダム 運命の炎,2026-09-20,1518,7
T202,JP,ja,キングダム 運命の炎,2026-06-28,2746,7
T202,JP,ja,キングダム 運命の炎,2026-08-02,8307,7
T202,JP,ja,キングダム 運命の炎,2026-08-16,7775,7
T202,JP,ja,キングダム 運命の炎,2026-09-06,2189,7
T202,JP,ja,キングダム 運命の炎,2026-08-30,2889,7
T202,JP,ja,キングダム 運命の炎,2026-06-14,2285,7
T202,JP,ja,キングダム 運命の炎,2026-07-05,3917,7
T202,JP,ja,キングダム 運命の炎,2026-06-21,2513,7
T202,JP,ja,キングダム 運命の炎,2026-08-23,3693,7
T202,JP,ja,キングダム 運命の炎,2026-09-13,1773,7
T366,JP,ja,キングダム/見えざる敵,2026-08-09,110,7
T366,JP,ja,キングダム/見えざる敵,2026-08-16,137,7
T366,JP,ja,キングダム/見えざる敵,2026-08-23,144,7
T366,JP,ja,キングダム/見えざる敵,2026-07-19,209,7
T366,JP,ja,キングダム/見えざる敵,2026-09-20,102,7
T366,JP,ja,キングダム/見えざる敵,2026-08-30,143,7
T366,JP,ja,キングダム/見えざる敵,2026-06-14,107,7
T366,JP,ja,キングダム/見えざる敵,2026-09-13,136,7
T366,JP,ja,キングダム/見えざる敵,2026-06-21,99,7
T366,JP,ja,キングダム/見えざる敵,2026-07-12,184,7
T366,JP,ja,キングダム/見えざる敵,2026-07-26,172,7
T366,JP,ja,キングダム/見えざる敵,2026-06-28,75,7
T366,JP,ja,キングダム/見えざる敵,2026-07-05,129,7
T366,JP,ja,キングダム/見えざる敵,2026-09-06,179,7
T366,JP,ja,キングダム/見えざる敵,2026-06-07,112,7
T366,JP,ja,キングダム/見えざる敵,2026-08-02,132,7
T089,JP,ja,クレイヴン・ザ・ハンター (映画),2026-08-09,1674,7
T089,JP,ja,クレイヴン・ザ・ハンター (映画),2026-07-05,646,7
T089,JP,ja,クレイヴン・ザ・ハンター (映画),2026-08-02,1784,7
T089,JP,ja,クレイヴン・ザ・ハンター (映画),2026-08-23,1626,7
T089,JP,ja,クレイヴン・ザ・ハンター (映画),2026-09-13,627,7
T089,JP,ja,クレイヴン・ザ・ハンター (映画),2026-07-26,3707,7
T089,JP,ja,クレイヴン・ザ・ハンター (映画),2026-06-14,814,7
T089,JP,ja,クレイヴン・ザ・ハンター (映画),2026-08-30,963,7
T089,JP,ja,クレイヴン・ザ・ハンター (映画),2026-06-21,637,7
T089,JP,ja,クレイヴン・ザ・ハンター (映画),2026-08-16,2823,7
T089,JP,ja,クレイヴン・ザ・ハンター (映画),2026-09-20,585,7
T089,JP,ja,クレイヴン・ザ・ハンター (映画),2026-09-06,723,7
T089,JP,ja,クレイヴン・ザ・ハンター (映画),2026-06-28,597,7
T089,JP,ja,クレイヴン・ザ・ハンター (映画),2026-07-12,1174,7
T089,JP,ja,クレイヴン・ザ・ハンター (映画),2026-06-07,957,7
T089,JP,ja,クレイヴン・ザ・ハンター (映画),2026-07-19,1930,7
T324,JP,ja,サイレント・ナイト (2021年の映画),2026-06-21,78,7
T324,JP,ja,サイレント・ナイト (2021年の映画),2026-07-19,77,7
T324,JP,ja,サイレント・ナイト (2021年の映画),2026-08-23,97,7
T324,JP,ja,サイレント・ナイト (2021年の映画),2026-07-26,59,7
T324,JP,ja,サイレント・ナイト (2021年の映画),2026-08-09,77,7
T324,JP,ja,サイレント・ナイト (2021年の映画),2026-08-16,96,7
T324,JP,ja,サイレント・ナイト (2021年の映画),2026-09-20,65,7
T324,JP,ja,サイレント・ナイト (2021年の映画),2026-06-28,83,7
T324,JP,ja,サイレント・ナイト (2021年の映画),2026-06-07,70,7
T324,JP,ja,サイレント・ナイト (2021年の映画),2026-07-05,61,7
T324,JP,ja,サイレント・ナイト (2021年の映画),2026-06-14,88,7
T324,JP,ja,サイレント・ナイト (2021年の映画),2026-09-13,56,7
T324,JP,ja,サイレント・ナイト (2021年の映画),2026-07-12,49,7
T324,JP,ja,サイレント・ナイト (2021年の映画),2026-08-02,51,7
T324,JP,ja,サイレント・ナイト (2021年の映画),2026-08-30,100,7
T324,JP,ja,サイレント・ナイト (2021年の映画),2026-09-06,69,7
T088,JP,ja,シックス・センス,2026-07-19,1517,7
T088,JP,ja,シックス・センス,2026-06-07,2219,7
T088,JP,ja,シックス・センス,2026-09-06,4645,7
T088,JP,ja,シックス・センス,2026-09-20,3567,7
T088,JP,ja,シックス・センス,2026-08-23,1789,7
T088,JP,ja,シックス・センス,2026-06-21,1811,7
T088,JP,ja,シックス・センス,2026-08-02,1776,7
T088,JP,ja,シックス・センス,2026-06-28,1765,7
T088,JP,ja,シックス・センス,2026-07-05,1436,7
T088,JP,ja,シックス・センス,2026-08-09,1735,7
T088,JP,ja,シックス・センス,2026-08-16,2159,7
T088,JP,ja,シックス・センス,2026-06-14,2130,7
T088,JP,ja,シックス・センス,2026-07-26,1736,7
T088,JP,ja,シックス・センス,2026-08-30,2107,7
T088,JP,ja,シックス・センス,2026-07-12,1526,7
T088,JP,ja,シックス・センス,2026-09-13,5902,7
T056,JP,ja,スパイダーマン:ホームカミング,2026-06-21,3261,7
T056,JP,ja,スパイダーマン:ホームカミング,2026-07-19,6825,7
T056,JP,ja,スパイダーマン:ホームカミング,2026-08-30,8503,7
T056,JP,ja,スパイダーマン:ホームカミング,2026-07-26,7265,7
T056,JP,ja,スパイダーマン:ホームカミング,2026-09-13,4960,7
T056,JP,ja,スパイダーマン:ホームカミング,2026-06-28,2568,7
T056,JP,ja,スパイダーマン:ホームカミング,2026-07-05,3317,7
T056,JP,ja,スパイダーマン:ホームカミング,2026-06-07,1777,7
T056,JP,ja,スパイダーマン:ホームカミング,2026-08-02,16996,7
T056,JP,ja,スパイダーマン:ホームカミング,2026-08-23,14016,7
T056,JP,ja,スパイダーマン:ホームカミング,2026-07-12,7937,7
T056,JP,ja,スパイダーマン:ホームカミング,2026-08-16,18048,7
T056,JP,ja,スパイダーマン:ホームカミング,2026-06-14,1749,7
T056,JP,ja,スパイダーマン:ホームカミング,2026-08-09,20673,7
T056,JP,ja,スパイダーマン:ホームカミング,2026-09-06,6219,7
T056,JP,ja,スパイダーマン:ホームカミング,2026-09-20,4372,7
T065,JP,ja,ソニック×シャドウ TOKYO MISSION,2026-09-06,628,7
T065,JP,ja,ソニック×シャドウ TOKYO MISSION,2026-07-12,514,7
T065,JP,ja,ソニック×シャドウ TOKYO MISSION,2026-06-28,847,7
T065,JP,ja,ソニック×シャドウ TOKYO MISSION,2026-07-19,502,7
T065,JP,ja,ソニック×シャドウ TOKYO MISSION,2026-07-05,614,7
T065,JP,ja,ソニック×シャドウ TOKYO MISSION,2026-07-26,436,7
T065,JP,ja,ソニック×シャドウ TOKYO MISSION,2026-08-09,524,7
T065,JP,ja,ソニック×シャドウ TOKYO MISSION,2026-08-30,1252,7
T065,JP,ja,ソニック×シャドウ TOKYO MISSION,2026-06-21,1043,7
T065,JP,ja,ソニック×シャドウ TOKYO MISSION,2026-06-07,1021,7
T065,JP,ja,ソニック×シャドウ TOKYO MISSION,2026-06-14,1005,7
T065,JP,ja,ソニック×シャドウ TOKYO MISSION,2026-09-20,417,7
T065,JP,ja,ソニック×シャドウ TOKYO MISSION,2026-08-02,433,7
T065,JP,ja,ソニック×シャドウ TOKYO MISSION,2026-08-16,806,7
T065,JP,ja,ソニック×シャドウ TOKYO MISSION,2026-08-23,817,7
T065,JP,ja,ソニック×シャドウ TOKYO MISSION,2026-09-13,571,7
T233,JP,ja,ダウンタイム,2026-09-13,69,7
T233,JP,ja,ダウンタイム,2026-08-09,27,7
T233,JP,ja,ダウンタイム,2026-08-23,20,7
T233,JP,ja,ダウンタイム,2026-09-20,420,7
T233,JP,ja,ダウンタイム,2026-08-30,37,7
T233,JP,ja,ダウンタイム,2026-07-26,44,7
T233,JP,ja,ダウンタイム,2026-06-07,1,7
T233,JP,ja,ダウンタイム,2026-09-06,57,7
T233,JP,ja,ダウンタイム,2026-07-12,3,7
T233,JP,ja,ダウンタイム,2026-07-05,8,7
T233,JP,ja,ダウンタイム,2026-08-02,33,7
T233,JP,ja,ダウンタイム,2026-08-16,24,7
T233,JP,ja,ダウンタイム,2026-06-14,2,7
T233,JP,ja,ダウンタイム,2026-06-28,4,7
T233,JP,ja,ダウンタイム,2026-06-21,1,7
T233,JP,ja,ダウンタイム,2026-07-19,24,7
T144,JP,ja,ラストマイル,2026-06-21,2976,7
T144,JP,ja,ラストマイル,2026-07-26,2794,7
T144,JP,ja,ラストマイル,2026-08-02,2577,7
T144,JP,ja,ラストマイル,2026-09-13,5069,7
T144,JP,ja,ラストマイル,2026-08-09,2530,7
T144,JP,ja,ラストマイル,2026-08-16,3214,7
T144,JP,ja,ラストマイル,2026-06-14,3045,7
T144,JP,ja,ラストマイル,2026-08-30,5833,7
T144,JP,ja,ラストマイル,2026-06-07,3232,7
T144,JP,ja,ラストマイル,2026-07-05,3800,7
T144,JP,ja,ラストマイル,2026-08-23,3415,7
T144,JP,ja,ラストマイル,2026-09-20,4074,7
T144,JP,ja,ラストマイル,2026-07-12,2877,7
T144,JP,ja,ラストマイル,2026-09-06,8600,7
T144,JP,ja,ラストマイル,2026-06-28,3288,7
T144,JP,ja,ラストマイル,2026-07-19,2736,7
T074,JP,ja,ラヴ上等,2026-08-16,39077,7
T074,JP,ja,ラヴ上等,2026-06-21,1491,7
T074,JP,ja,ラヴ上等,2026-08-09,12799,7
T074,JP,ja,ラヴ上等,2026-09-06,27661,7
T074,JP,ja,ラヴ上等,2026-07-12,939,7
T074,JP,ja,ラヴ上等,2026-08-02,3165,7
T074,JP,ja,ラヴ上等,2026-09-13,30263,7
T074,JP,ja,ラヴ上等,2026-06-07,1880,7
T074,JP,ja,ラヴ上等,2026-07-05,1010,7
T074,JP,ja,ラヴ上等,2026-06-28,1229,7
T074,JP,ja,ラヴ上等,2026-06-14,1560,7
T074,JP,ja,ラヴ上等,2026-07-19,3751,7
T074,JP,ja,ラヴ上等,2026-07-26,7600,7
T074,JP,ja,ラヴ上等,2026-08-23,49037,7
T074,JP,ja,ラヴ上等,2026-09-20,15245,7
T074,JP,ja,ラヴ上等,2026-08-30,34739,7
T059,JP,ja,リトル・シングス,2026-06-28,80,7
T059,JP,ja,リトル・シングス,2026-08-30,284,7
T059,JP,ja,リトル・シングス,2026-09-13,383,7
T059,JP,ja,リトル・シングス,2026-07-26,2580,7
T059,JP,ja,リトル・シングス,2026-08-23,415,7
T059,JP,ja,リトル・シングス,2026-07-19,1620,7
T059,JP,ja,リトル・シングス,2026-09-06,290,7
T059,JP,ja,リトル・シングス,2026-09-20,379,7
T059,JP,ja,リトル・シングス,2026-07-05,66,7
T059,JP,ja,リトル・シングス,2026-07-12,62,7
T059,JP,ja,リトル・シングス,2026-08-09,614,7
T059,JP,ja,リトル・シングス,2026-06-14,88,7
T059,JP,ja,リトル・シングス,2026-06-21,92,7
T059,JP,ja,リトル・シングス,2026-08-16,665,7
T059,JP,ja,リトル・シングス,2026-06-07,97,7
T059,JP,ja,リトル・シングス,2026-08-02,753,7
T141,JP,ja,告白-25年目の秘密-,2026-06-21,4787,7
T141,JP,ja,告白-25年目の秘密-,2026-07-26,27613,7
T141,JP,ja,告白-25年目の秘密-,2026-09-20,31936,7
T141,JP,ja,告白-25年目の秘密-,2026-07-12,35949,7
T141,JP,ja,告白-25年目の秘密-,2026-07-05,7379,7
T141,JP,ja,告白-25年目の秘密-,2026-09-13,30556,7
T141,JP,ja,告白-25年目の秘密-,2026-06-07,3327,7
T141,JP,ja,告白-25年目の秘密-,2026-09-06,25572,7
T141,JP,ja,告白-25年目の秘密-,2026-06-28,4696,7
T141,JP,ja,告白-25年目の秘密-,2026-08-23,24807,7
T141,JP,ja,告白-25年目の秘密-,2026-06-14,3995,7
T141,JP,ja,告白-25年目の秘密-,2026-08-30,20565,7
T141,JP,ja,告白-25年目の秘密-,2026-08-02,22671,7
T141,JP,ja,告白-25年目の秘密-,2026-07-19,38767,7
T141,JP,ja,告白-25年目の秘密-,2026-08-09,22845,7
T141,JP,ja,告白-25年目の秘密-,2026-08-16,26528,7
T118,JP,ja,大空港〜GATE24〜,2026-08-02,26595,7
T118,JP,ja,大空港〜GATE24〜,2026-08-23,25204,7
T118,JP,ja,大空港〜GATE24〜,2026-09-13,21132,7
T118,JP,ja,大空港〜GATE24〜,2026-06-28,2036,7
T118,JP,ja,大空港〜GATE24〜,2026-08-09,23363,7
T118,JP,ja,大空港〜GATE24〜,2026-08-16,26397,7
T118,JP,ja,大空港〜GATE24〜,2026-07-05,1948,7
T118,JP,ja,大空港〜GATE24〜,2026-07-12,2318,7
T118,JP,ja,大空港〜GATE24〜,2026-07-19,3615,7
T118,JP,ja,大空港〜GATE24〜,2026-06-14,1628,7
T118,JP,ja,大空港〜GATE24〜,2026-06-07,1404,7
T118,JP,ja,大空港〜GATE24〜,2026-09-06,26618,7
T118,JP,ja,大空港〜GATE24〜,2026-07-26,30960,7
T118,JP,ja,大空港〜GATE24〜,2026-09-20,26667,7
T118,JP,ja,大空港〜GATE24〜,2026-06-21,1010,7
T118,JP,ja,大空港〜GATE24〜,2026-08-30,24995,7
T079,JP,ja,怪盗グルーのミニオン超変身,2026-08-02,1277,7
T079,JP,ja,怪盗グルーのミニオン超変身,2026-07-19,1030,7
T079,JP,ja,怪盗グルーのミニオン超変身,2026-06-14,755,7
T079,JP,ja,怪盗グルーのミニオン超変身,2026-09-13,991,7
T079,JP,ja,怪盗グルーのミニオン超変身,2026-08-16,25930,7
T079,JP,ja,怪盗グルーのミニオン超変身,2026-08-09,3347,7
T079,JP,ja,怪盗グルーのミニオン超変身,2026-06-21,788,7
T079,JP,ja,怪盗グルーのミニオン超変身,2026-09-20,756,7
T079,JP,ja,怪盗グルーのミニオン超変身,2026-09-06,1352,7
T079,JP,ja,怪盗グルーのミニオン超変身,2026-07-26,1087,7
T079,JP,ja,怪盗グルーのミニオン超変身,2026-06-07,1046,7
T079,JP,ja,怪盗グルーのミニオン超変身,2026-08-23,3148,7
T079,JP,ja,怪盗グルーのミニオン超変身,2026-08-30,1893,7
T079,JP,ja,怪盗グルーのミニオン超変身,2026-07-12,920,7
T079,JP,ja,怪盗グルーのミニオン超変身,2026-07-05,914,7
T079,JP,ja,怪盗グルーのミニオン超変身,2026-06-28,737,7
T054,JP,ja,恋は命がけ,2026-07-12,0,7
T054,JP,ja,恋は命がけ,2026-08-09,1348,7
T054,JP,ja,恋は命がけ,2026-09-13,2527,7
T054,JP,ja,恋は命がけ,2026-08-23,3677,7
T054,JP,ja,恋は命がけ,2026-08-02,0,7
T054,JP,ja,恋は命がけ,2026-09-06,2894,7
T054,JP,ja,恋は命がけ,2026-07-19,0,7
T054,JP,ja,恋は命がけ,2026-07-05,0,7
T054,JP,ja,恋は命がけ,2026-07-26,0,7
T054,JP,ja,恋は命がけ,2026-08-16,3516,7
T054,JP,ja,恋は命がけ,2026-08-30,4375,7
T054,JP,ja,恋は命がけ,2026-09-20,1847,7
T054,JP,ja,恋は命がけ,2026-06-07,0,7
T054,JP,ja,恋は命がけ,2026-06-21,0,7
T054,JP,ja,恋は命がけ,2026-06-14,0,7
T054,JP,ja,恋は命がけ,2026-06-28,0,7
T240,JP,ja,花まんま,2026-06-28,661,7
T240,JP,ja,花まんま,2026-06-21,1336,7
T240,JP,ja,花まんま,2026-08-16,2035,7
T240,JP,ja,花まんま,2026-07-05,544,7
T240,JP,ja,花まんま,2026-08-30,1418,7
T240,JP,ja,花まんま,2026-09-06,924,7
T240,JP,ja,花まんま,2026-09-20,683,7
T240,JP,ja,花まんま,2026-06-07,644,7
T240,JP,ja,花まんま,2026-08-23,3243,7
T240,JP,ja,花まんま,2026-07-19,487,7
T240,JP,ja,花まんま,2026-06-14,511,7
T240,JP,ja,花まんま,2026-07-12,514,7
T240,JP,ja,花まんま,2026-07-26,459,7
T240,JP,ja,花まんま,2026-09-13,690,7
T240,JP,ja,花まんま,2026-08-09,473,7
T240,JP,ja,花まんま,2026-08-02,527,7
T220,JP,ja,転生したらスライムだった件 (アニメ),2026-08-09,10574,7
T220,JP,ja,転生したらスライムだった件 (アニメ),2026-08-23,10135,7
T220,JP,ja,転生したらスライムだった件 (アニメ),2026-07-19,11085,7
T220,JP,ja,転生したらスライムだった件 (アニメ),2026-08-02,10407,7
T220,JP,ja,転生したらスライムだった件 (アニメ),2026-08-30,9138,7
T220,JP,ja,転生したらスライムだった件 (アニメ),2026-07-26,10039,7
T220,JP,ja,転生したらスライムだった件 (アニメ),2026-06-14,10466,7
T220,JP,ja,転生したらスライムだった件 (アニメ),2026-09-20,10152,7
T220,JP,ja,転生したらスライムだった件 (アニメ),2026-06-28,13579,7
T220,JP,ja,転生したらスライムだった件 (アニメ),2026-06-21,9894,7
T220,JP,ja,転生したらスライムだった件 (アニメ),2026-09-13,9750,7
T220,JP,ja,転生したらスライムだった件 (アニメ),2026-06-07,10088,7
T220,JP,ja,転生したらスライムだった件 (アニメ),2026-07-12,14112,7
T220,JP,ja,転生したらスライムだった件 (アニメ),2026-09-06,9063,7
T220,JP,ja,転生したらスライムだった件 (アニメ),2026-07-05,16855,7
T220,JP,ja,転生したらスライムだった件 (アニメ),2026-08-16,11535,7
T093,JP,ja,野生の島のロズ,2026-07-12,415,7
T093,JP,ja,野生の島のロズ,2026-09-13,985,7
T093,JP,ja,野生の島のロズ,2026-07-05,408,7
T093,JP,ja,野生の島のロズ,2026-08-09,525,7
T093,JP,ja,野生の島のロズ,2026-06-21,661,7
T093,JP,ja,野生の島のロズ,2026-08-30,558,7
T093,JP,ja,野生の島のロズ,2026-07-19,462,7
T093,JP,ja,野生の島のロズ,2026-06-07,549,7
T093,JP,ja,野生の島のロズ,2026-06-28,519,7
T093,JP,ja,野生の島のロズ,2026-08-02,597,7
T093,JP,ja,野生の島のロズ,2026-06-14,509,7
T093,JP,ja,野生の島のロズ,2026-07-26,734,7
T093,JP,ja,野生の島のロズ,2026-09-20,1622,7
T093,JP,ja,野生の島のロズ,2026-09-06,755,7
T093,JP,ja,野生の島のロズ,2026-08-16,651,7
T093,JP,ja,野生の島のロズ,2026-08-23,574,7
T025,JP,ja,鉄槌教師,2026-08-02,7287,7
T025,JP,ja,鉄槌教師,2026-09-13,6374,7
T025,JP,ja,鉄槌教師,2026-07-19,11665,7
T025,JP,ja,鉄槌教師,2026-06-07,0,7
T025,JP,ja,鉄槌教師,2026-07-05,68,7
T025,JP,ja,鉄槌教師,2026-07-12,11655,7
T025,JP,ja,鉄槌教師,2026-08-16,10293,7
T025,JP,ja,鉄槌教師,2026-06-28,0,7
T025,JP,ja,鉄槌教師,2026-08-09,6990,7
T025,JP,ja,鉄槌教師,2026-09-06,7292,7
T025,JP,ja,鉄槌教師,2026-08-30,8957,7
T025,JP,ja,鉄槌教師,2026-06-14,0,7
T025,JP,ja,鉄槌教師,2026-07-26,9565,7
T025,JP,ja,鉄槌教師,2026-09-20,10136,7
T025,JP,ja,鉄槌教師,2026-08-23,9815,7
T025,JP,ja,鉄槌教師,2026-06-21,0,7
T356,JP,ja,鬼宮,2026-07-05,712,7
T356,JP,ja,鬼宮,2026-07-19,671,7
T356,JP,ja,鬼宮,2026-07-26,457,7
T356,JP,ja,鬼宮,2026-06-28,298,7
T356,JP,ja,鬼宮,2026-06-14,135,7
T356,JP,ja,鬼宮,2026-08-09,397,7
T356,JP,ja,鬼宮,2026-06-07,134,7
T356,JP,ja,鬼宮,2026-07-12,933,7
T356,JP,ja,鬼宮,2026-09-06,275,7
T356,JP,ja,鬼宮,2026-08-30,187,7
T356,JP,ja,鬼宮,2026-08-23,238,7
T356,JP,ja,鬼宮,2026-08-02,365,7
T356,JP,ja,鬼宮,2026-08-16,282,7
T356,JP,ja,鬼宮,2026-09-13,273,7
T356,JP,ja,鬼宮,2026-09-20,417,7
T356,JP,ja,鬼宮,2026-06-21,101,7
T076,KR,ko,가스인간,2026-09-06,161,7
T076,KR,ko,가스인간,2026-08-30,162,7
T076,KR,ko,가스인간,2026-09-13,174,7
T076,KR,ko,가스인간,2026-08-09,459,7
T076,KR,ko,가스인간,2026-06-07,10,7
T076,KR,ko,가스인간,2026-07-26,1377,7
T076,KR,ko,가스인간,2026-06-14,22,7
T076,KR,ko,가스인간,2026-08-16,394,7
T076,KR,ko,가스인간,2026-07-12,681,7
T076,KR,ko,가스인간,2026-09-20,180,7
T076,KR,ko,가스인간,2026-07-05,841,7
T076,KR,ko,가스인간,2026-06-28,36,7
T076,KR,ko,가스인간,2026-08-23,264,7
T076,KR,ko,가스인간,2026-07-19,1220,7
T076,KR,ko,가스인간,2026-08-02,900,7
T076,KR,ko,가스인간,2026-06-21,22,7
T225,KR,ko,감사합니다 (드라마),2026-09-13,181,7
T225,KR,ko,감사합니다 (드라마),2026-09-20,183,7
T225,KR,ko,감사합니다 (드라마),2026-08-16,761,7
T225,KR,ko,감사합니다 (드라마),2026-06-14,42,7
T225,KR,ko,감사합니다 (드라마),2026-06-21,41,7
T225,KR,ko,감사합니다 (드라마),2026-09-06,224,7
T225,KR,ko,감사합니다 (드라마),2026-07-05,66,7
T225,KR,ko,감사합니다 (드라마),2026-07-26,75,7
T225,KR,ko,감사합니다 (드라마),2026-08-02,63,7
T225,KR,ko,감사합니다 (드라마),2026-07-19,70,7
T225,KR,ko,감사합니다 (드라마),2026-08-23,943,7
T225,KR,ko,감사합니다 (드라마),2026-08-09,57,7
T225,KR,ko,감사합니다 (드라마),2026-08-30,397,7
T225,KR,ko,감사합니다 (드라마),2026-06-28,46,7
T225,KR,ko,감사합니다 (드라마),2026-06-07,46,7
T225,KR,ko,감사합니다 (드라마),2026-07-12,37,7
T217,KR,ko,광장 (2025년 드라마),2026-07-19,434,7
T217,KR,ko,광장 (2025년 드라마),2026-08-30,154,7
T217,KR,ko,광장 (2025년 드라마),2026-09-06,126,7
T217,KR,ko,광장 (2025년 드라마),2026-08-02,327,7
T217,KR,ko,광장 (2025년 드라마),2026-09-13,81,7
T217,KR,ko,광장 (2025년 드라마),2026-06-21,126,7
T217,KR,ko,광장 (2025년 드라마),2026-06-14,191,7
T217,KR,ko,광장 (2025년 드라마),2026-08-09,245,7
T217,KR,ko,광장 (2025년 드라마),2026-07-26,234,7
T217,KR,ko,광장 (2025년 드라마),2026-06-28,193,7
T217,KR,ko,광장 (2025년 드라마),2026-08-23,542,7
T217,KR,ko,광장 (2025년 드라마),2026-06-07,121,7
T217,KR,ko,광장 (2025년 드라마),2026-07-12,612,7
T217,KR,ko,광장 (2025년 드라마),2026-07-05,439,7
T217,KR,ko,광장 (2025년 드라마),2026-08-16,657,7
T217,KR,ko,광장 (2025년 드라마),2026-09-20,84,7
T321,KR,ko,글로리데이,2026-06-28,2,7
T321,KR,ko,글로리데이,2026-06-21,1,7
T321,KR,ko,글로리데이,2026-08-30,8,7
T321,KR,ko,글로리데이,2026-07-26,7,7
T321,KR,ko,글로리데이,2026-08-16,5,7
T321,KR,ko,글로리데이,2026-07-19,4,7
T321,KR,ko,글로리데이,2026-09-20,54,7
T321,KR,ko,글로리데이,2026-08-23,1,7
T321,KR,ko,글로리데이,2026-06-14,4,7
T321,KR,ko,글로리데이,2026-08-09,3,7
T321,KR,ko,글로리데이,2026-06-07,2,7
T321,KR,ko,글로리데이,2026-08-02,5,7
T321,KR,ko,글로리데이,2026-09-06,8,7
T321,KR,ko,글로리데이,2026-07-05,6,7
T321,KR,ko,글로리데이,2026-09-13,6,7
T321,KR,ko,글로리데이,2026-07-12,10,7
T001,KR,ko,김부장,2026-07-26,12799,7
T001,KR,ko,김부장,2026-08-23,737,7
T001,KR,ko,김부장,2026-06-07,1029,7
T001,KR,ko,김부장,2026-07-12,17749,7
T001,KR,ko,김부장,2026-09-13,510,7
T001,KR,ko,김부장,2026-06-21,1367,7
T001,KR,ko,김부장,2026-06-28,11415,7
T001,KR,ko,김부장,2026-08-09,2326,7
T001,KR,ko,김부장,2026-08-02,5866,7
T001,KR,ko,김부장,2026-08-16,1023,7
T001,KR,ko,김부장,2026-09-20,458,7
T001,KR,ko,김부장,2026-06-14,754,7
T001,KR,ko,김부장,2026-07-05,20634,7
T001,KR,ko,김부장,2026-07-19,21366,7
T001,KR,ko,김부장,2026-08-30,551,7
T001,KR,ko,김부장,2026-09-06,584,7
T121,KR,ko,나는 SOLO,2026-06-14,395,7
T121,KR,ko,나는 SOLO,2026-07-19,358,7
T121,KR,ko,나는 SOLO,2026-07-26,307,7
T121,KR,ko,나는 SOLO,2026-09-20,402,7
T121,KR,ko,나는 SOLO,2026-07-12,330,7
T121,KR,ko,나는 SOLO,2026-08-02,409,7
T121,KR,ko,나는 SOLO,2026-08-09,532,7
T121,KR,ko,나는 SOLO,2026-08-23,484,7
T121,KR,ko,나는 SOLO,2026-06-28,382,7
T121,KR,ko,나는 SOLO,2026-08-16,431,7
T121,KR,ko,나는 SOLO,2026-08-30,404,7
T121,KR,ko,나는 SOLO,2026-06-07,529,7
T121,KR,ko,나는 SOLO,2026-09-06,441,7
T121,KR,ko,나는 SOLO,2026-07-05,364,7
T121,KR,ko,나는 SOLO,2026-09-13,391,7
T121,KR,ko,나는 SOLO,2026-06-21,427,7
T077,KR,ko,남편들 (2026년 영화),2026-07-05,140,7
T077,KR,ko,남편들 (2026년 영화),2026-08-02,58,7
T077,KR,ko,남편들 (2026년 영화),2026-09-06,50,7
T077,KR,ko,남편들 (2026년 영화),2026-09-20,29,7
T077,KR,ko,남편들 (2026년 영화),2026-08-23,39,7
T077,KR,ko,남편들 (2026년 영화),2026-08-16,46,7
T077,KR,ko,남편들 (2026년 영화),2026-08-09,67,7
T077,KR,ko,남편들 (2026년 영화),2026-06-28,511,7
T077,KR,ko,남편들 (2026년 영화),2026-07-19,72,7
T077,KR,ko,남편들 (2026년 영화),2026-08-30,44,7
T077,KR,ko,남편들 (2026년 영화),2026-09-13,28,7
T077,KR,ko,남편들 (2026년 영화),2026-06-07,58,7
T077,KR,ko,남편들 (2026년 영화),2026-06-21,458,7
T077,KR,ko,남편들 (2026년 영화),2026-07-26,64,7
T077,KR,ko,남편들 (2026년 영화),2026-06-14,92,7
T077,KR,ko,남편들 (2026년 영화),2026-07-12,90,7
T039,KR,ko,동궁 (드라마),2026-08-02,3565,7
T039,KR,ko,동궁 (드라마),2026-07-26,4187,7
T039,KR,ko,동궁 (드라마),2026-06-21,159,7
T039,KR,ko,동궁 (드라마),2026-08-16,610,7
T039,KR,ko,동궁 (드라마),2026-07-05,268,7
T039,KR,ko,동궁 (드라마),2026-09-13,146,7
T039,KR,ko,동궁 (드라마),2026-08-23,393,7
T039,KR,ko,동궁 (드라마),2026-06-28,145,7
T039,KR,ko,동궁 (드라마),2026-07-12,347,7
T039,KR,ko,동궁 (드라마),2026-07-19,4717,7
T039,KR,ko,동궁 (드라마),2026-09-20,159,7
T039,KR,ko,동궁 (드라마),2026-08-09,1114,7
T039,KR,ko,동궁 (드라마),2026-06-14,63,7
T039,KR,ko,동궁 (드라마),2026-08-30,321,7
T039,KR,ko,동궁 (드라마),2026-06-07,27,7
T039,KR,ko,동궁 (드라마),2026-09-06,192,7
T080,KR,ko,들쥐 (드라마),2026-08-30,2377,7
T080,KR,ko,들쥐 (드라마),2026-07-19,10,7
T080,KR,ko,들쥐 (드라마),2026-08-23,258,7
T080,KR,ko,들쥐 (드라마),2026-06-07,7,7
T080,KR,ko,들쥐 (드라마),2026-09-20,1051,7
T080,KR,ko,들쥐 (드라마),2026-08-09,36,7
T080,KR,ko,들쥐 (드라마),2026-08-02,67,7
T080,KR,ko,들쥐 (드라마),2026-06-28,5,7
T080,KR,ko,들쥐 (드라마),2026-07-05,7,7
T080,KR,ko,들쥐 (드라마),2026-09-13,2028,7
T080,KR,ko,들쥐 (드라마),2026-07-26,11,7
T080,KR,ko,들쥐 (드라마),2026-06-14,12,7
T080,KR,ko,들쥐 (드라마),2026-07-12,6,7
T080,KR,ko,들쥐 (드라마),2026-08-16,65,7
T080,KR,ko,들쥐 (드라마),2026-06-21,3,7
T080,KR,ko,들쥐 (드라마),2026-09-06,3275,7
T152,KR,ko,로비 (영화),2026-06-14,45,7
T152,KR,ko,로비 (영화),2026-08-02,66,7
T152,KR,ko,로비 (영화),2026-07-05,14,7
T152,KR,ko,로비 (영화),2026-06-28,16,7
T152,KR,ko,로비 (영화),2026-08-23,31,7
T152,KR,ko,로비 (영화),2026-09-20,31,7
T152,KR,ko,로비 (영화),2026-07-12,230,7
T152,KR,ko,로비 (영화),2026-09-13,32,7
T152,KR,ko,로비 (영화),2026-06-07,15,7
T152,KR,ko,로비 (영화),2026-08-16,27,7
T152,KR,ko,로비 (영화),2026-09-06,24,7
T152,KR,ko,로비 (영화),2026-07-19,195,7
T152,KR,ko,로비 (영화),2026-07-26,95,7
T152,KR,ko,로비 (영화),2026-08-30,34,7
T152,KR,ko,로비 (영화),2026-08-09,23,7
T152,KR,ko,로비 (영화),2026-06-21,17,7
T227,KR,ko,루프맨,2026-06-21,14,7
T227,KR,ko,루프맨,2026-09-20,20,7
T227,KR,ko,루프맨,2026-08-02,330,7
T227,KR,ko,루프맨,2026-07-05,13,7
T227,KR,ko,루프맨,2026-06-14,15,7
T227,KR,ko,루프맨,2026-06-28,11,7
T227,KR,ko,루프맨,2026-08-09,209,7
T227,KR,ko,루프맨,2026-07-19,5,7
T227,KR,ko,루프맨,2026-08-30,27,7
T227,KR,ko,루프맨,2026-06-07,15,7
T227,KR,ko,루프맨,2026-07-26,212,7
T227,KR,ko,루프맨,2026-08-23,43,7
T227,KR,ko,루프맨,2026-09-13,25,7
T227,KR,ko,루프맨,2026-09-06,25,7
T227,KR,ko,루프맨,2026-08-16,72,7
T227,KR,ko,루프맨,2026-07-12,9,7
T085,KR,ko,맨 끝줄 소년 (드라마),2026-08-16,318,7
T085,KR,ko,맨 끝줄 소년 (드라마),2026-06-21,157,7
T085,KR,ko,맨 끝줄 소년 (드라마),2026-09-13,167,7
T085,KR,ko,맨 끝줄 소년 (드라마),2026-08-02,984,7
T085,KR,ko,맨 끝줄 소년 (드라마),2026-07-12,5348,7
T085,KR,ko,맨 끝줄 소년 (드라마),2026-06-07,76,7
T085,KR,ko,맨 끝줄 소년 (드라마),2026-06-28,5431,7
T085,KR,ko,맨 끝줄 소년 (드라마),2026-09-06,170,7
T085,KR,ko,맨 끝줄 소년 (드라마),2026-06-14,126,7
T085,KR,ko,맨 끝줄 소년 (드라마),2026-09-20,154,7
T085,KR,ko,맨 끝줄 소년 (드라마),2026-07-05,7953,7
T085,KR,ko,맨 끝줄 소년 (드라마),2026-08-09,458,7
T085,KR,ko,맨 끝줄 소년 (드라마),2026-07-26,1123,7
T085,KR,ko,맨 끝줄 소년 (드라마),2026-08-30,222,7
T085,KR,ko,맨 끝줄 소년 (드라마),2026-07-19,2825,7
T085,KR,ko,맨 끝줄 소년 (드라마),2026-08-23,252,7
T303,KR,ko,멋진 신세계 (드라마),2026-08-16,517,7
T303,KR,ko,멋진 신세계 (드라마),2026-07-19,645,7
T303,KR,ko,멋진 신세계 (드라마),2026-08-23,392,7
T303,KR,ko,멋진 신세계 (드라마),2026-09-20,352,7
T303,KR,ko,멋진 신세계 (드라마),2026-08-30,316,7
T303,KR,ko,멋진 신세계 (드라마),2026-07-05,1228,7
T303,KR,ko,멋진 신세계 (드라마),2026-06-21,4282,7
T303,KR,ko,멋진 신세계 (드라마),2026-06-07,5206,7
T303,KR,ko,멋진 신세계 (드라마),2026-07-12,749,7
T303,KR,ko,멋진 신세계 (드라마),2026-07-26,512,7
T303,KR,ko,멋진 신세계 (드라마),2026-09-13,388,7
T303,KR,ko,멋진 신세계 (드라마),2026-09-06,343,7
T303,KR,ko,멋진 신세계 (드라마),2026-08-02,632,7
T303,KR,ko,멋진 신세계 (드라마),2026-08-09,603,7
T303,KR,ko,멋진 신세계 (드라마),2026-06-14,4883,7
T303,KR,ko,멋진 신세계 (드라마),2026-06-28,1978,7
T236,KR,ko,무사 (2001년 대한민국 영화),2026-06-14,9,7
T236,KR,ko,무사 (2001년 대한민국 영화),2026-08-30,8,7
T236,KR,ko,무사 (2001년 대한민국 영화),2026-07-12,10,7
T236,KR,ko,무사 (2001년 대한민국 영화),2026-06-07,4,7
T236,KR,ko,무사 (2001년 대한민국 영화),2026-06-21,5,7
T236,KR,ko,무사 (2001년 대한민국 영화),2026-08-02,8,7
T236,KR,ko,무사 (2001년 대한민국 영화),2026-09-13,11,7
T236,KR,ko,무사 (2001년 대한민국 영화),2026-07-26,13,7
T236,KR,ko,무사 (2001년 대한민국 영화),2026-07-05,10,7
T236,KR,ko,무사 (2001년 대한민국 영화),2026-08-09,7,7
T236,KR,ko,무사 (2001년 대한민국 영화),2026-07-19,4,7
T236,KR,ko,무사 (2001년 대한민국 영화),2026-08-16,12,7
T236,KR,ko,무사 (2001년 대한민국 영화),2026-08-23,24,7
T236,KR,ko,무사 (2001년 대한민국 영화),2026-09-06,20,7
T236,KR,ko,무사 (2001년 대한민국 영화),2026-06-28,3,7
T236,KR,ko,무사 (2001년 대한민국 영화),2026-09-20,173,7
T368,KR,ko,미스틱 리버,2026-07-19,65,7
T368,KR,ko,미스틱 리버,2026-08-30,89,7
T368,KR,ko,미스틱 리버,2026-08-09,60,7
T368,KR,ko,미스틱 리버,2026-09-13,49,7
T368,KR,ko,미스틱 리버,2026-07-26,266,7
T368,KR,ko,미스틱 리버,2026-09-20,68,7
T368,KR,ko,미스틱 리버,2026-06-14,5,7
T368,KR,ko,미스틱 리버,2026-06-07,7,7
T368,KR,ko,미스틱 리버,2026-09-06,70,7
T368,KR,ko,미스틱 리버,2026-08-16,56,7
T368,KR,ko,미스틱 리버,2026-06-28,10,7
T368,KR,ko,미스틱 리버,2026-08-23,82,7
T368,KR,ko,미스틱 리버,2026-06-21,6,7
T368,KR,ko,미스틱 리버,2026-07-05,4,7
T368,KR,ko,미스틱 리버,2026-07-12,10,7
T368,KR,ko,미스틱 리버,2026-08-02,92,7
T221,KR,ko,백수아파트,2026-06-21,12,7
T221,KR,ko,백수아파트,2026-06-28,8,7
T221,KR,ko,백수아파트,2026-08-30,8,7
T221,KR,ko,백수아파트,2026-07-12,64,7
T221,KR,ko,백수아파트,2026-06-14,9,7
T221,KR,ko,백수아파트,2026-07-19,53,7
T221,KR,ko,백수아파트,2026-08-02,9,7
T221,KR,ko,백수아파트,2026-07-05,16,7
T221,KR,ko,백수아파트,2026-08-16,14,7
T221,KR,ko,백수아파트,2026-09-13,20,7
T221,KR,ko,백수아파트,2026-09-20,11,7
T221,KR,ko,백수아파트,2026-06-07,11,7
T221,KR,ko,백수아파트,2026-08-23,19,7
T221,KR,ko,백수아파트,2026-08-09,26,7
T221,KR,ko,백수아파트,2026-09-06,21,7
T221,KR,ko,백수아파트,2026-07-26,32,7
T355,KR,ko,블라인드 사이드,2026-07-26,57,7
T355,KR,ko,블라인드 사이드,2026-09-20,169,7
T355,KR,ko,블라인드 사이드,2026-09-06,498,7
T355,KR,ko,블라인드 사이드,2026-06-07,98,7
T355,KR,ko,블라인드 사이드,2026-06-21,54,7
T355,KR,ko,블라인드 사이드,2026-08-09,23,7
T355,KR,ko,블라인드 사이드,2026-08-30,253,7
T355,KR,ko,블라인드 사이드,2026-07-12,64,7
T355,KR,ko,블라인드 사이드,2026-06-14,47,7
T355,KR,ko,블라인드 사이드,2026-07-19,58,7
T355,KR,ko,블라인드 사이드,2026-06-28,92,7
T355,KR,ko,블라인드 사이드,2026-08-23,30,7
T355,KR,ko,블라인드 사이드,2026-07-05,37,7
T355,KR,ko,블라인드 사이드,2026-08-02,24,7
T355,KR,ko,블라인드 사이드,2026-09-13,384,7
T355,KR,ko,블라인드 사이드,2026-08-16,17,7
T237,KR,ko,블랙 백,2026-09-06,10,7
T237,KR,ko,블랙 백,2026-08-23,6,7
T237,KR,ko,블랙 백,2026-06-07,3,7
T237,KR,ko,블랙 백,2026-08-02,2,7
T237,KR,ko,블랙 백,2026-06-14,1,7
T237,KR,ko,블랙 백,2026-08-16,4,7
T237,KR,ko,블랙 백,2026-07-05,4,7
T237,KR,ko,블랙 백,2026-08-09,2,7
T237,KR,ko,블랙 백,2026-07-12,9,7
T237,KR,ko,블랙 백,2026-06-21,3,7
T237,KR,ko,블랙 백,2026-07-19,8,7
T237,KR,ko,블랙 백,2026-09-13,5,7
T237,KR,ko,블랙 백,2026-09-20,50,7
T237,KR,ko,블랙 백,2026-07-26,3,7
T237,KR,ko,블랙 백,2026-06-28,3,7
T237,KR,ko,블랙 백,2026-08-30,3,7
T110,KR,ko,블루 스톰,2026-07-26,7,7
T110,KR,ko,블루 스톰,2026-06-14,2,7
T110,KR,ko,블루 스톰,2026-06-28,10,7
T110,KR,ko,블루 스톰,2026-07-19,11,7
T110,KR,ko,블루 스톰,2026-08-16,5,7
T110,KR,ko,블루 스톰,2026-07-05,85,7
T110,KR,ko,블루 스톰,2026-08-09,6,7
T110,KR,ko,블루 스톰,2026-08-30,2,7
T110,KR,ko,블루 스톰,2026-09-20,3,7
T110,KR,ko,블루 스톰,2026-08-02,6,7
T110,KR,ko,블루 스톰,2026-09-06,3,7
T110,KR,ko,블루 스톰,2026-09-13,3,7
T110,KR,ko,블루 스톰,2026-06-21,21,7
T110,KR,ko,블루 스톰,2026-08-23,3,7
T110,KR,ko,블루 스톰,2026-06-07,5,7
T110,KR,ko,블루 스톰,2026-07-12,20,7
T161,KR,ko,사람과 고기,2026-09-20,16,7
T161,KR,ko,사람과 고기,2026-09-13,25,7
T161,KR,ko,사람과 고기,2026-07-05,24,7
T161,KR,ko,사람과 고기,2026-07-26,18,7
T161,KR,ko,사람과 고기,2026-08-09,36,7
T161,KR,ko,사람과 고기,2026-08-16,29,7
T161,KR,ko,사람과 고기,2026-08-23,33,7
T161,KR,ko,사람과 고기,2026-06-28,7,7
T161,KR,ko,사람과 고기,2026-08-30,17,7
T161,KR,ko,사람과 고기,2026-06-07,7,7
T161,KR,ko,사람과 고기,2026-07-12,85,7
T161,KR,ko,사람과 고기,2026-07-19,71,7
T161,KR,ko,사람과 고기,2026-06-14,6,7
T161,KR,ko,사람과 고기,2026-06-21,11,7
T161,KR,ko,사람과 고기,2026-08-02,62,7
T161,KR,ko,사람과 고기,2026-09-06,36,7
T183,KR,ko,소실점 (영화),2026-06-14,0,7
T183,KR,ko,소실점 (영화),2026-06-28,0,7
T183,KR,ko,소실점 (영화),2026-07-26,0,7
T183,KR,ko,소실점 (영화),2026-09-06,0,7
T183,KR,ko,소실점 (영화),2026-08-23,0,7
T183,KR,ko,소실점 (영화),2026-08-09,0,7
T183,KR,ko,소실점 (영화),2026-07-12,0,7
T183,KR,ko,소실점 (영화),2026-08-16,0,7
T183,KR,ko,소실점 (영화),2026-06-21,0,7
T183,KR,ko,소실점 (영화),2026-08-02,0,7
T183,KR,ko,소실점 (영화),2026-09-13,0,7
T183,KR,ko,소실점 (영화),2026-07-05,0,7
T183,KR,ko,소실점 (영화),2026-08-30,0,7
T183,KR,ko,소실점 (영화),2026-06-07,0,7
T183,KR,ko,소실점 (영화),2026-07-19,0,7
T183,KR,ko,소실점 (영화),2026-09-20,91,7
T371,KR,ko,수어사이드 스쿼드 (영화),2026-08-02,37,7
T371,KR,ko,수어사이드 스쿼드 (영화),2026-06-21,61,7
T371,KR,ko,수어사이드 스쿼드 (영화),2026-06-14,22,7
T371,KR,ko,수어사이드 스쿼드 (영화),2026-08-09,57,7
T371,KR,ko,수어사이드 스쿼드 (영화),2026-09-13,56,7
T371,KR,ko,수어사이드 스쿼드 (영화),2026-06-07,21,7
T371,KR,ko,수어사이드 스쿼드 (영화),2026-07-26,49,7
T371,KR,ko,수어사이드 스쿼드 (영화),2026-08-30,69,7
T371,KR,ko,수어사이드 스쿼드 (영화),2026-08-16,210,7
T371,KR,ko,수어사이드 스쿼드 (영화),2026-06-28,49,7
T371,KR,ko,수어사이드 스쿼드 (영화),2026-08-23,333,7
T371,KR,ko,수어사이드 스쿼드 (영화),2026-09-20,32,7
T371,KR,ko,수어사이드 스쿼드 (영화),2026-07-05,33,7
T371,KR,ko,수어사이드 스쿼드 (영화),2026-07-19,45,7
T371,KR,ko,수어사이드 스쿼드 (영화),2026-07-12,45,7
T371,KR,ko,수어사이드 스쿼드 (영화),2026-09-06,62,7
T235,KR,ko,스캔들 (2026년 드라마),2026-07-05,42,7
T235,KR,ko,스캔들 (2026년 드라마),2026-08-30,214,7
T235,KR,ko,스캔들 (2026년 드라마),2026-07-12,36,7
T235,KR,ko,스캔들 (2026년 드라마),2026-08-23,39,7
T235,KR,ko,스캔들 (2026년 드라마),2026-06-07,26,7
T235,KR,ko,스캔들 (2026년 드라마),2026-08-09,38,7
T235,KR,ko,스캔들 (2026년 드라마),2026-09-13,161,7
T235,KR,ko,스캔들 (2026년 드라마),2026-08-02,45,7
T235,KR,ko,스캔들 (2026년 드라마),2026-07-19,37,7
T235,KR,ko,스캔들 (2026년 드라마),2026-08-16,35,7
T235,KR,ko,스캔들 (2026년 드라마),2026-09-06,94,7
T235,KR,ko,스캔들 (2026년 드라마),2026-09-20,1446,7
T235,KR,ko,스캔들 (2026년 드라마),2026-07-26,35,7
T235,KR,ko,스캔들 (2026년 드라마),2026-06-14,23,7
T235,KR,ko,스캔들 (2026년 드라마),2026-06-21,34,7
T235,KR,ko,스캔들 (2026년 드라마),2026-06-28,32,7
T036,KR,ko,스파이더맨: 파 프롬 홈,2026-09-13,134,7
T036,KR,ko,스파이더맨: 파 프롬 홈,2026-09-20,71,7
T036,KR,ko,스파이더맨: 파 프롬 홈,2026-07-26,128,7
T036,KR,ko,스파이더맨: 파 프롬 홈,2026-08-16,1153,7
T036,KR,ko,스파이더맨: 파 프롬 홈,2026-08-09,1828,7
T036,KR,ko,스파이더맨: 파 프롬 홈,2026-06-07,34,7
T036,KR,ko,스파이더맨: 파 프롬 홈,2026-06-21,52,7
T036,KR,ko,스파이더맨: 파 프롬 홈,2026-09-06,196,7
T036,KR,ko,스파이더맨: 파 프롬 홈,2026-07-05,37,7
T036,KR,ko,스파이더맨: 파 프롬 홈,2026-06-14,25,7
T036,KR,ko,스파이더맨: 파 프롬 홈,2026-07-12,55,7
T036,KR,ko,스파이더맨: 파 프롬 홈,2026-08-02,1351,7
T036,KR,ko,스파이더맨: 파 프롬 홈,2026-08-23,1013,7
T036,KR,ko,스파이더맨: 파 프롬 홈,2026-06-28,44,7
T036,KR,ko,스파이더맨: 파 프롬 홈,2026-08-30,409,7
T036,KR,ko,스파이더맨: 파 프롬 홈,2026-07-19,75,7
T056,KR,ko,스파이더맨: 홈커밍,2026-07-05,59,7
T056,KR,ko,스파이더맨: 홈커밍,2026-09-06,191,7
T056,KR,ko,스파이더맨: 홈커밍,2026-06-21,74,7
T056,KR,ko,스파이더맨: 홈커밍,2026-08-23,770,7
T056,KR,ko,스파이더맨: 홈커밍,2026-08-30,297,7
T056,KR,ko,스파이더맨: 홈커밍,2026-07-12,69,7
T056,KR,ko,스파이더맨: 홈커밍,2026-08-09,1371,7
T056,KR,ko,스파이더맨: 홈커밍,2026-07-26,107,7
T056,KR,ko,스파이더맨: 홈커밍,2026-06-28,46,7
T056,KR,ko,스파이더맨: 홈커밍,2026-07-19,103,7
T056,KR,ko,스파이더맨: 홈커밍,2026-08-16,1053,7
T056,KR,ko,스파이더맨: 홈커밍,2026-06-07,60,7
T056,KR,ko,스파이더맨: 홈커밍,2026-09-13,97,7
T056,KR,ko,스파이더맨: 홈커밍,2026-06-14,26,7
T056,KR,ko,스파이더맨: 홈커밍,2026-09-20,74,7
T056,KR,ko,스파이더맨: 홈커밍,2026-08-02,1068,7
T123,KR,ko,아파트 (2026년 드라마),2026-08-02,4147,7
T123,KR,ko,아파트 (2026년 드라마),2026-06-07,307,7
T123,KR,ko,아파트 (2026년 드라마),2026-09-13,494,7
T123,KR,ko,아파트 (2026년 드라마),2026-08-16,4572,7
T123,KR,ko,아파트 (2026년 드라마),2026-08-30,989,7
T123,KR,ko,아파트 (2026년 드라마),2026-07-05,1088,7
T123,KR,ko,아파트 (2026년 드라마),2026-09-06,538,7
T123,KR,ko,아파트 (2026년 드라마),2026-07-19,9483,7
T123,KR,ko,아파트 (2026년 드라마),2026-08-23,2308,7
T123,KR,ko,아파트 (2026년 드라마),2026-06-21,588,7
T123,KR,ko,아파트 (2026년 드라마),2026-06-28,784,7
T123,KR,ko,아파트 (2026년 드라마),2026-07-12,4869,7
T123,KR,ko,아파트 (2026년 드라마),2026-07-26,5100,7
T123,KR,ko,아파트 (2026년 드라마),2026-06-14,599,7
T123,KR,ko,아파트 (2026년 드라마),2026-08-09,5048,7
T123,KR,ko,아파트 (2026년 드라마),2026-09-20,456,7
T290,KR,ko,어카운턴트,2026-06-21,31,7
T290,KR,ko,어카운턴트,2026-06-28,8,7
T290,KR,ko,어카운턴트,2026-06-07,5,7
T290,KR,ko,어카운턴트,2026-07-05,7,7
T290,KR,ko,어카운턴트,2026-07-19,138,7
T290,KR,ko,어카운턴트,2026-08-30,15,7
T290,KR,ko,어카운턴트,2026-09-06,9,7
T290,KR,ko,어카운턴트,2026-08-09,9,7
T290,KR,ko,어카운턴트,2026-09-13,5,7
T290,KR,ko,어카운턴트,2026-08-02,18,7
T290,KR,ko,어카운턴트,2026-06-14,6,7
T290,KR,ko,어카운턴트,2026-07-12,19,7
T290,KR,ko,어카운턴트,2026-07-26,33,7
T290,KR,ko,어카운턴트,2026-09-20,6,7
T290,KR,ko,어카운턴트,2026-08-23,29,7
T290,KR,ko,어카운턴트,2026-08-16,18,7
T005,KR,ko,에놀라 홈즈 3,2026-06-28,0,7
T005,KR,ko,에놀라 홈즈 3,2026-08-16,11,7
T005,KR,ko,에놀라 홈즈 3,2026-09-06,6,7
T005,KR,ko,에놀라 홈즈 3,2026-09-20,5,7
T005,KR,ko,에놀라 홈즈 3,2026-08-30,9,7
T005,KR,ko,에놀라 홈즈 3,2026-07-26,0,7
T005,KR,ko,에놀라 홈즈 3,2026-08-02,0,7
T005,KR,ko,에놀라 홈즈 3,2026-07-05,0,7
T005,KR,ko,에놀라 홈즈 3,2026-06-14,0,7
T005,KR,ko,에놀라 홈즈 3,2026-08-09,0,7
T005,KR,ko,에놀라 홈즈 3,2026-06-21,0,7
T005,KR,ko,에놀라 홈즈 3,2026-06-07,0,7
T005,KR,ko,에놀라 홈즈 3,2026-09-13,3,7
T005,KR,ko,에놀라 홈즈 3,2026-07-19,0,7
T005,KR,ko,에놀라 홈즈 3,2026-08-23,5,7
T005,KR,ko,에놀라 홈즈 3,2026-07-12,0,7
T105,KR,ko,엣지 오브 투모로우,2026-08-30,78,7
T105,KR,ko,엣지 오브 투모로우,2026-07-19,23,7
T105,KR,ko,엣지 오브 투모로우,2026-08-16,99,7
T105,KR,ko,엣지 오브 투모로우,2026-07-12,64,7
T105,KR,ko,엣지 오브 투모로우,2026-07-05,24,7
T105,KR,ko,엣지 오브 투모로우,2026-06-28,28,7
T105,KR,ko,엣지 오브 투모로우,2026-09-13,41,7
T105,KR,ko,엣지 오브 투모로우,2026-08-23,68,7
T105,KR,ko,엣지 오브 투모로우,2026-06-07,27,7
T105,KR,ko,엣지 오브 투모로우,2026-07-26,28,7
T105,KR,ko,엣지 오브 투모로우,2026-09-20,90,7
T105,KR,ko,엣지 오브 투모로우,2026-08-02,52,7
T105,KR,ko,엣지 오브 투모로우,2026-08-09,61,7
T105,KR,ko,엣지 오브 투모로우,2026-09-06,31,7
T105,KR,ko,엣지 오브 투모로우,2026-06-14,48,7
T105,KR,ko,엣지 오브 투모로우,2026-06-21,48,7
T054,KR,ko,오싹한 연애 (드라마),2026-09-06,415,7
T054,KR,ko,오싹한 연애 (드라마),2026-07-05,588,7
T054,KR,ko,오싹한 연애 (드라마),2026-07-19,2695,7
T054,KR,ko,오싹한 연애 (드라마),2026-06-07,453,7
T054,KR,ko,오싹한 연애 (드라마),2026-09-13,268,7
T054,KR,ko,오싹한 연애 (드라마),2026-08-16,2234,7
T054,KR,ko,오싹한 연애 (드라마),2026-06-28,377,7
T054,KR,ko,오싹한 연애 (드라마),2026-07-12,684,7
T054,KR,ko,오싹한 연애 (드라마),2026-07-26,3613,7
T054,KR,ko,오싹한 연애 (드라마),2026-08-09,2460,7
T054,KR,ko,오싹한 연애 (드라마),2026-09-20,183,7
T054,KR,ko,오싹한 연애 (드라마),2026-06-21,517,7
T054,KR,ko,오싹한 연애 (드라마),2026-08-02,2963,7
T054,KR,ko,오싹한 연애 (드라마),2026-08-30,1223,7
T054,KR,ko,오싹한 연애 (드라마),2026-08-23,2715,7
T054,KR,ko,오싹한 연애 (드라마),2026-06-14,389,7
T127,KR,ko,와일드 씽 (2026년 영화),2026-07-19,81,7
T127,KR,ko,와일드 씽 (2026년 영화),2026-06-21,268,7
T127,KR,ko,와일드 씽 (2026년 영화),2026-08-23,182,7
T127,KR,ko,와일드 씽 (2026년 영화),2026-07-12,157,7
T127,KR,ko,와일드 씽 (2026년 영화),2026-06-28,210,7
T127,KR,ko,와일드 씽 (2026년 영화),2026-07-05,161,7
T127,KR,ko,와일드 씽 (2026년 영화),2026-07-26,64,7
T127,KR,ko,와일드 씽 (2026년 영화),2026-06-07,121,7
T127,KR,ko,와일드 씽 (2026년 영화),2026-09-13,79,7
T127,KR,ko,와일드 씽 (2026년 영화),2026-06-14,372,7
T127,KR,ko,와일드 씽 (2026년 영화),2026-08-30,109,7
T127,KR,ko,와일드 씽 (2026년 영화),2026-09-20,66,7
T127,KR,ko,와일드 씽 (2026년 영화),2026-08-09,631,7
T127,KR,ko,와일드 씽 (2026년 영화),2026-09-06,83,7
T127,KR,ko,와일드 씽 (2026년 영화),2026-08-02,693,7
T127,KR,ko,와일드 씽 (2026년 영화),2026-08-16,296,7
T358,KR,ko,울프맨 (2025년 영화),2026-08-23,14,7
T358,KR,ko,울프맨 (2025년 영화),2026-09-06,79,7
T358,KR,ko,울프맨 (2025년 영화),2026-07-12,6,7
T358,KR,ko,울프맨 (2025년 영화),2026-09-20,30,7
T358,KR,ko,울프맨 (2025년 영화),2026-08-16,33,7
T358,KR,ko,울프맨 (2025년 영화),2026-09-13,21,7
T358,KR,ko,울프맨 (2025년 영화),2026-08-02,3,7
T358,KR,ko,울프맨 (2025년 영화),2026-06-28,14,7
T358,KR,ko,울프맨 (2025년 영화),2026-07-19,8,7
T358,KR,ko,울프맨 (2025년 영화),2026-06-07,0,7
T358,KR,ko,울프맨 (2025년 영화),2026-08-09,3,7
T358,KR,ko,울프맨 (2025년 영화),2026-07-26,3,7
T358,KR,ko,울프맨 (2025년 영화),2026-06-21,2,7
T358,KR,ko,울프맨 (2025년 영화),2026-06-14,2,7
T358,KR,ko,울프맨 (2025년 영화),2026-07-05,2,7
T358,KR,ko,울프맨 (2025년 영화),2026-08-30,6,7
T003,KR,ko,위스퍼맨,2026-07-26,6,7
T003,KR,ko,위스퍼맨,2026-08-30,1330,7
T003,KR,ko,위스퍼맨,2026-06-21,4,7
T003,KR,ko,위스퍼맨,2026-06-07,1,7
T003,KR,ko,위스퍼맨,2026-07-12,8,7
T003,KR,ko,위스퍼맨,2026-08-16,38,7
T003,KR,ko,위스퍼맨,2026-08-23,100,7
T003,KR,ko,위스퍼맨,2026-07-05,1,7
T003,KR,ko,위스퍼맨,2026-08-02,19,7
T003,KR,ko,위스퍼맨,2026-06-28,6,7
T003,KR,ko,위스퍼맨,2026-08-09,17,7
T003,KR,ko,위스퍼맨,2026-07-19,21,7
T003,KR,ko,위스퍼맨,2026-09-13,755,7
T003,KR,ko,위스퍼맨,2026-09-06,2060,7
T003,KR,ko,위스퍼맨,2026-09-20,223,7
T003,KR,ko,위스퍼맨,2026-06-14,4,7
T014,KR,ko,이런 엿 같은 사랑,2026-06-28,102,7
T014,KR,ko,이런 엿 같은 사랑,2026-08-02,332,7
T014,KR,ko,이런 엿 같은 사랑,2026-07-26,228,7
T014,KR,ko,이런 엿 같은 사랑,2026-07-12,221,7
T014,KR,ko,이런 엿 같은 사랑,2026-09-20,568,7
T014,KR,ko,이런 엿 같은 사랑,2026-07-19,208,7
T014,KR,ko,이런 엿 같은 사랑,2026-08-09,7037,7
T014,KR,ko,이런 엿 같은 사랑,2026-09-06,1196,7
T014,KR,ko,이런 엿 같은 사랑,2026-08-16,12276,7
T014,KR,ko,이런 엿 같은 사랑,2026-08-23,3842,7
T014,KR,ko,이런 엿 같은 사랑,2026-06-21,116,7
T014,KR,ko,이런 엿 같은 사랑,2026-06-14,125,7
T014,KR,ko,이런 엿 같은 사랑,2026-09-13,902,7
T014,KR,ko,이런 엿 같은 사랑,2026-06-07,95,7
T014,KR,ko,이런 엿 같은 사랑,2026-07-05,97,7
T014,KR,ko,이런 엿 같은 사랑,2026-08-30,1923,7
T025,KR,ko,참교육,2026-07-05,2635,7
T025,KR,ko,참교육,2026-08-23,593,7
T025,KR,ko,참교육,2026-07-12,2925,7
T025,KR,ko,참교육,2026-07-26,1238,7
T025,KR,ko,참교육,2026-06-07,8002,7
T025,KR,ko,참교육,2026-07-19,2073,7
T025,KR,ko,참교육,2026-06-28,2268,7
T025,KR,ko,참교육,2026-08-09,888,7
T025,KR,ko,참교육,2026-06-14,13233,7
T025,KR,ko,참교육,2026-09-06,321,7
T025,KR,ko,참교육,2026-09-20,278,7
T025,KR,ko,참교육,2026-06-21,4726,7
T025,KR,ko,참교육,2026-08-16,2099,7
T025,KR,ko,참교육,2026-09-13,272,7
T025,KR,ko,참교육,2026-08-02,780,7
T025,KR,ko,참교육,2026-08-30,367,7
T260,KR,ko,쿼런틴 2: 터미널,2026-08-09,14,7
T260,KR,ko,쿼런틴 2: 터미널,2026-09-13,17,7
T260,KR,ko,쿼런틴 2: 터미널,2026-09-06,15,7
T260,KR,ko,쿼런틴 2: 터미널,2026-08-30,22,7
T260,KR,ko,쿼런틴 2: 터미널,2026-06-28,9,7
T260,KR,ko,쿼런틴 2: 터미널,2026-08-23,29,7
T260,KR,ko,쿼런틴 2: 터미널,2026-07-05,7,7
T260,KR,ko,쿼런틴 2: 터미널,2026-08-02,60,7
T260,KR,ko,쿼런틴 2: 터미널,2026-09-20,13,7
T260,KR,ko,쿼런틴 2: 터미널,2026-07-12,6,7
T260,KR,ko,쿼런틴 2: 터미널,2026-07-26,139,7
T260,KR,ko,쿼런틴 2: 터미널,2026-07-19,105,7
T260,KR,ko,쿼런틴 2: 터미널,2026-06-14,5,7
T260,KR,ko,쿼런틴 2: 터미널,2026-06-07,9,7
T260,KR,ko,쿼런틴 2: 터미널,2026-06-21,6,7
T260,KR,ko,쿼런틴 2: 터미널,2026-08-16,20,7
T338,KR,ko,크레이들 투 그레이브,2026-09-06,16,7
T338,KR,ko,크레이들 투 그레이브,2026-08-02,2,7
T338,KR,ko,크레이들 투 그레이브,2026-08-30,104,7
T338,KR,ko,크레이들 투 그레이브,2026-09-13,11,7
T338,KR,ko,크레이들 투 그레이브,2026-06-14,5,7
T338,KR,ko,크레이들 투 그레이브,2026-07-19,3,7
T338,KR,ko,크레이들 투 그레이브,2026-08-16,8,7
T338,KR,ko,크레이들 투 그레이브,2026-06-28,3,7
T338,KR,ko,크레이들 투 그레이브,2026-09-20,10,7
T338,KR,ko,크레이들 투 그레이브,2026-06-07,3,7
T338,KR,ko,크레이들 투 그레이브,2026-07-26,2,7
T338,KR,ko,크레이들 투 그레이브,2026-07-05,6,7
T338,KR,ko,크레이들 투 그레이브,2026-07-12,2,7
T338,KR,ko,크레이들 투 그레이브,2026-08-09,5,7
T338,KR,ko,크레이들 투 그레이브,2026-06-21,2,7
T338,KR,ko,크레이들 투 그레이브,2026-08-23,97,7
T192,KR,ko,트로이 (영화),2026-08-02,392,7
T192,KR,ko,트로이 (영화),2026-08-16,3038,7
T192,KR,ko,트로이 (영화),2026-06-21,46,7
T192,KR,ko,트로이 (영화),2026-08-09,2700,7
T192,KR,ko,트로이 (영화),2026-09-20,629,7
T192,KR,ko,트로이 (영화),2026-07-05,55,7
T192,KR,ko,트로이 (영화),2026-07-19,149,7
T192,KR,ko,트로이 (영화),2026-08-23,3102,7
T192,KR,ko,트로이 (영화),2026-09-06,1031,7
T192,KR,ko,트로이 (영화),2026-07-12,89,7
T192,KR,ko,트로이 (영화),2026-06-07,48,7
T192,KR,ko,트로이 (영화),2026-07-26,235,7
T192,KR,ko,트로이 (영화),2026-09-13,879,7
T192,KR,ko,트로이 (영화),2026-06-28,34,7
T192,KR,ko,트로이 (영화),2026-06-14,57,7
T192,KR,ko,트로이 (영화),2026-08-30,1508,7
T309,KR,ko,"틈만나면,",2026-08-23,303,7
T309,KR,ko,"틈만나면,",2026-07-26,169,7
T309,KR,ko,"틈만나면,",2026-09-20,375,7
T309,KR,ko,"틈만나면,",2026-08-16,387,7
T309,KR,ko,"틈만나면,",2026-08-02,398,7
T309,KR,ko,"틈만나면,",2026-07-05,161,7
T309,KR,ko,"틈만나면,",2026-07-19,207,7
T309,KR,ko,"틈만나면,",2026-06-21,175,7
T309,KR,ko,"틈만나면,",2026-07-12,133,7
T309,KR,ko,"틈만나면,",2026-06-07,120,7
T309,KR,ko,"틈만나면,",2026-06-14,153,7
T309,KR,ko,"틈만나면,",2026-08-09,585,7
T309,KR,ko,"틈만나면,",2026-08-30,297,7
T309,KR,ko,"틈만나면,",2026-06-28,157,7
T309,KR,ko,"틈만나면,",2026-09-06,416,7
T309,KR,ko,"틈만나면,",2026-09-13,370,7
T132,KR,ko,포핸즈,2026-08-02,0,7
T132,KR,ko,포핸즈,2026-09-06,0,7
T132,KR,ko,포핸즈,2026-08-23,0,7
T132,KR,ko,포핸즈,2026-07-12,0,7
T132,KR,ko,포핸즈,2026-06-28,0,7
T132,KR,ko,포핸즈,2026-09-13,0,7
T132,KR,ko,포핸즈,2026-07-05,0,7
T132,KR,ko,포핸즈,2026-08-09,0,7
T132,KR,ko,포핸즈,2026-06-07,0,7
T132,KR,ko,포핸즈,2026-07-19,0,7
T132,KR,ko,포핸즈,2026-08-16,0,7
T132,KR,ko,포핸즈,2026-08-30,0,7
T132,KR,ko,포핸즈,2026-06-14,0,7
T132,KR,ko,포핸즈,2026-06-21,0,7
T132,KR,ko,포핸즈,2026-07-26,0,7
T132,KR,ko,포핸즈,2026-09-20,0,7
T066,KR,ko,하드코: 라스트 미션,2026-09-20,9,7
T066,KR,ko,하드코: 라스트 미션,2026-07-12,0,7
T066,KR,ko,하드코: 라스트 미션,2026-09-06,166,7
T066,KR,ko,하드코: 라스트 미션,2026-07-26,22,7
T066,KR,ko,하드코: 라스트 미션,2026-07-19,2,7
T066,KR,ko,하드코: 라스트 미션,2026-09-13,40,7
T066,KR,ko,하드코: 라스트 미션,2026-06-14,2,7
T066,KR,ko,하드코: 라스트 미션,2026-06-28,25,7
T066,KR,ko,하드코: 라스트 미션,2026-07-05,0,7
T066,KR,ko,하드코: 라스트 미션,2026-06-21,0,7
T066,KR,ko,하드코: 라스트 미션,2026-08-16,1,7
T066,KR,ko,하드코: 라스트 미션,2026-08-30,32,7
T066,KR,ko,하드코: 라스트 미션,2026-08-02,1,7
T066,KR,ko,하드코: 라스트 미션,2026-06-07,0,7
T066,KR,ko,하드코: 라스트 미션,2026-08-23,3,7
T066,KR,ko,하드코: 라스트 미션,2026-08-09,0,7
T361,KR,ko,회사원 (영화),2026-08-23,17,7
T361,KR,ko,회사원 (영화),2026-07-12,116,7
T361,KR,ko,회사원 (영화),2026-08-02,68,7
T361,KR,ko,회사원 (영화),2026-08-30,7,7
T361,KR,ko,회사원 (영화),2026-09-06,19,7
T361,KR,ko,회사원 (영화),2026-07-26,66,7
T361,KR,ko,회사원 (영화),2026-07-19,93,7
T361,KR,ko,회사원 (영화),2026-09-20,20,7
T361,KR,ko,회사원 (영화),2026-07-05,85,7
T361,KR,ko,회사원 (영화),2026-06-14,7,7
T361,KR,ko,회사원 (영화),2026-08-16,37,7
T361,KR,ko,회사원 (영화),2026-09-13,39,7
T361,KR,ko,회사원 (영화),2026-08-09,33,7
T361,KR,ko,회사원 (영화),2026-06-07,19,7
T361,KR,ko,회사원 (영화),2026-06-28,58,7
T361,KR,ko,회사원 (영화),2026-06-21,2,7
T053,BR,pt,A Casa Mágica da Gabby,2026-08-30,89,7
T053,BR,pt,A Casa Mágica da Gabby,2026-07-19,59,7
T053,BR,pt,A Casa Mágica da Gabby,2026-09-20,190,7
T053,BR,pt,A Casa Mágica da Gabby,2026-06-28,55,7
T053,BR,pt,A Casa Mágica da Gabby,2026-08-09,92,7
T053,BR,pt,A Casa Mágica da Gabby,2026-06-07,69,7
T053,BR,pt,A Casa Mágica da Gabby,2026-08-23,86,7
T053,BR,pt,A Casa Mágica da Gabby,2026-07-26,70,7
T053,BR,pt,A Casa Mágica da Gabby,2026-07-12,72,7
T053,BR,pt,A Casa Mágica da Gabby,2026-06-14,56,7
T053,BR,pt,A Casa Mágica da Gabby,2026-09-06,107,7
T053,BR,pt,A Casa Mágica da Gabby,2026-08-02,99,7
T053,BR,pt,A Casa Mágica da Gabby,2026-08-16,62,7
T053,BR,pt,A Casa Mágica da Gabby,2026-07-05,56,7
T053,BR,pt,A Casa Mágica da Gabby,2026-09-13,119,7
T053,BR,pt,A Casa Mágica da Gabby,2026-06-21,45,7
T296,BR,pt,A Cinderella Story,2026-08-09,109,7
T296,BR,pt,A Cinderella Story,2026-06-21,82,7
T296,BR,pt,A Cinderella Story,2026-09-13,293,7
T296,BR,pt,A Cinderella Story,2026-07-26,94,7
T296,BR,pt,A Cinderella Story,2026-06-07,78,7
T296,BR,pt,A Cinderella Story,2026-07-05,91,7
T296,BR,pt,A Cinderella Story,2026-08-30,266,7
T296,BR,pt,A Cinderella Story,2026-07-12,120,7
T296,BR,pt,A Cinderella Story,2026-07-19,102,7
T296,BR,pt,A Cinderella Story,2026-06-28,92,7
T296,BR,pt,A Cinderella Story,2026-09-06,190,7
T296,BR,pt,A Cinderella Story,2026-09-20,158,7
T296,BR,pt,A Cinderella Story,2026-08-23,441,7
T296,BR,pt,A Cinderella Story,2026-06-14,82,7
T296,BR,pt,A Cinderella Story,2026-08-02,138,7
T296,BR,pt,A Cinderella Story,2026-08-16,184,7
T002,BR,pt,A Última Casa (2026),2026-08-16,373,7
T002,BR,pt,A Última Casa (2026),2026-07-12,0,7
T002,BR,pt,A Última Casa (2026),2026-08-02,0,7
T002,BR,pt,A Última Casa (2026),2026-06-21,0,7
T002,BR,pt,A Última Casa (2026),2026-09-06,747,7
T002,BR,pt,A Última Casa (2026),2026-07-26,3,7
T002,BR,pt,A Última Casa (2026),2026-07-19,71,7
T002,BR,pt,A Última Casa (2026),2026-09-20,261,7
T002,BR,pt,A Última Casa (2026),2026-06-28,0,7
T002,BR,pt,A Última Casa (2026),2026-08-30,910,7
T002,BR,pt,A Última Casa (2026),2026-09-13,673,7
T002,BR,pt,A Última Casa (2026),2026-08-09,0,7
T002,BR,pt,A Última Casa (2026),2026-08-23,936,7
T002,BR,pt,A Última Casa (2026),2026-06-14,0,7
T002,BR,pt,A Última Casa (2026),2026-07-05,0,7
T002,BR,pt,A Última Casa (2026),2026-06-07,0,7
T008,BR,pt,Anacondas: Trail of Blood,2026-07-19,6,7
T008,BR,pt,Anacondas: Trail of Blood,2026-08-23,30,7
T008,BR,pt,Anacondas: Trail of Blood,2026-09-13,31,7
T008,BR,pt,Anacondas: Trail of Blood,2026-07-12,9,7
T008,BR,pt,Anacondas: Trail of Blood,2026-09-06,50,7
T008,BR,pt,Anacondas: Trail of Blood,2026-09-20,25,7
T008,BR,pt,Anacondas: Trail of Blood,2026-06-14,13,7
T008,BR,pt,Anacondas: Trail of Blood,2026-08-16,28,7
T008,BR,pt,Anacondas: Trail of Blood,2026-07-26,21,7
T008,BR,pt,Anacondas: Trail of Blood,2026-08-09,21,7
T008,BR,pt,Anacondas: Trail of Blood,2026-06-28,17,7
T008,BR,pt,Anacondas: Trail of Blood,2026-08-02,18,7
T008,BR,pt,Anacondas: Trail of Blood,2026-08-30,5,7
T008,BR,pt,Anacondas: Trail of Blood,2026-06-21,14,7
T008,BR,pt,Anacondas: Trail of Blood,2026-06-07,15,7
T008,BR,pt,Anacondas: Trail of Blood,2026-07-05,13,7
T024,BR,pt,Avatar: The Last Airbender (série de televisão),2026-08-30,0,7
T024,BR,pt,Avatar: The Last Airbender (série de televisão),2026-06-07,0,7
T024,BR,pt,Avatar: The Last Airbender (série de televisão),2026-09-13,0,7
T024,BR,pt,Avatar: The Last Airbender (série de televisão),2026-07-12,0,7
T024,BR,pt,Avatar: The Last Airbender (série de televisão),2026-07-19,0,7
T024,BR,pt,Avatar: The Last Airbender (série de televisão),2026-08-09,0,7
T024,BR,pt,Avatar: The Last Airbender (série de televisão),2026-09-20,0,7
T024,BR,pt,Avatar: The Last Airbender (série de televisão),2026-06-28,0,7
T024,BR,pt,Avatar: The Last Airbender (série de televisão),2026-07-26,0,7
T024,BR,pt,Avatar: The Last Airbender (série de televisão),2026-07-05,0,7
T024,BR,pt,Avatar: The Last Airbender (série de televisão),2026-08-02,0,7
T024,BR,pt,Avatar: The Last Airbender (série de televisão),2026-08-16,0,7
T024,BR,pt,Avatar: The Last Airbender (série de televisão),2026-08-23,0,7
T024,BR,pt,Avatar: The Last Airbender (série de televisão),2026-06-21,0,7
T024,BR,pt,Avatar: The Last Airbender (série de televisão),2026-09-06,0,7
T024,BR,pt,Avatar: The Last Airbender (série de televisão),2026-06-14,0,7
T362,BR,pt,Barbie and the Nutcracker,2026-08-23,44,7
T362,BR,pt,Barbie and the Nutcracker,2026-06-14,28,7
T362,BR,pt,Barbie and the Nutcracker,2026-07-19,34,7
T362,BR,pt,Barbie and the Nutcracker,2026-09-20,117,7
T362,BR,pt,Barbie and the Nutcracker,2026-06-07,21,7
T362,BR,pt,Barbie and the Nutcracker,2026-07-12,25,7
T362,BR,pt,Barbie and the Nutcracker,2026-06-21,23,7
T362,BR,pt,Barbie and the Nutcracker,2026-08-16,28,7
T362,BR,pt,Barbie and the Nutcracker,2026-07-05,31,7
T362,BR,pt,Barbie and the Nutcracker,2026-06-28,24,7
T362,BR,pt,Barbie and the Nutcracker,2026-08-09,33,7
T362,BR,pt,Barbie and the Nutcracker,2026-08-30,44,7
T362,BR,pt,Barbie and the Nutcracker,2026-08-02,43,7
T362,BR,pt,Barbie and the Nutcracker,2026-07-26,37,7
T362,BR,pt,Barbie and the Nutcracker,2026-09-06,39,7
T362,BR,pt,Barbie and the Nutcracker,2026-09-13,53,7
T214,BR,pt,Bee Movie,2026-07-19,86,7
T214,BR,pt,Bee Movie,2026-06-07,90,7
T214,BR,pt,Bee Movie,2026-08-16,95,7
T214,BR,pt,Bee Movie,2026-07-05,91,7
T214,BR,pt,Bee Movie,2026-08-23,122,7
T214,BR,pt,Bee Movie,2026-06-21,97,7
T214,BR,pt,Bee Movie,2026-09-13,178,7
T214,BR,pt,Bee Movie,2026-09-20,160,7
T214,BR,pt,Bee Movie,2026-06-14,95,7
T214,BR,pt,Bee Movie,2026-07-26,81,7
T214,BR,pt,Bee Movie,2026-09-06,159,7
T214,BR,pt,Bee Movie,2026-08-30,130,7
T214,BR,pt,Bee Movie,2026-08-09,120,7
T214,BR,pt,Bee Movie,2026-08-02,130,7
T214,BR,pt,Bee Movie,2026-06-28,103,7
T214,BR,pt,Bee Movie,2026-07-12,105,7
T337,BR,pt,Collateral Damage,2026-09-13,75,7
T337,BR,pt,Collateral Damage,2026-07-12,38,7
T337,BR,pt,Collateral Damage,2026-06-14,45,7
T337,BR,pt,Collateral Damage,2026-07-19,52,7
T337,BR,pt,Collateral Damage,2026-06-07,82,7
T337,BR,pt,Collateral Damage,2026-06-28,34,7
T337,BR,pt,Collateral Damage,2026-08-09,79,7
T337,BR,pt,Collateral Damage,2026-09-06,72,7
T337,BR,pt,Collateral Damage,2026-09-20,80,7
T337,BR,pt,Collateral Damage,2026-08-02,75,7
T337,BR,pt,Collateral Damage,2026-07-26,111,7
T337,BR,pt,Collateral Damage,2026-08-30,221,7
T337,BR,pt,Collateral Damage,2026-07-05,45,7
T337,BR,pt,Collateral Damage,2026-08-16,56,7
T337,BR,pt,Collateral Damage,2026-08-23,183,7
T337,BR,pt,Collateral Damage,2026-06-21,29,7
T100,BR,pt,Companion,2026-06-28,174,7
T100,BR,pt,Companion,2026-08-09,320,7
T100,BR,pt,Companion,2026-08-16,278,7
T100,BR,pt,Companion,2026-09-20,217,7
T100,BR,pt,Companion,2026-08-23,245,7
T100,BR,pt,Companion,2026-09-06,210,7
T100,BR,pt,Companion,2026-08-02,428,7
T100,BR,pt,Companion,2026-06-21,152,7
T100,BR,pt,Companion,2026-07-26,842,7
T100,BR,pt,Companion,2026-09-13,221,7
T100,BR,pt,Companion,2026-08-30,253,7
T100,BR,pt,Companion,2026-06-07,145,7
T100,BR,pt,Companion,2026-07-12,149,7
T100,BR,pt,Companion,2026-07-05,156,7
T100,BR,pt,Companion,2026-07-19,233,7
T100,BR,pt,Companion,2026-06-14,172,7
T079,BR,pt,Despicable Me 4,2026-06-21,129,7
T079,BR,pt,Despicable Me 4,2026-07-26,213,7
T079,BR,pt,Despicable Me 4,2026-06-07,161,7
T079,BR,pt,Despicable Me 4,2026-06-14,117,7
T079,BR,pt,Despicable Me 4,2026-09-06,205,7
T079,BR,pt,Despicable Me 4,2026-09-13,161,7
T079,BR,pt,Despicable Me 4,2026-07-05,273,7
T079,BR,pt,Despicable Me 4,2026-08-16,177,7
T079,BR,pt,Despicable Me 4,2026-09-20,121,7
T079,BR,pt,Despicable Me 4,2026-07-19,201,7
T079,BR,pt,Despicable Me 4,2026-08-30,155,7
T079,BR,pt,Despicable Me 4,2026-08-23,181,7
T079,BR,pt,Despicable Me 4,2026-08-02,203,7
T079,BR,pt,Despicable Me 4,2026-06-28,146,7
T079,BR,pt,Despicable Me 4,2026-07-12,241,7
T079,BR,pt,Despicable Me 4,2026-08-09,202,7
T207,BR,pt,Elize Matsunaga: Era Uma Vez um Crime,2026-06-14,78,7
T207,BR,pt,Elize Matsunaga: Era Uma Vez um Crime,2026-07-05,250,7
T207,BR,pt,Elize Matsunaga: Era Uma Vez um Crime,2026-07-26,2692,7
T207,BR,pt,Elize Matsunaga: Era Uma Vez um Crime,2026-06-28,190,7
T207,BR,pt,Elize Matsunaga: Era Uma Vez um Crime,2026-06-07,64,7
T207,BR,pt,Elize Matsunaga: Era Uma Vez um Crime,2026-06-21,58,7
T207,BR,pt,Elize Matsunaga: Era Uma Vez um Crime,2026-08-16,1210,7
T207,BR,pt,Elize Matsunaga: Era Uma Vez um Crime,2026-08-30,341,7
T207,BR,pt,Elize Matsunaga: Era Uma Vez um Crime,2026-08-23,503,7
T207,BR,pt,Elize Matsunaga: Era Uma Vez um Crime,2026-08-09,3175,7
T207,BR,pt,Elize Matsunaga: Era Uma Vez um Crime,2026-09-20,190,7
T207,BR,pt,Elize Matsunaga: Era Uma Vez um Crime,2026-09-13,222,7
T207,BR,pt,Elize Matsunaga: Era Uma Vez um Crime,2026-08-02,3605,7
T207,BR,pt,Elize Matsunaga: Era Uma Vez um Crime,2026-07-19,130,7
T207,BR,pt,Elize Matsunaga: Era Uma Vez um Crime,2026-07-12,263,7
T207,BR,pt,Elize Matsunaga: Era Uma Vez um Crime,2026-09-06,260,7
T004,BR,pt,Elize: Sombras de uma Mulher,2026-09-20,490,7
T004,BR,pt,Elize: Sombras de uma Mulher,2026-08-16,3371,7
T004,BR,pt,Elize: Sombras de uma Mulher,2026-07-26,10848,7
T004,BR,pt,Elize: Sombras de uma Mulher,2026-08-30,866,7
T004,BR,pt,Elize: Sombras de uma Mulher,2026-09-13,707,7
T004,BR,pt,Elize: Sombras de uma Mulher,2026-06-07,0,7
T004,BR,pt,Elize: Sombras de uma Mulher,2026-09-06,788,7
T004,BR,pt,Elize: Sombras de uma Mulher,2026-06-14,0,7
T004,BR,pt,Elize: Sombras de uma Mulher,2026-07-19,261,7
T004,BR,pt,Elize: Sombras de uma Mulher,2026-08-02,12596,7
T004,BR,pt,Elize: Sombras de uma Mulher,2026-08-23,1773,7
T004,BR,pt,Elize: Sombras de uma Mulher,2026-07-12,379,7
T004,BR,pt,Elize: Sombras de uma Mulher,2026-06-28,0,7
T004,BR,pt,Elize: Sombras de uma Mulher,2026-08-09,4429,7
T004,BR,pt,Elize: Sombras de uma Mulher,2026-06-21,0,7
T004,BR,pt,Elize: Sombras de uma Mulher,2026-07-05,0,7
T153,BR,pt,Elser – Er hätte die Welt verändert,2026-08-09,3,7
T153,BR,pt,Elser – Er hätte die Welt verändert,2026-08-16,3,7
T153,BR,pt,Elser – Er hätte die Welt verändert,2026-06-07,0,7
T153,BR,pt,Elser – Er hätte die Welt verändert,2026-06-21,0,7
T153,BR,pt,Elser – Er hätte die Welt verändert,2026-08-23,7,7
T153,BR,pt,Elser – Er hätte die Welt verändert,2026-06-28,1,7
T153,BR,pt,Elser – Er hätte die Welt verändert,2026-07-19,4,7
T153,BR,pt,Elser – Er hätte die Welt verändert,2026-09-20,5,7
T153,BR,pt,Elser – Er hätte die Welt verändert,2026-07-05,0,7
T153,BR,pt,Elser – Er hätte die Welt verändert,2026-08-30,2,7
T153,BR,pt,Elser – Er hätte die Welt verändert,2026-09-06,4,7
T153,BR,pt,Elser – Er hätte die Welt verändert,2026-09-13,1,7
T153,BR,pt,Elser – Er hätte die Welt verändert,2026-07-26,2,7
T153,BR,pt,Elser – Er hätte die Welt verändert,2026-06-14,3,7
T153,BR,pt,Elser – Er hätte die Welt verändert,2026-07-12,2,7
T153,BR,pt,Elser – Er hätte die Welt verändert,2026-08-02,3,7
T036,BR,pt,Homem-Aranha: Longe de Casa,2026-07-12,461,7
T036,BR,pt,Homem-Aranha: Longe de Casa,2026-07-19,580,7
T036,BR,pt,Homem-Aranha: Longe de Casa,2026-09-06,869,7
T036,BR,pt,Homem-Aranha: Longe de Casa,2026-07-26,1549,7
T036,BR,pt,Homem-Aranha: Longe de Casa,2026-08-23,2519,7
T036,BR,pt,Homem-Aranha: Longe de Casa,2026-06-28,378,7
T036,BR,pt,Homem-Aranha: Longe de Casa,2026-08-09,6795,7
T036,BR,pt,Homem-Aranha: Longe de Casa,2026-06-07,366,7
T036,BR,pt,Homem-Aranha: Longe de Casa,2026-06-14,245,7
T036,BR,pt,Homem-Aranha: Longe de Casa,2026-08-30,1468,7
T036,BR,pt,Homem-Aranha: Longe de Casa,2026-09-20,503,7
T036,BR,pt,Homem-Aranha: Longe de Casa,2026-09-13,948,7
T036,BR,pt,Homem-Aranha: Longe de Casa,2026-07-05,376,7
T036,BR,pt,Homem-Aranha: Longe de Casa,2026-08-16,4323,7
T036,BR,pt,Homem-Aranha: Longe de Casa,2026-06-21,348,7
T036,BR,pt,Homem-Aranha: Longe de Casa,2026-08-02,7302,7
T216,BR,pt,Killer Elite,2026-06-14,36,7
T216,BR,pt,Killer Elite,2026-06-07,39,7
T216,BR,pt,Killer Elite,2026-08-30,54,7
T216,BR,pt,Killer Elite,2026-08-09,73,7
T216,BR,pt,Killer Elite,2026-08-16,46,7
T216,BR,pt,Killer Elite,2026-07-05,38,7
T216,BR,pt,Killer Elite,2026-07-26,62,7
T216,BR,pt,Killer Elite,2026-07-19,113,7
T216,BR,pt,Killer Elite,2026-09-13,58,7
T216,BR,pt,Killer Elite,2026-06-21,20,7
T216,BR,pt,Killer Elite,2026-07-12,91,7
T216,BR,pt,Killer Elite,2026-09-20,55,7
T216,BR,pt,Killer Elite,2026-06-28,11,7
T216,BR,pt,Killer Elite,2026-09-06,50,7
T216,BR,pt,Killer Elite,2026-08-23,40,7
T216,BR,pt,Killer Elite,2026-08-02,68,7
T090,BR,pt,Meg 2: The Trench,2026-08-30,62,7
T090,BR,pt,Meg 2: The Trench,2026-07-05,39,7
T090,BR,pt,Meg 2: The Trench,2026-06-28,49,7
T090,BR,pt,Meg 2: The Trench,2026-06-21,45,7
T090,BR,pt,Meg 2: The Trench,2026-07-26,104,7
T090,BR,pt,Meg 2: The Trench,2026-06-14,41,7
T090,BR,pt,Meg 2: The Trench,2026-09-20,67,7
T090,BR,pt,Meg 2: The Trench,2026-06-07,45,7
T090,BR,pt,Meg 2: The Trench,2026-08-09,65,7
T090,BR,pt,Meg 2: The Trench,2026-09-13,71,7
T090,BR,pt,Meg 2: The Trench,2026-08-02,114,7
T090,BR,pt,Meg 2: The Trench,2026-08-23,51,7
T090,BR,pt,Meg 2: The Trench,2026-09-06,333,7
T090,BR,pt,Meg 2: The Trench,2026-07-12,118,7
T090,BR,pt,Meg 2: The Trench,2026-08-16,66,7
T090,BR,pt,Meg 2: The Trench,2026-07-19,145,7
T284,BR,pt,Mickey 17,2026-09-13,122,7
T284,BR,pt,Mickey 17,2026-07-19,215,7
T284,BR,pt,Mickey 17,2026-08-16,110,7
T284,BR,pt,Mickey 17,2026-06-21,124,7
T284,BR,pt,Mickey 17,2026-06-07,208,7
T284,BR,pt,Mickey 17,2026-06-28,139,7
T284,BR,pt,Mickey 17,2026-08-23,114,7
T284,BR,pt,Mickey 17,2026-07-05,135,7
T284,BR,pt,Mickey 17,2026-09-06,136,7
T284,BR,pt,Mickey 17,2026-08-09,150,7
T284,BR,pt,Mickey 17,2026-09-20,77,7
T284,BR,pt,Mickey 17,2026-08-02,211,7
T284,BR,pt,Mickey 17,2026-07-26,250,7
T284,BR,pt,Mickey 17,2026-07-12,184,7
T284,BR,pt,Mickey 17,2026-08-30,176,7
T284,BR,pt,Mickey 17,2026-06-14,160,7
T050,BR,pt,Monster: The Lizzie Borden Story,2026-07-26,99,7
T050,BR,pt,Monster: The Lizzie Borden Story,2026-09-06,246,7
T050,BR,pt,Monster: The Lizzie Borden Story,2026-09-13,288,7
T050,BR,pt,Monster: The Lizzie Borden Story,2026-06-14,65,7
T050,BR,pt,Monster: The Lizzie Borden Story,2026-08-16,360,7
T050,BR,pt,Monster: The Lizzie Borden Story,2026-07-19,111,7
T050,BR,pt,Monster: The Lizzie Borden Story,2026-09-20,7282,7
T050,BR,pt,Monster: The Lizzie Borden Story,2026-08-09,911,7
T050,BR,pt,Monster: The Lizzie Borden Story,2026-08-23,480,7
T050,BR,pt,Monster: The Lizzie Borden Story,2026-06-28,64,7
T050,BR,pt,Monster: The Lizzie Borden Story,2026-07-12,98,7
T050,BR,pt,Monster: The Lizzie Borden Story,2026-08-30,206,7
T050,BR,pt,Monster: The Lizzie Borden Story,2026-06-07,65,7
T050,BR,pt,Monster: The Lizzie Borden Story,2026-06-21,60,7
T050,BR,pt,Monster: The Lizzie Borden Story,2026-08-02,96,7
T050,BR,pt,Monster: The Lizzie Borden Story,2026-07-05,73,7
T302,BR,pt,Monsters vs. Aliens,2026-08-02,334,7
T302,BR,pt,Monsters vs. Aliens,2026-08-09,288,7
T302,BR,pt,Monsters vs. Aliens,2026-06-07,173,7
T302,BR,pt,Monsters vs. Aliens,2026-08-30,237,7
T302,BR,pt,Monsters vs. Aliens,2026-07-12,160,7
T302,BR,pt,Monsters vs. Aliens,2026-06-21,149,7
T302,BR,pt,Monsters vs. Aliens,2026-08-23,199,7
T302,BR,pt,Monsters vs. Aliens,2026-09-06,234,7
T302,BR,pt,Monsters vs. Aliens,2026-07-19,187,7
T302,BR,pt,Monsters vs. Aliens,2026-09-20,236,7
T302,BR,pt,Monsters vs. Aliens,2026-07-26,343,7
T302,BR,pt,Monsters vs. Aliens,2026-06-14,156,7
T302,BR,pt,Monsters vs. Aliens,2026-08-16,247,7
T302,BR,pt,Monsters vs. Aliens,2026-06-28,166,7
T302,BR,pt,Monsters vs. Aliens,2026-09-13,223,7
T302,BR,pt,Monsters vs. Aliens,2026-07-05,185,7
T017,BR,pt,My Life with the Walter Boys,2026-09-20,86,7
T017,BR,pt,My Life with the Walter Boys,2026-09-13,163,7
T017,BR,pt,My Life with the Walter Boys,2026-08-16,949,7
T017,BR,pt,My Life with the Walter Boys,2026-07-26,124,7
T017,BR,pt,My Life with the Walter Boys,2026-07-12,72,7
T017,BR,pt,My Life with the Walter Boys,2026-07-19,129,7
T017,BR,pt,My Life with the Walter Boys,2026-06-21,64,7
T017,BR,pt,My Life with the Walter Boys,2026-07-05,74,7
T017,BR,pt,My Life with the Walter Boys,2026-08-30,316,7
T017,BR,pt,My Life with the Walter Boys,2026-06-14,60,7
T017,BR,pt,My Life with the Walter Boys,2026-06-28,110,7
T017,BR,pt,My Life with the Walter Boys,2026-06-07,73,7
T017,BR,pt,My Life with the Walter Boys,2026-09-06,197,7
T017,BR,pt,My Life with the Walter Boys,2026-08-09,860,7
T017,BR,pt,My Life with the Walter Boys,2026-08-02,142,7
T017,BR,pt,My Life with the Walter Boys,2026-08-23,479,7
T116,BR,pt,O Mentalista,2026-07-26,6314,7
T116,BR,pt,O Mentalista,2026-07-12,5458,7
T116,BR,pt,O Mentalista,2026-08-30,6753,7
T116,BR,pt,O Mentalista,2026-06-07,3177,7
T116,BR,pt,O Mentalista,2026-07-05,3517,7
T116,BR,pt,O Mentalista,2026-07-19,5384,7
T116,BR,pt,O Mentalista,2026-08-09,6782,7
T116,BR,pt,O Mentalista,2026-09-20,5775,7
T116,BR,pt,O Mentalista,2026-08-02,7140,7
T116,BR,pt,O Mentalista,2026-09-13,7398,7
T116,BR,pt,O Mentalista,2026-06-21,2650,7
T116,BR,pt,O Mentalista,2026-08-16,6416,7
T116,BR,pt,O Mentalista,2026-09-06,6419,7
T116,BR,pt,O Mentalista,2026-06-14,2828,7
T116,BR,pt,O Mentalista,2026-06-28,2929,7
T116,BR,pt,O Mentalista,2026-08-23,5817,7
T020,BR,pt,Outer Banks (série de televisão),2026-09-20,347,7
T020,BR,pt,Outer Banks (série de televisão),2026-09-06,1048,7
T020,BR,pt,Outer Banks (série de televisão),2026-06-07,203,7
T020,BR,pt,Outer Banks (série de televisão),2026-09-13,788,7
T020,BR,pt,Outer Banks (série de televisão),2026-06-14,179,7
T020,BR,pt,Outer Banks (série de televisão),2026-07-05,193,7
T020,BR,pt,Outer Banks (série de televisão),2026-06-21,272,7
T020,BR,pt,Outer Banks (série de televisão),2026-06-28,259,7
T020,BR,pt,Outer Banks (série de televisão),2026-07-26,242,7
T020,BR,pt,Outer Banks (série de televisão),2026-07-12,210,7
T020,BR,pt,Outer Banks (série de televisão),2026-08-09,316,7
T020,BR,pt,Outer Banks (série de televisão),2026-08-23,1701,7
T020,BR,pt,Outer Banks (série de televisão),2026-08-30,1657,7
T020,BR,pt,Outer Banks (série de televisão),2026-07-19,252,7
T020,BR,pt,Outer Banks (série de televisão),2026-08-16,395,7
T020,BR,pt,Outer Banks (série de televisão),2026-08-02,384,7
T313,BR,pt,Quinze Dias,2026-06-07,198,7
T313,BR,pt,Quinze Dias,2026-09-20,554,7
T313,BR,pt,Quinze Dias,2026-08-16,472,7
T313,BR,pt,Quinze Dias,2026-08-30,3199,7
T313,BR,pt,Quinze Dias,2026-06-28,798,7
T313,BR,pt,Quinze Dias,2026-08-23,4893,7
T313,BR,pt,Quinze Dias,2026-07-12,332,7
T313,BR,pt,Quinze Dias,2026-07-05,464,7
T313,BR,pt,Quinze Dias,2026-09-06,1303,7
T313,BR,pt,Quinze Dias,2026-09-13,900,7
T313,BR,pt,Quinze Dias,2026-06-14,376,7
T313,BR,pt,Quinze Dias,2026-06-21,894,7
T313,BR,pt,Quinze Dias,2026-07-26,192,7
T313,BR,pt,Quinze Dias,2026-08-09,181,7
T313,BR,pt,Quinze Dias,2026-07-19,355,7
T313,BR,pt,Quinze Dias,2026-08-02,229,7
T241,BR,pt,Rust Creek,2026-06-28,22,7
T241,BR,pt,Rust Creek,2026-08-16,13,7
T241,BR,pt,Rust Creek,2026-06-14,2,7
T241,BR,pt,Rust Creek,2026-07-19,70,7
T241,BR,pt,Rust Creek,2026-08-09,18,7
T241,BR,pt,Rust Creek,2026-07-26,41,7
T241,BR,pt,Rust Creek,2026-07-12,205,7
T241,BR,pt,Rust Creek,2026-09-20,6,7
T241,BR,pt,Rust Creek,2026-08-23,13,7
T241,BR,pt,Rust Creek,2026-06-21,3,7
T241,BR,pt,Rust Creek,2026-09-06,4,7
T241,BR,pt,Rust Creek,2026-08-30,12,7
T241,BR,pt,Rust Creek,2026-06-07,3,7
T241,BR,pt,Rust Creek,2026-08-02,25,7
T241,BR,pt,Rust Creek,2026-09-13,6,7
T241,BR,pt,Rust Creek,2026-07-05,89,7
T045,BR,pt,SEAL Team,2026-09-20,354,7
T045,BR,pt,SEAL Team,2026-07-05,56,7
T045,BR,pt,SEAL Team,2026-08-09,181,7
T045,BR,pt,SEAL Team,2026-06-28,42,7
T045,BR,pt,SEAL Team,2026-08-16,160,7
T045,BR,pt,SEAL Team,2026-09-13,488,7
T045,BR,pt,SEAL Team,2026-07-19,71,7
T045,BR,pt,SEAL Team,2026-06-21,46,7
T045,BR,pt,SEAL Team,2026-08-30,542,7
T045,BR,pt,SEAL Team,2026-08-02,158,7
T045,BR,pt,SEAL Team,2026-09-06,445,7
T045,BR,pt,SEAL Team,2026-07-12,56,7
T045,BR,pt,SEAL Team,2026-06-07,73,7
T045,BR,pt,SEAL Team,2026-06-14,56,7
T045,BR,pt,SEAL Team,2026-07-26,88,7
T045,BR,pt,SEAL Team,2026-08-23,650,7
T139,BR,pt,Shrek,2026-09-20,889,7
T139,BR,pt,Shrek,2026-07-19,730,7
T139,BR,pt,Shrek,2026-06-28,1049,7
T139,BR,pt,Shrek,2026-07-12,773,7
T139,BR,pt,Shrek,2026-08-30,840,7
T139,BR,pt,Shrek,2026-06-14,858,7
T139,BR,pt,Shrek,2026-09-13,948,7
T139,BR,pt,Shrek,2026-07-05,724,7
T139,BR,pt,Shrek,2026-09-06,868,7
T139,BR,pt,Shrek,2026-08-09,770,7
T139,BR,pt,Shrek,2026-07-26,775,7
T139,BR,pt,Shrek,2026-08-23,691,7
T139,BR,pt,Shrek,2026-06-21,1410,7
T139,BR,pt,Shrek,2026-08-02,790,7
T139,BR,pt,Shrek,2026-06-07,1096,7
T139,BR,pt,Shrek,2026-08-16,734,7
T210,BR,pt,Shrek 2,2026-09-13,362,7
T210,BR,pt,Shrek 2,2026-06-21,523,7
T210,BR,pt,Shrek 2,2026-08-23,232,7
T210,BR,pt,Shrek 2,2026-06-28,336,7
T210,BR,pt,Shrek 2,2026-08-09,274,7
T210,BR,pt,Shrek 2,2026-09-20,339,7
T210,BR,pt,Shrek 2,2026-07-26,289,7
T210,BR,pt,Shrek 2,2026-07-12,264,7
T210,BR,pt,Shrek 2,2026-08-30,237,7
T210,BR,pt,Shrek 2,2026-09-06,309,7
T210,BR,pt,Shrek 2,2026-06-14,284,7
T210,BR,pt,Shrek 2,2026-08-02,314,7
T210,BR,pt,Shrek 2,2026-08-16,264,7
T210,BR,pt,Shrek 2,2026-07-05,275,7
T210,BR,pt,Shrek 2,2026-07-19,289,7
T210,BR,pt,Shrek 2,2026-06-07,632,7
T354,BR,pt,Shrek para Sempre,2026-08-30,192,7
T354,BR,pt,Shrek para Sempre,2026-08-09,236,7
T354,BR,pt,Shrek para Sempre,2026-06-14,188,7
T354,BR,pt,Shrek para Sempre,2026-07-12,205,7
T354,BR,pt,Shrek para Sempre,2026-07-26,228,7
T354,BR,pt,Shrek para Sempre,2026-09-20,278,7
T354,BR,pt,Shrek para Sempre,2026-07-19,195,7
T354,BR,pt,Shrek para Sempre,2026-06-07,298,7
T354,BR,pt,Shrek para Sempre,2026-09-06,237,7
T354,BR,pt,Shrek para Sempre,2026-09-13,252,7
T354,BR,pt,Shrek para Sempre,2026-08-16,248,7
T354,BR,pt,Shrek para Sempre,2026-07-05,208,7
T354,BR,pt,Shrek para Sempre,2026-06-28,301,7
T354,BR,pt,Shrek para Sempre,2026-08-02,246,7
T354,BR,pt,Shrek para Sempre,2026-08-23,191,7
T354,BR,pt,Shrek para Sempre,2026-06-21,562,7
T129,BR,pt,Swapped,2026-09-13,128,7
T129,BR,pt,Swapped,2026-09-20,69,7
T129,BR,pt,Swapped,2026-08-02,235,7
T129,BR,pt,Swapped,2026-08-23,127,7
T129,BR,pt,Swapped,2026-08-09,150,7
T129,BR,pt,Swapped,2026-07-26,238,7
T129,BR,pt,Swapped,2026-08-30,146,7
T129,BR,pt,Swapped,2026-07-12,251,7
T129,BR,pt,Swapped,2026-07-19,167,7
T129,BR,pt,Swapped,2026-06-07,666,7
T129,BR,pt,Swapped,2026-06-21,255,7
T129,BR,pt,Swapped,2026-08-16,140,7
T129,BR,pt,Swapped,2026-09-06,127,7
T129,BR,pt,Swapped,2026-06-28,313,7
T129,BR,pt,Swapped,2026-06-14,364,7
T129,BR,pt,Swapped,2026-07-05,205,7
T190,BR,pt,Take Shelter,2026-06-28,11,7
T190,BR,pt,Take Shelter,2026-09-13,71,7
T190,BR,pt,Take Shelter,2026-06-14,11,7
T190,BR,pt,Take Shelter,2026-08-16,234,7
T190,BR,pt,Take Shelter,2026-08-02,696,7
T190,BR,pt,Take Shelter,2026-07-12,13,7
T190,BR,pt,Take Shelter,2026-09-20,66,7
T190,BR,pt,Take Shelter,2026-06-21,14,7
T190,BR,pt,Take Shelter,2026-07-19,21,7
T190,BR,pt,Take Shelter,2026-07-05,20,7
T190,BR,pt,Take Shelter,2026-09-06,59,7
T190,BR,pt,Take Shelter,2026-08-09,426,7
T190,BR,pt,Take Shelter,2026-08-23,80,7
T190,BR,pt,Take Shelter,2026-08-30,69,7
T190,BR,pt,Take Shelter,2026-07-26,182,7
T190,BR,pt,Take Shelter,2026-06-07,13,7
T066,BR,pt,The Hard Corps,2026-08-16,9,7
T066,BR,pt,The Hard Corps,2026-09-06,59,7
T066,BR,pt,The Hard Corps,2026-07-12,3,7
T066,BR,pt,The Hard Corps,2026-06-21,5,7
T066,BR,pt,The Hard Corps,2026-09-20,30,7
T066,BR,pt,The Hard Corps,2026-08-09,6,7
T066,BR,pt,The Hard Corps,2026-06-14,8,7
T066,BR,pt,The Hard Corps,2026-08-02,6,7
T066,BR,pt,The Hard Corps,2026-07-05,2,7
T066,BR,pt,The Hard Corps,2026-07-26,18,7
T066,BR,pt,The Hard Corps,2026-09-13,65,7
T066,BR,pt,The Hard Corps,2026-06-28,3,7
T066,BR,pt,The Hard Corps,2026-06-07,5,7
T066,BR,pt,The Hard Corps,2026-08-23,7,7
T066,BR,pt,The Hard Corps,2026-07-19,10,7
T066,BR,pt,The Hard Corps,2026-08-30,10,7
T003,BR,pt,The Whisper Man,2026-07-05,0,7
T003,BR,pt,The Whisper Man,2026-08-02,0,7
T003,BR,pt,The Whisper Man,2026-07-26,0,7
T003,BR,pt,The Whisper Man,2026-08-16,0,7
T003,BR,pt,The Whisper Man,2026-06-14,0,7
T003,BR,pt,The Whisper Man,2026-07-19,0,7
T003,BR,pt,The Whisper Man,2026-09-20,2545,7
T003,BR,pt,The Whisper Man,2026-07-12,0,7
T003,BR,pt,The Whisper Man,2026-09-13,18371,7
T003,BR,pt,The Whisper Man,2026-06-07,0,7
T003,BR,pt,The Whisper Man,2026-06-28,0,7
T003,BR,pt,The Whisper Man,2026-08-30,1044,7
T003,BR,pt,The Whisper Man,2026-08-09,0,7
T003,BR,pt,The Whisper Man,2026-08-23,0,7
T003,BR,pt,The Whisper Man,2026-06-21,0,7
T003,BR,pt,The Whisper Man,2026-09-06,15828,7
T093,BR,pt,The Wild Robot,2026-07-19,419,7
T093,BR,pt,The Wild Robot,2026-07-05,272,7
T093,BR,pt,The Wild Robot,2026-07-26,405,7
T093,BR,pt,The Wild Robot,2026-08-02,335,7
T093,BR,pt,The Wild Robot,2026-08-30,225,7
T093,BR,pt,The Wild Robot,2026-09-20,189,7
T093,BR,pt,The Wild Robot,2026-07-12,529,7
T093,BR,pt,The Wild Robot,2026-06-07,221,7
T093,BR,pt,The Wild Robot,2026-06-21,163,7
T093,BR,pt,The Wild Robot,2026-08-09,320,7
T093,BR,pt,The Wild Robot,2026-09-13,218,7
T093,BR,pt,The Wild Robot,2026-06-28,235,7
T093,BR,pt,The Wild Robot,2026-08-16,258,7
T093,BR,pt,The Wild Robot,2026-06-14,193,7
T093,BR,pt,The Wild Robot,2026-08-23,284,7
T093,BR,pt,The Wild Robot,2026-09-06,217,7
T250,BR,pt,Um Filme Minecraft,2026-08-30,228,7
T250,BR,pt,Um Filme Minecraft,2026-08-02,208,7
T250,BR,pt,Um Filme Minecraft,2026-07-12,185,7
T250,BR,pt,Um Filme Minecraft,2026-09-13,264,7
T250,BR,pt,Um Filme Minecraft,2026-06-28,333,7
T250,BR,pt,Um Filme Minecraft,2026-08-23,227,7
T250,BR,pt,Um Filme Minecraft,2026-06-14,201,7
T250,BR,pt,Um Filme Minecraft,2026-07-19,178,7
T250,BR,pt,Um Filme Minecraft,2026-07-26,196,7
T250,BR,pt,Um Filme Minecraft,2026-08-16,226,7
T250,BR,pt,Um Filme Minecraft,2026-08-09,215,7
T250,BR,pt,Um Filme Minecraft,2026-07-05,219,7
T250,BR,pt,Um Filme Minecraft,2026-06-07,228,7
T250,BR,pt,Um Filme Minecraft,2026-09-20,316,7
T250,BR,pt,Um Filme Minecraft,2026-09-06,219,7
T250,BR,pt,Um Filme Minecraft,2026-06-21,184,7
T071,BR,pt,What a Girl Wants (filme),2026-09-20,88,7
T071,BR,pt,What a Girl Wants (filme),2026-07-19,54,7
T071,BR,pt,What a Girl Wants (filme),2026-07-05,49,7
T071,BR,pt,What a Girl Wants (filme),2026-09-13,196,7
T071,BR,pt,What a Girl Wants (filme),2026-08-09,102,7
T071,BR,pt,What a Girl Wants (filme),2026-08-02,52,7
T071,BR,pt,What a Girl Wants (filme),2026-06-07,49,7
T071,BR,pt,What a Girl Wants (filme),2026-06-28,70,7
T071,BR,pt,What a Girl Wants (filme),2026-06-14,23,7
T071,BR,pt,What a Girl Wants (filme),2026-08-23,386,7
T071,BR,pt,What a Girl Wants (filme),2026-07-12,54,7
T071,BR,pt,What a Girl Wants (filme),2026-07-26,45,7
T071,BR,pt,What a Girl Wants (filme),2026-08-16,848,7
T071,BR,pt,What a Girl Wants (filme),2026-08-30,227,7
T071,BR,pt,What a Girl Wants (filme),2026-06-21,47,7
T071,BR,pt,What a Girl Wants (filme),2026-09-06,180,7
